customer_id,first_name,last_name,email,phone,city,state,signup_date
1,Ramesh,Mehta,ramesh.mehta1@mail.com,7513893084,Madurai,Tamil Nadu,2025-12-04
2,Kiara,Verma,kiara.verma2@mail.com,8968839832,Salem,Tamil Nadu,2022-02-08
3,Anjali,Gupta,anjali.gupta3@mail.com,8992192846,Mangaluru,Karnataka,2021-06-17
4,Riya,Das,riya.das4@mail.com,9752428978,Udaipur,Rajasthan,2026-01-26
5,Priya,Kumar,priya.kumar5@mail.com,7216746518,Durgapur,West Bengal,2025-11-04
6,Kabir,Singh,kabir.singh6@mail.com,8535981679,rohini,Delhi,2023-06-27
7,Vivaan,Patel,vivaan.patel7@mail.com,8974865366,Jodhpur,Rajasthan,2021-07-02
8,Amit,Verma,amit.verma8@mail.com,7173644143,Udaipur,Rajasthan,2021-06-21
9,Pooja,Das,pooja.das9@mail.com,8308544043,Kolkata,West Bengal,2024-11-06
10,Isha,Gupta,isha.gupta10@mail.com,8006899745,Mangaluru,Karnataka,2024-12-05
11,Aarav,Verma,aarav.verma11@mail.com,7528877986,Durgapur,West Bengal,2022-11-15
12,Diya,Reddy,diya.reddy12@mail.com,7082869182,Howrah,West Bengal,2021-10-16
13,Ishaan,Patel,ishaan.patel13@mail.com,9893227045,New Delhi,Delhi,2026-06-21
14,Krishna,Pillai,krishna.pillai14@mail.com,7757625282,Siliguri,West Bengal,2023-10-03
15,Dev,Reddy,dev.reddy15@mail.com,9605918242,Madurai,Tamil Nadu,2024-05-13
16,Kabir,Pillai,kabir.pillai16@mail.com,8613134389,New Delhi,Delhi,2022-08-02
17,Kiara,Joshi,kiara.joshi17@mail.com,,Rohini,Delhi,2023-05-18
18,Sneha,Verma,sneha.verma18@mail.com,7313855209,Durgapur,West Bengal,2021-03-17
19,Diya,Menon,diya.menon19@mail.com,7992151400,Vadodara,Gujarat,2022-02-04
20,Aadhya,Patel,aadhya.patel20@mail.com,8483577854,Nashik,Maharashtra,2025-06-09
21,Priya,Reddy,priya.reddy21@mail.com,9186217518,Udaipur,Rajasthan,2024-06-26
22,Ishaan,Sharma,ishaan.sharma22@mail.com,8369264972,Salem,Tamil Nadu,2021-07-13
23,Pooja,Kumar,pooja.kumar23@mail.com,8824492677,jodhpur,Rajasthan,2024-05-18
24,Krishna,Chatterjee,krishna.chatterjee24@mail.com,9648826659,Rohini,Delhi,2023-07-05
25,Ishaan,Reddy,ishaan.reddy25@mail.com,9709799580,Pune,Maharashtra,2024-02-03
26,Aadhya,Menon,aadhya.menon26@mail.com,8819758475,Varanasi,Uttar Pradesh,2024-10-20
27,Vihaan,Verma,vihaan.verma27@mail.com,7118120974,Tiruchirapalli,Tamil Nadu,2021-09-29
28,Ramesh,Sharma,,9783280923,Mangaluru,Karnataka,2023-02-13
29,Myra,Reddy,myra.reddy29@mail.com,8855082697,Jaipur,Rajasthan,2023-02-18
30,Aadhya,Joshi,aadhya.joshi30@mail.com,9547486673,Varanasi,Uttar Pradesh,2021-05-03
31,Pooja,Verma,pooja.verma31@mail.com,8294769175,Surat,Gujarat,2023-10-24
32,Neha,Mehta,neha.mehta32@mail.com,8824662506,Dwarka,Delhi,2026-02-23
33,Vivaan,Rao,vivaan.rao33@mail.com,8869378597,Tiruchirapalli,Tamil Nadu,2025-03-23
34,Amit,Singh,amit.singh34,9151290156,Ahmedabad,Gujarat,2024-08-29
35,Rahul,Das,rahul.das35@mail.com,7418782059,Surat,Gujarat,2024-11-01
36,Dev,Verma,,7515250872,KOLKATA,West Bengal,2022-02-18
37,Anjali,Mehta,,7881918177,Hubli,Karnataka,2026-03-24
38,Rohan,Das,,8754435613,Jaipur,Rajasthan,2024-05-25
39,Ramesh,Gupta,ramesh.gupta39@mail.com,7651458916,Howrah,West Bengal,2022-03-16
40,Ishaan,Kumar,ishaan.kumar40@mail.com,7306240464,Ahmedabad,Gujarat,2025-11-02
41,Krishna,Reddy,krishna.reddy41@mail.com,7018926588,Varanasi,Uttar Pradesh,2024-01-14
42,Suresh,Iyer,suresh.iyer42,8059777821,Rajkot,Gujarat,2026-04-14
43,Lakshmi,Joshi,lakshmi.joshi43,7098491459,Hubli,Karnataka,2023-06-12
44,Aarav,Gupta,aarav.gupta44@mail.com,9093459576,Pune,Maharashtra,2022-01-02
45,Kabir,Chatterjee,kabir.chatterjee45@mail.com,7607470870,Ahmedabad,Gujarat,2023-09-13
46,Sneha,Nair,sneha.nair46@mail.com,8466928225,Kota,Rajasthan,2025-01-22
47,Amit,Das,amit.das47@mail.com,9074258117,Salem,Tamil Nadu,2023-06-02
48,Krishna,Verma,krishna.verma48@mail.com,7205077797,Ahmedabad,Gujarat,2021-03-28
49,Riya,Das,riya.das49@mail.com,8928944469,Udaipur,Rajasthan,2022-07-20
50,Aryan,Menon,aryan.menon50@mail.com,9104787990,Rohini,Delhi,2023-01-25
51,Kiara,Mehta,kiara.mehta51@mail.com,7475012172,Tiruchirapalli,Tamil Nadu,2021-03-31
52,Amit,Joshi,amit.joshi52@mail.com,7977346933,Siliguri,West Bengal,2022-03-17
53,Diya,Mehta,diya.mehta53@mail.com,9043027181,kolkata,West Bengal,2022-08-16
54,Ishaan,Rao,ishaan.rao54@mail.com,9312865252,Howrah,West Bengal,2026-06-16
55,Pooja,Das,pooja.das55@mail.com,7502651681,Siliguri,West Bengal,2025-09-03
56,Pooja,Joshi,pooja.joshi56@mail.com,7028486760,Udaipur,Rajasthan,2022-08-02
57,Pooja,Singh,pooja.singh57@mail.com,9447234910,Bengaluru,Karnataka,2025-06-29
58,Ananya,Gupta,ananya.gupta58@mail.com,9401169811,Bengaluru,Karnataka,2023-10-17
59,Arjun,Das,arjun.das59@mail.com,7109745411,Ghaziabad,Uttar Pradesh,2024-10-18
60,Kiara,Joshi,kiara.joshi60@mail.com,7308361909,Aurangabad,Maharashtra,2025-02-06
61,Dev,Joshi,dev.joshi61@mail.com,9582231365,Jaipur,Rajasthan,2026-03-19
62,Aryan,Mehta,aryan.mehta62@mail.com,,Ahmedabad,Gujarat,2025-09-06
63,Riya,Das,riya.das63@mail.com,8079338295,Rohini,Delhi,2021-09-27
64,Priya,Joshi,priya.joshi64@mail.com,8626563521,Surat,Gujarat,2025-08-25
65,Lakshmi,Iyer,lakshmi.iyer65@mail.com,9010382908,Kota,Rajasthan,2021-12-20
66,Vihaan,Menon,vihaan.menon66@mail.com,8733515745,Mysuru,Karnataka,2025-04-26
67,Isha,Rao,isha.rao67@mail.com,7922782579,Ghaziabad,Uttar Pradesh,2024-07-08
68,Divya,Patel,,9626136722,Jaipur,Rajasthan,2024-12-01
69,Pooja,Rao,pooja.rao69@mail.com,7886245440,Tiruchirapalli,Tamil Nadu,2023-02-14
70,Isha,Verma,,9724152948,Noida,Uttar Pradesh,2021-01-15
71,Pooja,Joshi,pooja.joshi71@mail.com,8324720529,Coimbatore,Tamil Nadu,2025-02-08
72,Ramesh,Mehta,ramesh.mehta72@mail.com,7005595699,Mangaluru,Karnataka,2022-03-17
73,Sai,Menon,sai.menon73@mail.com,9139323047,Udaipur,Rajasthan,2021-04-01
74,Aarav,Mehta,aarav.mehta74@mail.com,7012057690,Ahmedabad,Gujarat,2024-07-28
75,Vivaan,Das,vivaan.das75,8600337328,Delhi,Delhi,2024-09-19
76,Vihaan,Iyer,vihaan.iyer76@mail.com,8443313881,Madurai,Tamil Nadu,2023-01-04
77,Myra,Reddy,myra.reddy77@mail.com,8032073981,Nagpur,Maharashtra,2022-03-25
78,Pooja,Iyer,pooja.iyer78@mail.com,,Surat,Gujarat,2022-04-07
79,Anjali,Das,anjali.das79@mail.com,9502823087,Nashik,Maharashtra,2023-08-10
80,Ananya,Patel,ananya.patel80@mail.com,7587191008,Mangaluru,Karnataka,2023-11-10
81,Kiara,Singh,kiara.singh81@mail.com,7046024835,Udaipur,Rajasthan,2026-03-18
82,Aryan,Chatterjee,aryan.chatterjee82@mail.com,8447587260,Aurangabad,Maharashtra,2026-06-21
83,Dev,Pillai,dev.pillai83@mail.com,8031843015,Salem,Tamil Nadu,2026-02-17
84,Myra,Mehta,myra.mehta84@mail.com,7801229470,Lucknow,Uttar Pradesh,2022-04-30
85,Pooja,Kumar,pooja.kumar85@mail.com,7089964777,New Delhi,Delhi,2025-01-20
86,Aryan,Nair,aryan.nair86@mail.com,8743582097,HUBLI,Karnataka,2024-06-17
87,Kiara,Reddy,kiara.reddy87@mail.com,9778333762,Kolhapur,Maharashtra,2021-12-29
88,Vihaan,Reddy,vihaan.reddy88@mail.com,9800930873,Ahmedabad,Gujarat,2022-10-04
89,Priya,Kumar,priya.kumar89@mail.com,8705920871,Rajkot,Gujarat,2023-01-10
90,Kabir,Pillai,kabir.pillai90@mail.com,9057365895,Rohini,Delhi,2023-09-03
91,Sai,Rao,sai.rao91@mail.com,8923521775,Nagpur,Maharashtra,2021-06-21
92,Priya,Chatterjee,priya.chatterjee92@mail.com,9118370738,Durgapur,West Bengal,2025-08-29
93,Krishna,Patel,krishna.patel93@mail.com,8337164661,Mysuru,Karnataka,2023-10-23
94,Kiara,Iyer,kiara.iyer94@mail.com,8627829549,Surat,Gujarat,2021-10-19
95,Suresh,Mehta,,7523674916,Kota,Rajasthan,2025-01-07
96,Priya,Nair,priya.nair96@mail.com,8700266402,Jaipur,Rajasthan,2024-10-05
97,Diya,Nair,diya.nair97@mail.com,7285169672,Howrah,West Bengal,2024-10-14
98,Anjali,Kumar,anjali.kumar98@mail.com,7360153846,Aurangabad,Maharashtra,2021-05-06
99,Divya,Gupta,divya.gupta99@mail.com,9235352949,Durgapur,West Bengal,2023-07-20
100,Aditya,Rao,aditya.rao100@mail.com,7262623575,Lucknow,Uttar Pradesh,2024-08-23
101,Aarav,Kumar,aarav.kumar101@mail.com,8768168183,Coimbatore,Tamil Nadu,2024-10-30
102,Riya,Pillai,riya.pillai102@mail.com,,Mangaluru,Karnataka,2024-10-21
103,Pooja,Kumar,pooja.kumar103@mail.com,7136533740,Rajkot,Gujarat,2024-04-08
104,Rahul,Kumar,rahul.kumar104@mail.com,9265991473,Rohini,Delhi,2022-12-31
105,Riya,Reddy,riya.reddy105@mail.com,8797883576,Udaipur,Rajasthan,2023-11-08
106,Aryan,Das,aryan.das106@mail.com,7007474401,Madurai,Tamil Nadu,2023-06-10
107,Suresh,Mehta,suresh.mehta107@mail.com,7358351150,Ghaziabad,Uttar Pradesh,2021-09-16
108,Aditya,Gupta,aditya.gupta108@mail.com,9786716633,Kolhapur,Maharashtra,2023-01-30
109,Dev,Iyer,dev.iyer109@mail.com,9606164621,Kota,Rajasthan,2023-10-10
110,Diya,Patel,diya.patel110@mail.com,7599198084,Rajkot,Gujarat,2023-02-17
111,Lakshmi,Gupta,lakshmi.gupta111@mail.com,7663117690,Siliguri,West Bengal,2025-06-10
112,Rahul,Patel,rahul.patel112@mail.com,,Rajkot,Gujarat,2023-07-19
113,Ramesh,Menon,ramesh.menon113@mail.com,7570989183,Siliguri,West Bengal,2025-06-04
114,Myra,Mehta,myra.mehta114@mail.com,7600513466,Agra,Uttar Pradesh,2023-06-15
115,Kabir,Singh,kabir.singh115@mail.com,8974759394,Kolkata,West Bengal,2023-06-03
116,Ramesh,Iyer,,9585029342,Kolkata,West Bengal,2026-04-25
117,Isha,Verma,isha.verma117@mail.com,7807940128,Rajkot,Gujarat,2021-03-16
118,Kiara,Menon,kiara.menon118@mail.com,9359762652,Kolhapur,Maharashtra,2024-08-29
119,Diya,Rao,diya.rao119@mail.com,8189136470,Mangaluru,Karnataka,2021-01-06
120,Ishaan,Verma,ishaan.verma120@mail.com,9236040749,Chennai,Tamil Nadu,2025-04-01
121,Myra,Rao,myra.rao121@mail.com,,Hubli,Karnataka,2023-10-08
122,Riya,Nair,riya.nair122@mail.com,8938262280,Jaipur,Rajasthan,2022-04-08
123,Riya,Menon,riya.menon123@mail.com,9915024416,Durgapur,West Bengal,2021-11-27
124,Vivaan,Reddy,vivaan.reddy124@mail.com,7210681210,Jodhpur,Rajasthan,2022-05-22
125,Aadhya,Chatterjee,aadhya.chatterjee125@mail.com,9868673219,Pune,Maharashtra,2025-02-07
126,Krishna,Rao,krishna.rao126@mail.com,9312529531,Delhi,Delhi,2026-03-05
127,Saanvi,Reddy,saanvi.reddy127@mail.com,9934899992,New Delhi,Delhi,2022-10-23
128,Aarav,Verma,aarav.verma128@mail.com,8189280194,Jodhpur,Rajasthan,2022-07-29
129,Kiara,Singh,kiara.singh129@mail.com,9594365017,Rajkot,Gujarat,2025-12-29
130,Sai,Patel,sai.patel130@mail.com,9908893398,Bengaluru,Karnataka,2023-03-14
131,Riya,Das,riya.das131,8262565181,Agra,Uttar Pradesh,2024-04-08
132,Ishaan,Patel,ishaan.patel132@mail.com,8002621468,Tiruchirapalli,Tamil Nadu,2021-04-19
133,Myra,Verma,myra.verma133@mail.com,9504447515,Ahmedabad,Gujarat,2021-02-17
134,Vihaan,Reddy,vihaan.reddy134@mail.com,7658863540,Vadodara,Gujarat,2022-08-28
135,Amit,Rao,amit.rao135@mail.com,9222448228,Noida,Uttar Pradesh,2023-09-04
136,Aryan,Chatterjee,aryan.chatterjee136@mail.com,7025247081,Mysuru,Karnataka,2021-11-03
137,Aarav,Nair,aarav.nair137@mail.com,7959188691,Dwarka,Delhi,2025-10-22
138,Diya,Kumar,diya.kumar138@mail.com,9211431660,Salem,Tamil Nadu,2022-10-27
139,Krishna,Kumar,krishna.kumar139@mail.com,7408635401,Ghaziabad,Uttar Pradesh,2026-06-25
140,Myra,Reddy,myra.reddy140@mail.com,7528222329,Ahmedabad,Gujarat,2022-05-11
141,Isha,Patel,isha.patel141@mail.com,9944946781,Delhi,Delhi,2024-09-19
142,Aryan,Iyer,aryan.iyer142@mail.com,8259798664,Dwarka,Delhi,2021-01-27
143,Sneha,Rao,sneha.rao143@mail.com,9893560197,Siliguri,West Bengal,2024-07-08
144,Aditya,Verma,aditya.verma144@mail.com,8778126283,Jaipur,Rajasthan,2021-08-27
145,Kiara,Chatterjee,kiara.chatterjee145@mail.com,7516568969,KOLHAPUR,Maharashtra,2025-09-11
146,Kabir,Mehta,,9457383710,Kolhapur,Maharashtra,2025-01-08
147,Rahul,Chatterjee,rahul.chatterjee147@mail.com,8985943740,Jaipur,Rajasthan,2025-01-14
148,Kabir,Das,kabir.das148@mail.com,7810690200,Kota,Rajasthan,2022-10-18
149,Arjun,Gupta,arjun.gupta149@mail.com,8168144411,Agra,Uttar Pradesh,2025-04-26
150,Pooja,Verma,pooja.verma150@mail.com,7329583617,Agra,Uttar Pradesh,2024-01-11
151,Ananya,Chatterjee,ananya.chatterjee151@mail.com,8691129744,Kolhapur,Maharashtra,2026-02-18
152,Rahul,Patel,rahul.patel152@mail.com,7152617081,Rohini,Delhi,2022-05-24
153,Kabir,Pillai,kabir.pillai153@mail.com,9886560513,Lucknow,Uttar Pradesh,2025-12-26
154,Rohan,Joshi,rohan.joshi154@mail.com,9651660010,Nashik,Maharashtra,2025-07-08
155,Sneha,Joshi,sneha.joshi155@mail.com,8466588791,Ghaziabad,Uttar Pradesh,2026-05-16
156,Vivaan,Pillai,vivaan.pillai156@mail.com,7756414471,Howrah,West Bengal,2023-01-23
157,Meera,Menon,meera.menon157@mail.com,9212739444,Hubli,Karnataka,2023-01-23
158,Isha,Chatterjee,isha.chatterjee158@mail.com,7839037717,Siliguri,West Bengal,2025-05-19
159,Rahul,Mehta,rahul.mehta159@mail.com,8128266550,Varanasi,Uttar Pradesh,2024-09-03
160,Sai,Sharma,sai.sharma160@mail.com,9423514823,Howrah,West Bengal,2021-09-03
161,Krishna,Kumar,krishna.kumar161@mail.com,9790724764,Kolhapur,Maharashtra,2025-09-25
162,Vihaan,Gupta,vihaan.gupta162@mail.com,7407696085,Kota,Rajasthan,2022-01-26
163,Saanvi,Rao,saanvi.rao163@mail.com,9574188958,Dwarka,Delhi,2026-01-19
164,Aadhya,Mehta,,9180911329,Pune,Maharashtra,2023-11-07
165,Vihaan,Das,vihaan.das165@mail.com,9416542138,Salem,Tamil Nadu,2023-04-20
166,Priya,Chatterjee,priya.chatterjee166@mail.com,9905297605,Salem,Tamil Nadu,2023-04-06
167,Ananya,Mehta,ananya.mehta167@mail.com,8496637415,Jodhpur,Rajasthan,2022-08-26
168,Sneha,Verma,sneha.verma168@mail.com,,Kolhapur,Maharashtra,2026-05-16
169,Pooja,Singh,pooja.singh169@mail.com,9317882211,Siliguri,West Bengal,2021-02-09
170,Sai,Rao,sai.rao170@mail.com,8090345324,Hubli,Karnataka,2025-03-04
171,Rahul,Iyer,rahul.iyer171@mail.com,7242726118,Nagpur,Maharashtra,2024-05-08
172,Kiara,Joshi,kiara.joshi172,8728173315,Howrah,West Bengal,2023-01-18
173,Suresh,Verma,suresh.verma173@mail.com,8436479740,Mangaluru,Karnataka,2025-02-25
174,Saanvi,Joshi,saanvi.joshi174@mail.com,8451731430,Durgapur,West Bengal,2024-05-26
175,Aditya,Das,,8854743521,Kolkata,West Bengal,2021-07-24
176,Vihaan,Singh,vihaan.singh176@mail.com,7982779210,Coimbatore,Tamil Nadu,2021-08-13
177,Riya,Rao,,9161141149,Vadodara,Gujarat,2021-03-31
178,Rohan,Menon,rohan.menon178@mail.com,9211234678,Jodhpur,Rajasthan,2024-01-01
179,Kabir,Pillai,kabir.pillai179@mail.com,8652110425,Mangaluru,Karnataka,2023-11-13
180,Meera,Pillai,meera.pillai180@mail.com,9835590676,Hubli,Karnataka,2025-01-05
181,Pooja,Iyer,pooja.iyer181@mail.com,8212360712,Chennai,Tamil Nadu,2023-10-20
182,Ishaan,Rao,ishaan.rao182@mail.com,9536224842,Lucknow,Uttar Pradesh,2023-12-20
183,Riya,Singh,riya.singh183@mail.com,8992496726,Howrah,West Bengal,2026-05-06
184,Aadhya,Joshi,aadhya.joshi184@mail.com,8871828785,Mysuru,Karnataka,2023-11-24
185,Kiara,Kumar,kiara.kumar185@mail.com,7646793977,Rohini,Delhi,2022-09-03
186,Krishna,Das,krishna.das186@mail.com,8733681916,Mumbai,Maharashtra,2021-11-09
187,Isha,Menon,isha.menon187@mail.com,7141896881,Mangaluru,Karnataka,2023-05-28
188,Suresh,Gupta,suresh.gupta188@mail.com,9318740681,Ahmedabad,Gujarat,2022-06-23
189,Kiara,Mehta,kiara.mehta189@mail.com,7194616047,Ahmedabad,Gujarat,2021-01-13
190,Suresh,Rao,suresh.rao190@mail.com,8028097639,Lucknow,Uttar Pradesh,2024-03-29
191,Aditya,Menon,aditya.menon191@mail.com,7128221840,Vadodara,Gujarat,2022-05-18
192,Amit,Das,amit.das192@mail.com,8976179383,Rohini,Delhi,2025-12-20
193,Divya,Mehta,divya.mehta193@mail.com,8903476108,Siliguri,West Bengal,2021-09-27
194,Ishaan,Mehta,ishaan.mehta194@mail.com,8537032599,Howrah,West Bengal,2022-10-12
195,Meera,Sharma,meera.sharma195@mail.com,9019178638,Rohini,Delhi,2021-03-15
196,Divya,Pillai,,7682748622,Mangaluru,Karnataka,2023-12-23
197,Aditya,Mehta,aditya.mehta197@mail.com,9158914931,Rajkot,Gujarat,2022-07-30
198,Riya,Menon,riya.menon198@mail.com,8772396576,Durgapur,West Bengal,2023-07-17
199,Neha,Iyer,neha.iyer199@mail.com,8201916700,Jodhpur,Rajasthan,2024-11-03
200,Sneha,Singh,sneha.singh200@mail.com,9858531042,Hubli,Karnataka,2022-05-22
201,Kiara,Reddy,kiara.reddy201@mail.com,7216526143,Madurai,Tamil Nadu,2024-08-10
202,Aarav,Reddy,aarav.reddy202@mail.com,9906188004,Salem,Tamil Nadu,2022-02-11
203,Ishaan,Das,ishaan.das203@mail.com,7776923311,Varanasi,Uttar Pradesh,2022-12-21
204,Dev,Nair,dev.nair204,9270360721,Coimbatore,Tamil Nadu,2021-05-16
205,Sai,Gupta,sai.gupta205@mail.com,9081174565,Vadodara,Gujarat,2021-06-01
206,Anjali,Kumar,anjali.kumar206@mail.com,7747632268,New Delhi,Delhi,2021-11-27
207,Priya,Chatterjee,priya.chatterjee207@mail.com,7083245674,Udaipur,Rajasthan,2022-01-15
208,Krishna,Nair,krishna.nair208@mail.com,,MYSURU,Karnataka,2021-03-05
209,Dev,Chatterjee,dev.chatterjee209@mail.com,9296558208,Aurangabad,Maharashtra,2022-02-26
210,Myra,Kumar,myra.kumar210@mail.com,7558273397,Salem,Tamil Nadu,2025-01-03
211,Dev,Rao,dev.rao211@mail.com,7592072139,New Delhi,Delhi,2023-05-27
212,Anjali,Reddy,anjali.reddy212@mail.com,8133971680,Noida,Uttar Pradesh,2021-08-22
213,Aditya,Pillai,aditya.pillai213@mail.com,8579214981,Kolkata,West Bengal,2023-06-17
214,Pooja,Nair,pooja.nair214@mail.com,7039657953,Kolkata,West Bengal,2025-09-01
215,Amit,Mehta,amit.mehta215@mail.com,9264011024,Tiruchirapalli,Tamil Nadu,2021-02-02
216,Amit,Verma,amit.verma216@mail.com,7935219942,Ghaziabad,Uttar Pradesh,2023-02-11
217,Aadhya,Pillai,aadhya.pillai217@mail.com,7641616101,New Delhi,Delhi,2025-11-27
218,Ananya,Mehta,ananya.mehta218@mail.com,9128649448,siliguri,West Bengal,2021-03-30
219,Kiara,Kumar,kiara.kumar219@mail.com,7290787554,Kota,Rajasthan,2022-09-17
220,Rohan,Joshi,rohan.joshi220@mail.com,7064787694,Tiruchirapalli,Tamil Nadu,2023-09-03
221,Vihaan,Gupta,vihaan.gupta221@mail.com,7692056670,Kolkata,West Bengal,2021-04-07
222,Dev,Iyer,dev.iyer222@mail.com,9315726965,Kota,Rajasthan,2021-03-22
223,Isha,Nair,isha.nair223@mail.com,7116074127,Tiruchirapalli,Tamil Nadu,2022-07-11
224,Rohan,Verma,rohan.verma224@mail.com,9336525323,Delhi,Delhi,2023-02-10
225,Ishaan,Mehta,ishaan.mehta225@mail.com,8489949616,Durgapur,West Bengal,2024-05-17
226,Dev,Singh,dev.singh226@mail.com,7286972291,Madurai,Tamil Nadu,2023-11-11
227,Priya,Nair,priya.nair227@mail.com,,Jaipur,Rajasthan,2025-12-30
228,Pooja,Singh,pooja.singh228@mail.com,8400943305,Chennai,Tamil Nadu,2021-04-06
229,Kabir,Mehta,kabir.mehta229@mail.com,7017592704,Jodhpur,Rajasthan,2025-07-16
230,Divya,Gupta,divya.gupta230@mail.com,7276917666,Lucknow,Uttar Pradesh,2024-11-27
231,Meera,Nair,meera.nair231@mail.com,8553935957,Mysuru,Karnataka,2024-11-20
232,Rahul,Joshi,rahul.joshi232@mail.com,8588489823,Vadodara,Gujarat,2023-02-13
233,Vihaan,Pillai,vihaan.pillai233@mail.com,8875059019,Varanasi,Uttar Pradesh,2025-06-25
234,Aditya,Menon,,7144983533,Hubli,Karnataka,2022-12-20
235,Sneha,Menon,sneha.menon235@mail.com,9180596061,Aurangabad,Maharashtra,2022-07-13
236,Meera,Joshi,meera.joshi236@mail.com,7651236698,Aurangabad,Maharashtra,2026-01-28
237,Saanvi,Kumar,saanvi.kumar237@mail.com,8580023831,Chennai,Tamil Nadu,2021-01-26
238,Ananya,Das,ananya.das238@mail.com,8415555533,Rajkot,Gujarat,2022-07-03
239,Riya,Rao,riya.rao239@mail.com,9586695305,Aurangabad,Maharashtra,2025-03-24
240,Sai,Kumar,sai.kumar240@mail.com,8339328248,Jodhpur,Rajasthan,2022-08-19
241,Aadhya,Verma,aadhya.verma241@mail.com,8723659650,Ghaziabad,Uttar Pradesh,2022-04-12
242,Riya,Reddy,riya.reddy242@mail.com,9480097408,Jaipur,Rajasthan,2023-05-10
243,Saanvi,Gupta,saanvi.gupta243@mail.com,,Jaipur,Rajasthan,2024-09-09
244,Aryan,Chatterjee,aryan.chatterjee244@mail.com,7930090323,Durgapur,West Bengal,2025-06-05
245,Krishna,Mehta,krishna.mehta245@mail.com,8136149612,Kolhapur,Maharashtra,2025-06-07
246,Ramesh,Kumar,,8817885121,Ahmedabad,Gujarat,2025-08-11
247,Aryan,Verma,aryan.verma247@mail.com,9326069263,Chennai,Tamil Nadu,2021-12-27
248,Myra,Pillai,myra.pillai248,8075037576,Howrah,West Bengal,2024-01-19
249,Rohan,Gupta,rohan.gupta249@mail.com,,Mysuru,Karnataka,2026-05-27
250,Pooja,Sharma,pooja.sharma250@mail.com,9135773898,Delhi,Delhi,2021-07-31
251,Amit,Nair,amit.nair251@mail.com,9457717144,Coimbatore,Tamil Nadu,2024-01-12
252,Aditya,Patel,aditya.patel252@mail.com,9358061333,Siliguri,West Bengal,2024-04-26
253,Krishna,Sharma,krishna.sharma253@mail.com,,Nashik,Maharashtra,2025-10-12
254,Dev,Pillai,dev.pillai254@mail.com,9362335640,Lucknow,Uttar Pradesh,2021-08-05
255,Amit,Rao,amit.rao255@mail.com,8563556372,Salem,Tamil Nadu,2021-02-13
256,Kabir,Reddy,kabir.reddy256@mail.com,9844858997,Dwarka,Delhi,2024-08-24
257,Ramesh,Sharma,ramesh.sharma257@mail.com,8194193172,Tiruchirapalli,Tamil Nadu,2024-04-22
258,Isha,Mehta,isha.mehta258@mail.com,7690769186,Udaipur,Rajasthan,2022-07-18
259,Ramesh,Mehta,ramesh.mehta259@mail.com,8879031110,Nashik,Maharashtra,2024-07-21
260,Divya,Singh,divya.singh260@mail.com,9708675485,Coimbatore,Tamil Nadu,2022-07-17
261,Ishaan,Iyer,ishaan.iyer261@mail.com,7636295967,Nagpur,Maharashtra,2024-06-29
262,Krishna,Gupta,krishna.gupta262@mail.com,9429494240,New Delhi,Delhi,2023-04-29
263,Divya,Pillai,divya.pillai263@mail.com,8590084471,Mysuru,Karnataka,2024-03-28
264,Rohan,Joshi,rohan.joshi264@mail.com,7233441160,Kota,Rajasthan,2021-02-03
265,Ananya,Sharma,ananya.sharma265@mail.com,7194795838,Noida,Uttar Pradesh,2026-02-05
266,Rahul,Kumar,rahul.kumar266@mail.com,9742064259,Chennai,Tamil Nadu,2023-02-26
267,Sai,Nair,sai.nair267@mail.com,7922347303,Rohini,Delhi,2021-08-29
268,Anjali,Nair,anjali.nair268@mail.com,8486614306,udaipur,Rajasthan,2021-06-12
269,Priya,Chatterjee,priya.chatterjee269@mail.com,8893744845,Siliguri,West Bengal,2024-09-22
270,Aryan,Nair,aryan.nair270@mail.com,9178945395,Agra,Uttar Pradesh,2024-08-26
271,Suresh,Verma,,9423383945,Rajkot,Gujarat,2025-04-12
272,Rohan,Patel,rohan.patel272@mail.com,7378184650,Mumbai,Maharashtra,2021-10-26
273,Neha,Gupta,neha.gupta273@mail.com,7139063405,Delhi,Delhi,2025-12-26
274,Divya,Verma,divya.verma274@mail.com,9646919582,Howrah,West Bengal,2025-09-25
275,Meera,Verma,meera.verma275@mail.com,,Surat,Gujarat,2025-09-08
276,Arjun,Rao,arjun.rao276@mail.com,9869998977,Delhi,Delhi,2023-01-11
277,Vihaan,Patel,vihaan.patel277@mail.com,8890073453,Jaipur,Rajasthan,2021-01-05
278,Divya,Reddy,divya.reddy278@mail.com,8567524683,Dwarka,Delhi,2025-02-19
279,Amit,Nair,amit.nair279@mail.com,8056349748,Ahmedabad,Gujarat,2021-07-11
280,Ramesh,Singh,ramesh.singh280@mail.com,8270055727,Coimbatore,Tamil Nadu,2023-07-05
281,Vihaan,Gupta,vihaan.gupta281@mail.com,9954079970,Kolkata,West Bengal,2021-05-20
282,Sneha,Gupta,sneha.gupta282@mail.com,8758864644,Rohini,Delhi,2021-05-31
283,Kabir,Joshi,kabir.joshi283@mail.com,8873141713,Kanpur,Uttar Pradesh,2026-04-19
284,Kiara,Singh,kiara.singh284@mail.com,,Chennai,Tamil Nadu,2023-05-21
285,Ananya,Chatterjee,ananya.chatterjee285@mail.com,7159820397,siliguri,West Bengal,2026-04-12
286,Arjun,Pillai,arjun.pillai286@mail.com,8597220767,Hubli,Karnataka,2022-10-01
287,Rahul,Reddy,rahul.reddy287@mail.com,9739674945,Chennai,Tamil Nadu,2022-05-08
288,Isha,Singh,isha.singh288@mail.com,9876093001,Kolhapur,Maharashtra,2025-01-02
289,Krishna,Singh,krishna.singh289@mail.com,7649570484,Howrah,West Bengal,2022-09-29
290,Rohan,Patel,rohan.patel290@mail.com,8238283946,Kolhapur,Maharashtra,2021-11-24
291,Rohan,Mehta,rohan.mehta291@mail.com,7250479858,Ahmedabad,Gujarat,2026-03-25
292,Kabir,Verma,kabir.verma292@mail.com,7223334704,Kanpur,Uttar Pradesh,2022-01-25
293,Priya,Kumar,priya.kumar293@mail.com,8942781385,Delhi,Delhi,2022-08-02
294,Neha,Pillai,neha.pillai294,7896824424,Udaipur,Rajasthan,2024-02-12
295,Priya,Joshi,priya.joshi295@mail.com,9256011310,Mysuru,Karnataka,2024-02-04
296,Isha,Chatterjee,isha.chatterjee296@mail.com,8008978189,Varanasi,Uttar Pradesh,2023-12-23
297,Meera,Patel,meera.patel297@mail.com,9055534206,Noida,Uttar Pradesh,2024-02-19
298,Rahul,Mehta,rahul.mehta298@mail.com,9718875961,Jodhpur,Rajasthan,2025-06-03
299,Divya,Kumar,divya.kumar299@mail.com,9177191375,Ghaziabad,Uttar Pradesh,2023-07-27
300,Dev,Patel,dev.patel300@mail.com,7509060376,Noida,Uttar Pradesh,2022-03-11
301,Aditya,Joshi,aditya.joshi301@mail.com,9998130976,Rajkot,Gujarat,2022-02-24
302,Isha,Pillai,isha.pillai302@mail.com,8244652986,Kanpur,Uttar Pradesh,2024-05-23
303,Sai,Singh,sai.singh303@mail.com,8631672951,Jodhpur,Rajasthan,2023-11-12
304,Rohan,Rao,rohan.rao304@mail.com,7523887146,Delhi,Delhi,2023-06-12
305,Vihaan,Pillai,vihaan.pillai305@mail.com,8054856816,  Rajkot  ,Gujarat,2021-02-16
306,Dev,Kumar,dev.kumar306@mail.com,8111665436,Surat,Gujarat,2023-09-17
307,Ishaan,Gupta,ishaan.gupta307@mail.com,7897950539,Rohini,Delhi,2022-12-14
308,Diya,Rao,,9762398772,Mangaluru,Karnataka,2024-11-30
309,Arjun,Patel,arjun.patel309@mail.com,8681438317,Coimbatore,Tamil Nadu,2022-06-14
310,Myra,Gupta,myra.gupta310@mail.com,8605291205,Mangaluru,Karnataka,2026-01-04
311,Aadhya,Reddy,aadhya.reddy311@mail.com,9426581143,Rajkot,Gujarat,2023-02-11
312,Krishna,Patel,krishna.patel312@mail.com,9219239192,Nagpur,Maharashtra,2022-03-10
313,Diya,Mehta,diya.mehta313@mail.com,9494465529,Kolhapur,Maharashtra,2022-03-14
314,Ramesh,Sharma,ramesh.sharma314@mail.com,9896250791,Udaipur,Rajasthan,2025-11-11
315,Sai,Reddy,sai.reddy315@mail.com,9843356750,Vadodara,Gujarat,2024-09-08
316,Rahul,Gupta,rahul.gupta316@mail.com,9202725494,Madurai,Tamil Nadu,2022-07-01
317,Vihaan,Chatterjee,vihaan.chatterjee317@mail.com,7283925044,Jodhpur,Rajasthan,2025-04-05
318,Vivaan,Menon,vivaan.menon318@mail.com,7568971907,Udaipur,Rajasthan,2026-01-23
319,Meera,Verma,meera.verma319@mail.com,8267425929,Madurai,Tamil Nadu,2023-01-17
320,Lakshmi,Chatterjee,lakshmi.chatterjee320@mail.com,7377045646,Mysuru,Karnataka,2021-03-19
321,Priya,Joshi,priya.joshi321@mail.com,8607585038,Dwarka,Delhi,2022-10-13
322,Aadhya,Rao,aadhya.rao322@mail.com,,Salem,Tamil Nadu,2021-09-27
323,Divya,Gupta,divya.gupta323@mail.com,9505399495,Hubli,Karnataka,2023-09-10
324,Isha,Verma,isha.verma324@mail.com,7938783565,Varanasi,Uttar Pradesh,2022-08-29
325,Arjun,Menon,arjun.menon325@mail.com,8599448539,New Delhi,Delhi,2025-03-10
326,Arjun,Iyer,arjun.iyer326@mail.com,7751364433,Coimbatore,Tamil Nadu,2024-02-23
327,Sneha,Iyer,sneha.iyer327@mail.com,8303444832,Pune,Maharashtra,2021-07-30
328,Krishna,Mehta,krishna.mehta328@mail.com,9152414644,Vadodara,Gujarat,2024-02-22
329,Rohan,Gupta,rohan.gupta329@mail.com,8364791339,Hubli,Karnataka,2025-05-02
330,Meera,Menon,meera.menon330@mail.com,9471752347,Kota,Rajasthan,2026-05-20
331,Kiara,Reddy,kiara.reddy331@mail.com,8894290789,jaipur,Rajasthan,2022-10-11
332,Krishna,Das,krishna.das332@mail.com,8901526019,Ahmedabad,Gujarat,2025-05-17
333,Priya,Chatterjee,,8003782363,Kolkata,West Bengal,2022-02-15
334,Vihaan,Das,vihaan.das334@mail.com,8145779326,Siliguri,West Bengal,2021-08-28
335,Sneha,Patel,sneha.patel335@mail.com,9553376657,Delhi,Delhi,2021-12-11
336,Sneha,Rao,sneha.rao336@mail.com,7531026170,Mangaluru,Karnataka,2022-10-19
337,Aadhya,Kumar,aadhya.kumar337@mail.com,9945564765,Salem,Tamil Nadu,2025-09-28
338,Ananya,Joshi,ananya.joshi338@mail.com,8875860716,Dwarka,Delhi,2023-03-23
339,Priya,Reddy,priya.reddy339@mail.com,7436945740,Vadodara,Gujarat,2021-11-19
340,Kiara,Mehta,kiara.mehta340@mail.com,8251828347,Salem,Tamil Nadu,2025-10-03
341,Lakshmi,Rao,lakshmi.rao341@mail.com,8060472416,New Delhi,Delhi,2021-08-02
342,Rohan,Iyer,rohan.iyer342@mail.com,9501365820,Ahmedabad,Gujarat,2021-03-19
343,Isha,Nair,,,Delhi,Delhi,2021-07-27
344,Kabir,Iyer,kabir.iyer344@mail.com,9065083445,Nashik,Maharashtra,2026-03-15
345,Meera,Kumar,meera.kumar345@mail.com,7304880319,Jaipur,Rajasthan,2024-07-04
346,Dev,Nair,dev.nair346@mail.com,8212635731,Agra,Uttar Pradesh,2021-01-18
347,Sai,Das,sai.das347@mail.com,9834095529,Durgapur,West Bengal,2025-09-25
348,Amit,Pillai,amit.pillai348@mail.com,7669580841,Lucknow,Uttar Pradesh,2023-01-01
349,Divya,Verma,divya.verma349@mail.com,7410319961,Ahmedabad,Gujarat,2025-02-09
350,Ramesh,Joshi,ramesh.joshi350@mail.com,8654765433,Jodhpur,Rajasthan,2024-06-18
351,Sai,Joshi,sai.joshi351@mail.com,9951255139,Udaipur,Rajasthan,2026-03-23
352,Arjun,Iyer,arjun.iyer352@mail.com,8705713818,Bengaluru,Karnataka,2022-10-19
353,Aditya,Chatterjee,aditya.chatterjee353@mail.com,7055295612,Ahmedabad,Gujarat,2023-02-23
354,Rahul,Rao,rahul.rao354@mail.com,8454198266,Pune,Maharashtra,2022-01-09
355,Suresh,Chatterjee,suresh.chatterjee355@mail.com,7870564993,Ghaziabad,Uttar Pradesh,2025-10-19
356,Meera,Rao,meera.rao356@mail.com,9242591698,Nagpur,Maharashtra,2023-04-20
357,Sneha,Das,sneha.das357@mail.com,7867555790,Pune,Maharashtra,2025-01-06
358,Pooja,Verma,pooja.verma358@mail.com,8321722354,Dwarka,Delhi,2025-05-02
359,Kabir,Menon,kabir.menon359@mail.com,9747464999,Jodhpur,Rajasthan,2025-01-19
360,Anjali,Mehta,anjali.mehta360@mail.com,9204416021,Ghaziabad,Uttar Pradesh,2024-10-28
361,Diya,Singh,diya.singh361@mail.com,7460952990,Kota,Rajasthan,2025-03-01
362,Kabir,Verma,kabir.verma362@mail.com,9098749030,Nagpur,Maharashtra,2021-03-19
363,Divya,Das,divya.das363@mail.com,,Madurai,Tamil Nadu,2024-02-05
364,Saanvi,Gupta,saanvi.gupta364@mail.com,9171082620,Rohini,Delhi,2025-09-08
365,Dev,Pillai,dev.pillai365@mail.com,7563628184,  Delhi  ,Delhi,2023-05-15
366,Myra,Reddy,myra.reddy366@mail.com,7176543255,Madurai,Tamil Nadu,2021-07-21
367,Myra,Chatterjee,myra.chatterjee367,8420360957,Salem,Tamil Nadu,2024-03-02
368,Rohan,Reddy,rohan.reddy368@mail.com,9482545559,Ghaziabad,Uttar Pradesh,2024-11-19
369,Vihaan,Das,vihaan.das369@mail.com,7922147692,Agra,Uttar Pradesh,2022-09-20
370,Aditya,Patel,aditya.patel370@mail.com,,Mangaluru,Karnataka,2025-04-17
371,Lakshmi,Rao,,9389887101,Tiruchirapalli,Tamil Nadu,2025-06-16
372,Ishaan,Mehta,ishaan.mehta372@mail.com,9343964409,Mumbai,Maharashtra,2022-03-23
373,Ananya,Reddy,,,Nagpur,Maharashtra,2021-06-12
374,Rahul,Singh,rahul.singh374@mail.com,7841975510,Kota,Rajasthan,2022-11-07
375,Lakshmi,Das,lakshmi.das375@mail.com,9676172175,Delhi,Delhi,2021-11-22
376,Sneha,Das,sneha.das376@mail.com,7225560121,Udaipur,Rajasthan,2021-01-30
377,Suresh,Mehta,suresh.mehta377@mail.com,8179923631,Dwarka,Delhi,2025-09-24
378,Lakshmi,Nair,lakshmi.nair378@mail.com,9333332329,Mangaluru,Karnataka,2025-11-06
379,Amit,Rao,amit.rao379@mail.com,8530210591,Noida,Uttar Pradesh,2023-03-09
380,Vihaan,Verma,vihaan.verma380@mail.com,9451487761,Pune,Maharashtra,2026-03-11
381,Rohan,Joshi,rohan.joshi381@mail.com,9290671326,Coimbatore,Tamil Nadu,2022-08-23
382,Aarav,Joshi,aarav.joshi382@mail.com,8798680538,Jaipur,Rajasthan,2024-11-25
383,Ishaan,Pillai,ishaan.pillai383@mail.com,9055810304,Mysuru,Karnataka,2022-12-21
384,Anjali,Gupta,anjali.gupta384@mail.com,9664111596,Bengaluru,Karnataka,2026-04-14
385,Priya,Verma,priya.verma385@mail.com,9118561714,Noida,Uttar Pradesh,2026-03-12
386,Anjali,Joshi,anjali.joshi386@mail.com,8880592958,Pune,Maharashtra,2024-08-10
387,Aarav,Mehta,aarav.mehta387@mail.com,7704919240,Agra,Uttar Pradesh,2023-08-26
388,Priya,Iyer,priya.iyer388@mail.com,9146738102,Udaipur,Rajasthan,2024-10-05
389,Ananya,Rao,ananya.rao389@mail.com,,Siliguri,West Bengal,2025-09-17
390,Isha,Reddy,isha.reddy390@mail.com,9265991343,Kolhapur,Maharashtra,2025-03-14
391,Lakshmi,Singh,lakshmi.singh391@mail.com,7444493645,Howrah,West Bengal,2024-02-03
392,Kabir,Iyer,kabir.iyer392@mail.com,9541487179,Kolhapur,Maharashtra,2024-12-26
393,Arjun,Sharma,arjun.sharma393@mail.com,9722337031,Durgapur,West Bengal,2024-11-04
394,Isha,Chatterjee,isha.chatterjee394@mail.com,7248062453,Kolkata,West Bengal,2024-02-17
395,Kabir,Sharma,kabir.sharma395@mail.com,7552669458,Rajkot,Gujarat,2024-04-20
396,Ananya,Chatterjee,ananya.chatterjee396@mail.com,8803031830,Mysuru,Karnataka,2022-03-17
397,Neha,Nair,neha.nair397@mail.com,7355053592,Dwarka,Delhi,2022-09-20
398,Pooja,Singh,pooja.singh398@mail.com,9005453287,Madurai,Tamil Nadu,2026-03-05
399,Isha,Verma,isha.verma399@mail.com,8657749831,Jaipur,Rajasthan,2026-05-28
400,Rohan,Nair,rohan.nair400@mail.com,9377283059,Kanpur,Uttar Pradesh,2023-05-14
401,Aryan,Rao,aryan.rao401@mail.com,7074655546,New Delhi,Delhi,2023-09-22
402,Sai,Iyer,sai.iyer402@mail.com,7664342993,Mumbai,Maharashtra,2024-07-06
403,Kiara,Nair,kiara.nair403@mail.com,8888863457,Rohini,Delhi,2023-02-21
404,Rahul,Iyer,rahul.iyer404@mail.com,7633813580,Jodhpur,Rajasthan,2024-01-14
405,Kiara,Iyer,kiara.iyer405@mail.com,8105469645,Jodhpur,Rajasthan,2021-10-02
406,Pooja,Reddy,pooja.reddy406@mail.com,,Chennai,Tamil Nadu,2021-05-20
407,Saanvi,Singh,saanvi.singh407@mail.com,9615654011,Mumbai,Maharashtra,2024-09-12
408,Riya,Singh,riya.singh408@mail.com,7533817081,Kolhapur,Maharashtra,2023-04-02
409,Aadhya,Rao,aadhya.rao409@mail.com,,Kanpur,Uttar Pradesh,2023-10-16
410,Aadhya,Reddy,aadhya.reddy410@mail.com,9284355752,New Delhi,Delhi,2021-11-29
411,Sai,Rao,sai.rao411@mail.com,8152524320,New Delhi,Delhi,2023-10-30
412,Sai,Das,sai.das412@mail.com,8286045335,Kota,Rajasthan,2024-07-06
413,Vihaan,Pillai,vihaan.pillai413@mail.com,8879845587,Nagpur,Maharashtra,2021-02-21
414,Aryan,Menon,aryan.menon414@mail.com,9679530621,Vadodara,Gujarat,2024-04-28
415,Saanvi,Gupta,,9511891177,Kota,Rajasthan,2026-06-13
416,Aryan,Sharma,aryan.sharma416@mail.com,7904128851,Aurangabad,Maharashtra,2023-08-25
417,Aarav,Menon,aarav.menon417@mail.com,9311842779,Kota,Rajasthan,2022-08-05
418,Priya,Joshi,priya.joshi418@mail.com,8533923279,Udaipur,Rajasthan,2026-04-24
419,Saanvi,Reddy,,7423781239,Kolkata,West Bengal,2026-04-16
420,Ananya,Das,ananya.das420@mail.com,8523582325,Salem,Tamil Nadu,2024-05-15
421,Suresh,Gupta,suresh.gupta421@mail.com,9376147721,Dwarka,Delhi,2022-03-30
422,Kiara,Sharma,kiara.sharma422@mail.com,,Rohini,Delhi,2025-07-29
423,Sneha,Menon,sneha.menon423@mail.com,8927372668,Noida,Uttar Pradesh,2021-09-21
424,Rohan,Rao,rohan.rao424@mail.com,7376255655,Agra,Uttar Pradesh,2025-04-09
425,Pooja,Gupta,pooja.gupta425@mail.com,7877872455,Nagpur,Maharashtra,2021-12-27
426,Rahul,Verma,rahul.verma426@mail.com,8877737069,Coimbatore,Tamil Nadu,2024-02-13
427,Arjun,Iyer,arjun.iyer427@mail.com,9150352885,Durgapur,West Bengal,2024-03-23
428,Divya,Verma,divya.verma428@mail.com,7883033852,Surat,Gujarat,2021-06-18
429,Aadhya,Mehta,aadhya.mehta429@mail.com,9101644874,Ahmedabad,Gujarat,2024-05-05
430,Krishna,Gupta,krishna.gupta430@mail.com,9002077643,Jodhpur,Rajasthan,2026-02-20
431,Aryan,Das,aryan.das431@mail.com,9791892965,Coimbatore,Tamil Nadu,2023-09-08
432,Priya,Sharma,priya.sharma432@mail.com,7994474130,Mysuru,Karnataka,2022-03-08
433,Aadhya,Joshi,aadhya.joshi433@mail.com,7905152722,Udaipur,Rajasthan,2021-06-19
434,Kiara,Chatterjee,kiara.chatterjee434@mail.com,8834381568,Durgapur,West Bengal,2022-09-27
435,Sai,Patel,sai.patel435@mail.com,7580661584,Tiruchirapalli,Tamil Nadu,2023-07-16
436,Amit,Verma,,8725546447,Salem,Tamil Nadu,2022-01-16
437,Sai,Nair,sai.nair437@mail.com,7065817026,Chennai,Tamil Nadu,2025-03-01
438,Krishna,Reddy,krishna.reddy438@mail.com,8484398747,Hubli,Karnataka,2021-07-30
439,Aryan,Nair,aryan.nair439@mail.com,8123618231,Jodhpur,Rajasthan,2021-01-06
440,Suresh,Nair,suresh.nair440@mail.com,8524945435,Jaipur,Rajasthan,2024-09-07
441,Riya,Nair,riya.nair441@mail.com,8549835037,Aurangabad,Maharashtra,2025-03-04
442,Priya,Rao,priya.rao442@mail.com,7617787362,COIMBATORE,Tamil Nadu,2022-04-02
443,Ishaan,Singh,ishaan.singh443@mail.com,7965668544,Aurangabad,Maharashtra,2025-05-07
444,Kiara,Reddy,kiara.reddy444@mail.com,9051469750,Vadodara,Gujarat,2023-11-20
445,Isha,Reddy,isha.reddy445@mail.com,9087739769,Madurai,Tamil Nadu,2023-07-05
446,Kiara,Nair,kiara.nair446@mail.com,9060538294,Kota,Rajasthan,2021-01-22
447,Lakshmi,Das,lakshmi.das447@mail.com,7505117921,New Delhi,Delhi,2021-06-11
448,Vivaan,Gupta,vivaan.gupta448@mail.com,9429794212,Kanpur,Uttar Pradesh,2025-07-01
449,Kiara,Rao,kiara.rao449@mail.com,9625626490,Surat,Gujarat,2021-09-20
450,Ishaan,Menon,ishaan.menon450@mail.com,9745832222,Noida,Uttar Pradesh,2025-03-12
451,Kabir,Iyer,kabir.iyer451@mail.com,7242947350,Durgapur,West Bengal,2021-04-27
452,Aditya,Iyer,aditya.iyer452@mail.com,8606251001,Nashik,Maharashtra,2021-07-17
453,Dev,Mehta,,8824251363,Durgapur,West Bengal,2023-08-25
454,Vivaan,Mehta,vivaan.mehta454@mail.com,7013635780,Jodhpur,Rajasthan,2022-12-01
455,Sai,Iyer,,8900982849,Kolkata,West Bengal,2023-03-12
456,Priya,Reddy,priya.reddy456@mail.com,9646555310,Coimbatore,Tamil Nadu,2025-10-01
457,Diya,Patel,diya.patel457@mail.com,9443065957,New Delhi,Delhi,2021-12-04
458,Krishna,Verma,krishna.verma458@mail.com,8915655011,Mangaluru,Karnataka,2023-10-15
459,Kabir,Rao,kabir.rao459@mail.com,7344954607,Salem,Tamil Nadu,2024-09-09
460,Sneha,Menon,sneha.menon460@mail.com,7019259996,Kota,Rajasthan,2024-02-20
461,Riya,Iyer,riya.iyer461@mail.com,8733618145,Nagpur,Maharashtra,2022-05-02
462,Sai,Das,sai.das462@mail.com,7753138619,Chennai,Tamil Nadu,2023-11-25
463,Ishaan,Gupta,ishaan.gupta463@mail.com,8898190255,Mysuru,Karnataka,2025-11-12
464,Dev,Das,dev.das464@mail.com,8312186747,Chennai,Tamil Nadu,2025-07-04
465,Dev,Chatterjee,dev.chatterjee465@mail.com,7656824384,Bengaluru,Karnataka,2023-09-12
466,Priya,Singh,priya.singh466@mail.com,7755782742,Salem,Tamil Nadu,2022-05-13
467,Anjali,Verma,anjali.verma467@mail.com,8673638659,Kolhapur,Maharashtra,2025-10-03
468,Ramesh,Singh,ramesh.singh468@mail.com,7407659883,Rohini,Delhi,2023-03-12
469,Neha,Reddy,neha.reddy469@mail.com,8751773518,Madurai,Tamil Nadu,2024-03-17
470,Vihaan,Nair,vihaan.nair470@mail.com,8205618636,Kanpur,Uttar Pradesh,2022-08-19
471,Kabir,Das,kabir.das471@mail.com,8930185688,Salem,Tamil Nadu,2022-08-13
472,Amit,Patel,amit.patel472@mail.com,9334486860,Delhi,Delhi,2025-11-05
473,Priya,Joshi,priya.joshi473@mail.com,7220764080,Rohini,Delhi,2022-08-15
474,Vihaan,Chatterjee,vihaan.chatterjee474@mail.com,9769579437,NOIDA,Uttar Pradesh,2021-06-27
475,Anjali,Iyer,anjali.iyer475@mail.com,7921496182,Dwarka,Delhi,2024-11-14
476,Sai,Rao,sai.rao476@mail.com,9886084932,Jodhpur,Rajasthan,2022-05-20
477,Sneha,Kumar,sneha.kumar477@mail.com,8261610743,Siliguri,West Bengal,2023-09-27
478,Amit,Singh,amit.singh478@mail.com,7554111740,Agra,Uttar Pradesh,2026-02-16
479,Aditya,Chatterjee,aditya.chatterjee479@mail.com,9574926520,Nashik,Maharashtra,2022-03-03
480,Suresh,Mehta,suresh.mehta480@mail.com,7709476500,Noida,Uttar Pradesh,2024-02-06
481,Kabir,Verma,kabir.verma481@mail.com,9982634722,Siliguri,West Bengal,2025-03-17
482,Kiara,Singh,kiara.singh482@mail.com,7874869833,Madurai,Tamil Nadu,2021-03-26
483,Pooja,Das,pooja.das483@mail.com,7604118924,Lucknow,Uttar Pradesh,2023-12-31
484,Krishna,Singh,krishna.singh484@mail.com,7571937963,Delhi,Delhi,2021-10-16
485,Amit,Mehta,amit.mehta485@mail.com,9092137985,Pune,Maharashtra,2023-11-19
486,Aryan,Sharma,aryan.sharma486@mail.com,9064243718,Kolkata,West Bengal,2021-12-12
487,Aarav,Chatterjee,aarav.chatterjee487@mail.com,9646815932,Delhi,Delhi,2026-05-24
488,Vivaan,Verma,vivaan.verma488@mail.com,9578240215,Tiruchirapalli,Tamil Nadu,2021-12-15
489,Anjali,Chatterjee,anjali.chatterjee489@mail.com,7669311380,Agra,Uttar Pradesh,2022-12-05
490,Kabir,Nair,kabir.nair490@mail.com,7904327941,New Delhi,Delhi,2025-10-14
491,Divya,Mehta,divya.mehta491@mail.com,7764866608,Mysuru,Karnataka,2024-05-07
492,Aarav,Verma,aarav.verma492@mail.com,7942593557,Durgapur,West Bengal,2024-06-23
493,Diya,Kumar,diya.kumar493@mail.com,7964128001,Hubli,Karnataka,2023-02-13
494,Aarav,Das,aarav.das494@mail.com,8235047183,Varanasi,Uttar Pradesh,2023-06-30
495,Kiara,Nair,kiara.nair495@mail.com,7686277875,Delhi,Delhi,2022-07-09
496,Aryan,Patel,aryan.patel496@mail.com,7479642615,Ahmedabad,Gujarat,2021-06-04
497,Lakshmi,Das,lakshmi.das497@mail.com,7066875845,Nashik,Maharashtra,2021-11-07
498,Aadhya,Iyer,aadhya.iyer498@mail.com,8649895777,Hubli,Karnataka,2023-08-28
499,Rohan,Iyer,rohan.iyer499@mail.com,8661888074,Nashik,Maharashtra,2022-05-16
500,Dev,Rao,dev.rao500@mail.com,8472241396,Kota,Rajasthan,2025-02-03
501,Anjali,Kumar,anjali.kumar501@mail.com,9907419574,Jaipur,Rajasthan,2024-07-23
502,Lakshmi,Nair,lakshmi.nair502@mail.com,9471552607,Siliguri,West Bengal,2023-01-18
503,Aditya,Das,aditya.das503@mail.com,7401193411,Rohini,Delhi,2024-01-19
504,Aarav,Nair,aarav.nair504@mail.com,7575111959,Nagpur,Maharashtra,2024-11-26
505,Sneha,Iyer,sneha.iyer505@mail.com,8764597369,Lucknow,Uttar Pradesh,2021-04-16
506,Myra,Reddy,myra.reddy506@mail.com,8924427380,Dwarka,Delhi,2025-07-13
507,Vihaan,Iyer,vihaan.iyer507@mail.com,9158932315,Durgapur,West Bengal,2022-07-27
508,Divya,Singh,divya.singh508@mail.com,8964088306,Mysuru,Karnataka,2021-09-19
509,Rahul,Kumar,rahul.kumar509@mail.com,9692740533,Varanasi,Uttar Pradesh,2026-06-29
510,Ramesh,Das,ramesh.das510@mail.com,7890575466,Kota,Rajasthan,2023-01-02
511,Rahul,Singh,rahul.singh511@mail.com,8251717166,Jodhpur,Rajasthan,2022-03-18
512,Sneha,Rao,sneha.rao512@mail.com,8613483486,Noida,Uttar Pradesh,2021-07-05
513,Neha,Reddy,neha.reddy513@mail.com,9537893941,Nashik,Maharashtra,2021-01-13
514,Krishna,Pillai,krishna.pillai514@mail.com,7376563934,Surat,Gujarat,2021-06-07
515,Priya,Menon,priya.menon515@mail.com,8212428588,Kolhapur,Maharashtra,2024-05-14
516,Sneha,Verma,sneha.verma516,9045954652,Dwarka,Delhi,2022-04-25
517,Amit,Verma,amit.verma517@mail.com,7552255194,Aurangabad,Maharashtra,2024-07-21
518,Pooja,Joshi,pooja.joshi518@mail.com,7756848794,Kota,Rajasthan,2021-11-10
519,Kabir,Sharma,kabir.sharma519@mail.com,7021492300,Rohini,Delhi,2021-09-03
520,Dev,Menon,dev.menon520@mail.com,9288939540,Rohini,Delhi,2025-03-23
521,Sai,Rao,sai.rao521@mail.com,,Mysuru,Karnataka,2026-05-20
522,Rahul,Kumar,rahul.kumar522@mail.com,8551028264,Ahmedabad,Gujarat,2026-06-23
523,Divya,Kumar,divya.kumar523@mail.com,9290585836,Hubli,Karnataka,2022-01-31
524,Divya,Joshi,divya.joshi524@mail.com,7870872361,Rohini,Delhi,2025-12-17
525,Dev,Rao,dev.rao525@mail.com,7734192035,Mumbai,Maharashtra,2025-04-11
526,Rohan,Gupta,rohan.gupta526@mail.com,7122748099,Agra,Uttar Pradesh,2023-10-25
527,Vihaan,Menon,vihaan.menon527@mail.com,8441154428,Agra,Uttar Pradesh,2026-01-05
528,Divya,Gupta,divya.gupta528@mail.com,9091634044,Bengaluru,Karnataka,2023-07-09
529,Isha,Singh,isha.singh529@mail.com,8810270590,Udaipur,Rajasthan,2024-09-03
530,Dev,Kumar,dev.kumar530@mail.com,8304297579,Coimbatore,Tamil Nadu,2025-11-14
531,Sai,Kumar,sai.kumar531@mail.com,7002994372,Vadodara,Gujarat,2023-05-02
532,Amit,Verma,amit.verma532@mail.com,9862234624,Surat,Gujarat,2024-08-21
533,Krishna,Pillai,krishna.pillai533@mail.com,7864173924,Kolkata,West Bengal,2021-08-31
534,Sai,Patel,sai.patel534@mail.com,9617248027,Kolhapur,Maharashtra,2022-02-24
535,Anjali,Rao,anjali.rao535@mail.com,7492357879,Ahmedabad,Gujarat,2021-09-13
536,Arjun,Chatterjee,arjun.chatterjee536@mail.com,9263919940,Salem,Tamil Nadu,2021-09-30
537,Lakshmi,Gupta,lakshmi.gupta537@mail.com,9497325275,Bengaluru,Karnataka,2024-08-18
538,Ramesh,Kumar,ramesh.kumar538@mail.com,9266159354,Kanpur,Uttar Pradesh,2022-02-05
539,Suresh,Iyer,suresh.iyer539@mail.com,9445142590,Siliguri,West Bengal,2026-04-01
540,Kiara,Menon,kiara.menon540@mail.com,9834094609,Nashik,Maharashtra,2021-01-26
541,Pooja,Kumar,pooja.kumar541@mail.com,8912110609,Rajkot,Gujarat,2024-02-07
542,Anjali,Iyer,anjali.iyer542@mail.com,7647745479,Kanpur,Uttar Pradesh,2025-06-20
543,Myra,Gupta,myra.gupta543@mail.com,7979330768,Kolkata,West Bengal,2024-03-07
544,Rohan,Das,rohan.das544@mail.com,9020124442,Udaipur,Rajasthan,2021-06-22
545,Meera,Patel,meera.patel545@mail.com,8064364523,Jaipur,Rajasthan,2021-09-02
546,Aryan,Das,aryan.das546@mail.com,9899063478,Pune,Maharashtra,2023-03-04
547,Kiara,Kumar,kiara.kumar547@mail.com,7083764372,Kolkata,West Bengal,2022-10-20
548,Rahul,Nair,rahul.nair548@mail.com,9509938842,Salem,Tamil Nadu,2021-11-19
549,Aadhya,Gupta,aadhya.gupta549@mail.com,9277156423,Howrah,West Bengal,2024-05-21
550,Rahul,Patel,rahul.patel550@mail.com,9841163870,Siliguri,West Bengal,2025-11-16
551,Neha,Mehta,neha.mehta551@mail.com,9251970875,Jodhpur,Rajasthan,2026-02-16
552,Pooja,Pillai,pooja.pillai552@mail.com,9951085448,Mangaluru,Karnataka,2022-01-04
553,Aarav,Joshi,aarav.joshi553@mail.com,8270575500,Mangaluru,Karnataka,2023-01-06
554,Isha,Kumar,isha.kumar554@mail.com,7982127674,Vadodara,Gujarat,2025-09-06
555,Isha,Gupta,isha.gupta555@mail.com,8136529786,Dwarka,Delhi,2024-03-09
556,Ananya,Das,ananya.das556@mail.com,8469996860,Mysuru,Karnataka,2025-12-14
557,Anjali,Nair,anjali.nair557@mail.com,9262165994,Delhi,Delhi,2025-07-02
558,Dev,Das,dev.das558@mail.com,7898426848,Surat,Gujarat,2025-07-08
559,Meera,Mehta,meera.mehta559@mail.com,9938068769,Kolkata,West Bengal,2021-12-19
560,Krishna,Joshi,krishna.joshi560@mail.com,7026948960,Ghaziabad,Uttar Pradesh,2025-08-10
561,Meera,Patel,meera.patel561@mail.com,9798332209,Vadodara,Gujarat,2023-02-07
562,Ramesh,Das,ramesh.das562@mail.com,8180514159,Vadodara,Gujarat,2026-01-19
563,Riya,Gupta,riya.gupta563@mail.com,7263014940,Jodhpur,Rajasthan,2024-01-05
564,Sneha,Rao,sneha.rao564@mail.com,8583220618,Siliguri,West Bengal,2025-12-28
565,Neha,Patel,neha.patel565@mail.com,7297435127,Vadodara,Gujarat,2021-02-23
566,Krishna,Nair,krishna.nair566@mail.com,8210334532,Hubli,Karnataka,2022-08-18
567,Aadhya,Gupta,aadhya.gupta567,9662522939,Salem,Tamil Nadu,2024-11-13
568,Aryan,Rao,aryan.rao568@mail.com,7783284074,Bengaluru,Karnataka,2022-12-11
569,Meera,Menon,meera.menon569@mail.com,9348345197,Dwarka,Delhi,2026-03-09
570,Arjun,Patel,arjun.patel570@mail.com,8909422728,Agra,Uttar Pradesh,2022-04-10
571,Vivaan,Pillai,vivaan.pillai571@mail.com,8756790793,Kanpur,Uttar Pradesh,2024-05-15
572,Vihaan,Reddy,vihaan.reddy572@mail.com,8164957608,Mumbai,Maharashtra,2022-01-22
573,Sai,Iyer,sai.iyer573@mail.com,8719157495,Varanasi,Uttar Pradesh,2024-07-19
574,Ramesh,Sharma,ramesh.sharma574@mail.com,9555735086,Durgapur,West Bengal,2024-09-05
575,Meera,Iyer,meera.iyer575@mail.com,8091095512,Jaipur,Rajasthan,2025-08-20
576,Arjun,Kumar,arjun.kumar576@mail.com,7605954130,Tiruchirapalli,Tamil Nadu,2026-02-14
577,Rahul,Nair,rahul.nair577@mail.com,8522512666,Tiruchirapalli,Tamil Nadu,2023-04-01
578,Divya,Reddy,divya.reddy578@mail.com,8622127766,Kolkata,West Bengal,2024-03-07
579,Ishaan,Kumar,ishaan.kumar579@mail.com,7243324558,Jodhpur,Rajasthan,2021-07-10
580,Vivaan,Verma,,8906498355,Varanasi,Uttar Pradesh,2021-11-03
581,Aarav,Singh,aarav.singh581@mail.com,8887661921,Dwarka,Delhi,2025-05-14
582,Kabir,Sharma,kabir.sharma582@mail.com,8190563627,Mumbai,Maharashtra,2025-09-18
583,Anjali,Chatterjee,anjali.chatterjee583@mail.com,7694487557,Udaipur,Rajasthan,2024-07-16
584,Aadhya,Menon,aadhya.menon584@mail.com,9060880720,Chennai,Tamil Nadu,2025-10-25
585,Lakshmi,Singh,lakshmi.singh585@mail.com,7210680079,Kolhapur,Maharashtra,2021-09-03
586,Dev,Mehta,dev.mehta586@mail.com,9100326807,Salem,Tamil Nadu,2024-11-03
587,Ramesh,Das,ramesh.das587@mail.com,9007513931,Tiruchirapalli,Tamil Nadu,2024-09-24
588,Neha,Nair,neha.nair588@mail.com,7069588559,Mysuru,Karnataka,2022-04-03
589,Aadhya,Chatterjee,aadhya.chatterjee589@mail.com,9513256213,Siliguri,West Bengal,2021-08-31
590,Vivaan,Chatterjee,vivaan.chatterjee590@mail.com,7744839840,Nashik,Maharashtra,2026-05-04
591,Anjali,Patel,anjali.patel591@mail.com,8973658251,Kanpur,Uttar Pradesh,2021-08-26
592,Saanvi,Verma,saanvi.verma592@mail.com,8209673807,Tiruchirapalli,Tamil Nadu,2025-04-16
593,Vihaan,Das,vihaan.das593@mail.com,9635648228,Vadodara,Gujarat,2022-07-08
594,Vihaan,Menon,,8648297360,New Delhi,Delhi,2021-05-20
595,Aadhya,Singh,aadhya.singh595@mail.com,8788178463,Delhi,Delhi,2021-08-25
596,Neha,Kumar,neha.kumar596@mail.com,8315771731,Bengaluru,Karnataka,2024-02-05
597,Kabir,Patel,kabir.patel597@mail.com,9118179800,Agra,Uttar Pradesh,2025-08-28
598,Suresh,Reddy,suresh.reddy598@mail.com,9882820888,Surat,Gujarat,2025-08-14
599,Diya,Pillai,,9148539114,Jodhpur,Rajasthan,2025-10-06
600,Amit,Sharma,amit.sharma600@mail.com,9089657139,Kanpur,Uttar Pradesh,2025-08-19
601,Kiara,Pillai,kiara.pillai601@mail.com,8094572983,Nashik,Maharashtra,2024-05-04
602,Divya,Singh,divya.singh602@mail.com,7033533853,Rohini,Delhi,2025-04-18
603,Kabir,Joshi,kabir.joshi603@mail.com,7574839200,Jaipur,Rajasthan,2022-12-22
604,Vihaan,Reddy,vihaan.reddy604@mail.com,8420424947,Delhi,Delhi,2022-11-04
605,Ramesh,Menon,ramesh.menon605@mail.com,7507029908,Surat,Gujarat,2026-02-18
606,Vivaan,Singh,vivaan.singh606@mail.com,8589353581,Bengaluru,Karnataka,2022-04-21
607,Aadhya,Joshi,aadhya.joshi607,8004713126,Varanasi,Uttar Pradesh,2026-05-20
608,Krishna,Sharma,krishna.sharma608@mail.com,,Kota,Rajasthan,2024-04-05
609,Sai,Menon,,7708465229,Mysuru,Karnataka,2024-11-06
610,Ramesh,Iyer,ramesh.iyer610@mail.com,7426058351,  Surat  ,Gujarat,2025-12-12
611,Rahul,Kumar,rahul.kumar611@mail.com,9495970871,Mumbai,Maharashtra,2024-05-26
612,Vihaan,Chatterjee,vihaan.chatterjee612@mail.com,8466629930,Dwarka,Delhi,2025-08-11
613,Ramesh,Mehta,ramesh.mehta613@mail.com,7917396716,Madurai,Tamil Nadu,2023-12-28
614,Isha,Gupta,isha.gupta614@mail.com,7052976286,Nagpur,Maharashtra,2023-10-12
615,Divya,Sharma,divya.sharma615@mail.com,7284545082,Hubli,Karnataka,2024-01-27
616,Aryan,Iyer,aryan.iyer616@mail.com,7444217431,Surat,Gujarat,2025-06-09
617,Aadhya,Menon,aadhya.menon617@mail.com,9245343837,Mysuru,Karnataka,2022-10-13
618,Aadhya,Verma,,8081569692,Siliguri,West Bengal,2022-06-19
619,Isha,Nair,isha.nair619@mail.com,8923638370,Delhi,Delhi,2025-02-26
620,Saanvi,Verma,saanvi.verma620@mail.com,9468741751,Udaipur,Rajasthan,2025-04-27
621,Kiara,Nair,kiara.nair621@mail.com,8615074277,Pune,Maharashtra,2022-06-13
622,Myra,Joshi,myra.joshi622@mail.com,7398817651,Salem,Tamil Nadu,2024-06-16
623,Vivaan,Pillai,vivaan.pillai623@mail.com,7393980997,Salem,Tamil Nadu,2024-02-14
624,Neha,Menon,neha.menon624@mail.com,9119751258,Howrah,West Bengal,2021-12-06
625,Rahul,Patel,rahul.patel625@mail.com,7880171493,Salem,Tamil Nadu,2022-01-15
626,Rohan,Singh,rohan.singh626@mail.com,7202667029,Mangaluru,Karnataka,2022-08-30
627,Aadhya,Singh,aadhya.singh627@mail.com,7915454872,Ahmedabad,Gujarat,2025-04-30
628,Neha,Gupta,neha.gupta628@mail.com,8190410721,Ghaziabad,Uttar Pradesh,2021-12-01
629,Diya,Das,diya.das629@mail.com,8278986661,Salem,Tamil Nadu,2026-06-27
630,Suresh,Das,suresh.das630@mail.com,9325081102,Vadodara,Gujarat,2026-06-06
631,Aditya,Iyer,aditya.iyer631@mail.com,8382246841,Lucknow,Uttar Pradesh,2022-01-25
632,Divya,Gupta,,7982144133,Salem,Tamil Nadu,2021-02-02
633,Saanvi,Patel,saanvi.patel633@mail.com,9860050827,Ahmedabad,Gujarat,2022-05-22
634,Isha,Nair,isha.nair634@mail.com,9011854134,Udaipur,Rajasthan,2024-07-31
635,Sai,Rao,sai.rao635@mail.com,,Agra,Uttar Pradesh,2021-04-04
636,Pooja,Gupta,pooja.gupta636@mail.com,8018893686,Agra,Uttar Pradesh,2023-08-31
637,Amit,Das,amit.das637@mail.com,8649466564,Kota,Rajasthan,2023-05-06
638,Kabir,Pillai,kabir.pillai638@mail.com,8974462137,Madurai,Tamil Nadu,2022-06-01
639,Sneha,Reddy,sneha.reddy639@mail.com,9967489398,Coimbatore,Tamil Nadu,2021-06-10
640,Vihaan,Kumar,vihaan.kumar640@mail.com,8016760372,Bengaluru,Karnataka,2025-02-22
641,Meera,Joshi,meera.joshi641@mail.com,9132047310,  Kolhapur  ,Maharashtra,2024-11-16
642,Rahul,Menon,rahul.menon642@mail.com,9287739877,Dwarka,Delhi,2025-10-29
643,Diya,Reddy,diya.reddy643@mail.com,9578221013,Agra,Uttar Pradesh,2021-05-13
644,Divya,Pillai,divya.pillai644@mail.com,8141619383,Kolhapur,Maharashtra,2021-11-08
645,Suresh,Reddy,suresh.reddy645@mail.com,9961922959,Surat,Gujarat,2026-04-20
646,Rohan,Kumar,rohan.kumar646@mail.com,7744936659,Kota,Rajasthan,2026-02-09
647,Isha,Singh,isha.singh647@mail.com,7291430981,Durgapur,West Bengal,2023-11-28
648,Priya,Gupta,priya.gupta648@mail.com,8113070692,Noida,Uttar Pradesh,2021-05-06
649,Myra,Reddy,myra.reddy649@mail.com,8148397838,Agra,Uttar Pradesh,2023-05-19
650,Priya,Rao,priya.rao650@mail.com,7501674957,Coimbatore,Tamil Nadu,2025-07-30
651,Meera,Kumar,meera.kumar651@mail.com,7402972232,Delhi,Delhi,2024-11-10
652,Ishaan,Joshi,ishaan.joshi652@mail.com,9919816936,Dwarka,Delhi,2024-04-27
653,Aarav,Joshi,aarav.joshi653@mail.com,9580142541,Siliguri,West Bengal,2025-02-17
654,Priya,Singh,priya.singh654@mail.com,9163632180,Rohini,Delhi,2025-09-18
655,Ishaan,Menon,ishaan.menon655@mail.com,7986169274,Kolhapur,Maharashtra,2024-04-12
656,Meera,Sharma,meera.sharma656@mail.com,9571259578,Mangaluru,Karnataka,2022-11-06
657,Meera,Nair,meera.nair657@mail.com,9189943210,Nagpur,Maharashtra,2023-02-06
658,Dev,Verma,dev.verma658@mail.com,7934397516,Rajkot,Gujarat,2025-12-18
659,Aditya,Iyer,,9376782703,Kolhapur,Maharashtra,2026-02-20
660,Myra,Rao,myra.rao660@mail.com,7846276362,Salem,Tamil Nadu,2023-10-16
661,Amit,Gupta,amit.gupta661@mail.com,9245862036,Kolkata,West Bengal,2022-11-19
662,Aadhya,Joshi,aadhya.joshi662@mail.com,8471750422,New Delhi,Delhi,2022-11-15
663,Rahul,Pillai,rahul.pillai663@mail.com,7012944337,Bengaluru,Karnataka,2026-03-22
664,Anjali,Joshi,anjali.joshi664@mail.com,7136365149,Rajkot,Gujarat,2023-03-09
665,Divya,Sharma,divya.sharma665@mail.com,7204164505,Aurangabad,Maharashtra,2025-05-23
666,Isha,Mehta,,7697037682,Surat,Gujarat,2021-09-25
667,Saanvi,Mehta,saanvi.mehta667@mail.com,7409497353,Mangaluru,Karnataka,2023-01-13
668,Vihaan,Chatterjee,vihaan.chatterjee668@mail.com,8896571607,Mysuru,Karnataka,2023-05-14
669,Sai,Pillai,sai.pillai669@mail.com,9650986160,Agra,Uttar Pradesh,2024-09-26
670,Kabir,Rao,kabir.rao670@mail.com,9156465812,Kota,Rajasthan,2026-02-24
671,Lakshmi,Menon,lakshmi.menon671@mail.com,7114076624,Rohini,Delhi,2025-03-29
672,Pooja,Das,pooja.das672@mail.com,8462986499,Rajkot,Gujarat,2024-06-28
673,Kabir,Verma,kabir.verma673@mail.com,7661119176,Ghaziabad,Uttar Pradesh,2021-04-09
674,Sneha,Das,sneha.das674@mail.com,8352226539,Varanasi,Uttar Pradesh,2025-02-14
675,Lakshmi,Singh,lakshmi.singh675@mail.com,8317816153,Hubli,Karnataka,2024-04-29
676,Aditya,Rao,aditya.rao676@mail.com,8132348538,Jaipur,Rajasthan,2022-08-08
677,Rahul,Nair,rahul.nair677@mail.com,8809914245,Mysuru,Karnataka,2021-09-07
678,Ramesh,Pillai,ramesh.pillai678@mail.com,9225673710,Howrah,West Bengal,2022-10-10
679,Riya,Gupta,riya.gupta679@mail.com,7965417442,Hubli,Karnataka,2022-03-28
680,Lakshmi,Rao,lakshmi.rao680@mail.com,7370481545,Salem,Tamil Nadu,2025-11-15
681,Aadhya,Gupta,aadhya.gupta681@mail.com,,Kolkata,West Bengal,2022-06-03
682,Saanvi,Patel,saanvi.patel682@mail.com,7664077748,  Ahmedabad  ,Gujarat,2024-02-29
683,Riya,Nair,riya.nair683@mail.com,9195075233,Kota,Rajasthan,2022-11-14
684,Vihaan,Mehta,vihaan.mehta684@mail.com,8071672480,Chennai,Tamil Nadu,2022-05-04
685,Ramesh,Verma,ramesh.verma685@mail.com,8097286322,Aurangabad,Maharashtra,2021-08-28
686,Rohan,Kumar,rohan.kumar686@mail.com,8329239203,Siliguri,West Bengal,2024-05-13
687,Aadhya,Verma,aadhya.verma687@mail.com,,Kolhapur,Maharashtra,2022-09-06
688,Ramesh,Kumar,ramesh.kumar688@mail.com,9594348854,Mumbai,Maharashtra,2023-03-05
689,Kiara,Patel,kiara.patel689@mail.com,9879726132,Siliguri,West Bengal,2022-04-14
690,Sai,Singh,sai.singh690@mail.com,8746253003,Mangaluru,Karnataka,2026-01-06
691,Anjali,Sharma,anjali.sharma691@mail.com,8589017290,Rajkot,Gujarat,2023-10-01
692,Neha,Sharma,neha.sharma692@mail.com,9914494580,Dwarka,Delhi,2021-02-09
693,Vivaan,Singh,,9152614609,Agra,Uttar Pradesh,2024-12-20
694,Divya,Chatterjee,divya.chatterjee694@mail.com,7341111018,Durgapur,West Bengal,2023-06-07
695,Pooja,Reddy,pooja.reddy695@mail.com,9924082129,Surat,Gujarat,2021-01-04
696,Neha,Patel,,9595926372,Vadodara,Gujarat,2021-06-18
697,Arjun,Joshi,arjun.joshi697@mail.com,9417913685,Kota,Rajasthan,2026-05-12
698,Diya,Reddy,diya.reddy698@mail.com,8407120828,Dwarka,Delhi,2026-05-04
699,Divya,Menon,divya.menon699@mail.com,7579332032,Kota,Rajasthan,2022-05-18
700,Neha,Reddy,neha.reddy700@mail.com,8393091767,Siliguri,West Bengal,2022-06-29
701,Aarav,Patel,aarav.patel701@mail.com,8729736942,Kota,Rajasthan,2023-09-20
702,Rahul,Mehta,rahul.mehta702@mail.com,8890340705,Ahmedabad,Gujarat,2021-06-02
703,Anjali,Das,anjali.das703@mail.com,7419096480,Ahmedabad,Gujarat,2022-12-04
704,Sneha,Kumar,sneha.kumar704@mail.com,8325923994,New Delhi,Delhi,2022-10-29
705,Arjun,Joshi,arjun.joshi705@mail.com,8147799801,Ghaziabad,Uttar Pradesh,2025-10-16
706,Saanvi,Menon,saanvi.menon706@mail.com,9650346043,Tiruchirapalli,Tamil Nadu,2022-09-13
707,Ramesh,Chatterjee,ramesh.chatterjee707@mail.com,8389381090,Ahmedabad,Gujarat,2026-06-22
708,Krishna,Pillai,krishna.pillai708@mail.com,8025329267,Kota,Rajasthan,2024-11-20
709,Sneha,Nair,,8997557186,Delhi,Delhi,2022-05-16
710,Priya,Patel,priya.patel710@mail.com,8805931224,Nagpur,Maharashtra,2025-10-23
711,Sai,Singh,sai.singh711@mail.com,8969153900,Mangaluru,Karnataka,2022-09-27
712,Amit,Reddy,amit.reddy712@mail.com,9797169636,Coimbatore,Tamil Nadu,2024-04-17
713,Arjun,Das,arjun.das713@mail.com,9864230395,Dwarka,Delhi,2025-11-30
714,Pooja,Singh,pooja.singh714@mail.com,9290966763,Aurangabad,Maharashtra,2024-11-26
715,Vivaan,Pillai,vivaan.pillai715@mail.com,8705190552,Mysuru,Karnataka,2021-12-20
716,Priya,Iyer,priya.iyer716@mail.com,8485834710,Madurai,Tamil Nadu,2023-12-30
717,Aditya,Pillai,aditya.pillai717@mail.com,9015662059,Jaipur,Rajasthan,2021-01-22
718,Amit,Mehta,amit.mehta718@mail.com,9334894398,Jodhpur,Rajasthan,2022-09-20
719,Aarav,Reddy,aarav.reddy719@mail.com,7232186192,Hubli,Karnataka,2024-02-03
720,Ramesh,Menon,ramesh.menon720@mail.com,8948062436,Nagpur,Maharashtra,2021-07-29
721,Vihaan,Rao,vihaan.rao721@mail.com,7503825010,New Delhi,Delhi,2024-01-03
722,Divya,Kumar,divya.kumar722@mail.com,9500257405,Nagpur,Maharashtra,2023-09-12
723,Neha,Sharma,neha.sharma723@mail.com,8622254335,Mangaluru,Karnataka,2025-05-17
724,Isha,Iyer,isha.iyer724@mail.com,8648280507,Dwarka,Delhi,2024-03-17
725,Vihaan,Patel,vihaan.patel725@mail.com,9640640775,Salem,Tamil Nadu,2021-04-16
726,Divya,Verma,divya.verma726@mail.com,8519617474,Tiruchirapalli,Tamil Nadu,2024-01-14
727,Riya,Menon,riya.menon727@mail.com,7473564677,Salem,Tamil Nadu,2023-03-11
728,Vivaan,Reddy,vivaan.reddy728@mail.com,,Jaipur,Rajasthan,2024-10-11
729,Vihaan,Joshi,vihaan.joshi729@mail.com,9608098456,Dwarka,Delhi,2022-11-30
730,Lakshmi,Gupta,lakshmi.gupta730@mail.com,8502085253,Pune,Maharashtra,2024-10-28
731,Neha,Menon,neha.menon731@mail.com,8687359326,Delhi,Delhi,2026-01-18
732,Ishaan,Menon,ishaan.menon732@mail.com,8256680937,Delhi,Delhi,2024-08-12
733,Divya,Joshi,divya.joshi733@mail.com,8090988008,Chennai,Tamil Nadu,2023-01-05
734,Diya,Patel,diya.patel734@mail.com,8576490213,Jodhpur,Rajasthan,2025-01-27
735,Vihaan,Iyer,,9611991937,Coimbatore,Tamil Nadu,2024-11-05
736,Aarav,Kumar,aarav.kumar736@mail.com,7234466337,Tiruchirapalli,Tamil Nadu,2026-03-29
737,Rahul,Iyer,rahul.iyer737@mail.com,8221753407,Bengaluru,Karnataka,2022-07-18
738,Sneha,Sharma,sneha.sharma738@mail.com,8714875599,Dwarka,Delhi,2021-10-06
739,Suresh,Iyer,suresh.iyer739@mail.com,9500588310,Chennai,Tamil Nadu,2024-09-09
740,Sneha,Gupta,,8482972309,Rajkot,Gujarat,2024-01-05
741,Diya,Pillai,diya.pillai741@mail.com,7749181046,Agra,Uttar Pradesh,2025-04-17
742,Kiara,Patel,kiara.patel742@mail.com,8276047083,New Delhi,Delhi,2026-06-13
743,Lakshmi,Sharma,lakshmi.sharma743@mail.com,8121860823,Hubli,Karnataka,2026-04-20
744,Aarav,Gupta,aarav.gupta744@mail.com,8815435982,Jodhpur,Rajasthan,2025-03-01
745,Myra,Chatterjee,myra.chatterjee745@mail.com,7925812769,Lucknow,Uttar Pradesh,2023-04-26
746,Ishaan,Sharma,ishaan.sharma746@mail.com,7303735972,Mysuru,Karnataka,2022-07-16
747,Sai,Verma,sai.verma747@mail.com,8518870252,Agra,Uttar Pradesh,2023-02-11
748,Sneha,Verma,sneha.verma748@mail.com,7809299737,Siliguri,West Bengal,2022-10-05
749,Meera,Nair,meera.nair749@mail.com,,Durgapur,West Bengal,2024-04-25
750,Kabir,Singh,kabir.singh750@mail.com,7125928798,Noida,Uttar Pradesh,2026-05-12
751,Priya,Gupta,priya.gupta751@mail.com,7868454610,Howrah,West Bengal,2022-10-06
752,Kabir,Das,kabir.das752@mail.com,9932579556,Udaipur,Rajasthan,2024-10-05
753,Kiara,Kumar,kiara.kumar753@mail.com,7786599340,Mangaluru,Karnataka,2022-11-02
754,Vivaan,Singh,vivaan.singh754@mail.com,8383285501,Mysuru,Karnataka,2023-08-09
755,Kabir,Menon,kabir.menon755@mail.com,7150227911,Hubli,Karnataka,2024-01-02
756,Arjun,Mehta,arjun.mehta756@mail.com,8073339733,Bengaluru,Karnataka,2022-08-25
757,Neha,Rao,neha.rao757@mail.com,7990665508,Delhi,Delhi,2022-03-06
758,Meera,Mehta,meera.mehta758@mail.com,7464546639,Surat,Gujarat,2025-09-02
759,Amit,Iyer,amit.iyer759@mail.com,7381358727,Howrah,West Bengal,2024-05-29
760,Diya,Rao,diya.rao760@mail.com,9086532391,Udaipur,Rajasthan,2021-04-27
761,Kiara,Singh,kiara.singh761@mail.com,,Jaipur,Rajasthan,2023-10-26
762,Meera,Singh,meera.singh762@mail.com,7907240164,Surat,Gujarat,2025-11-11
763,Isha,Reddy,isha.reddy763@mail.com,9153477279,Rajkot,Gujarat,2022-09-27
764,Sneha,Reddy,sneha.reddy764@mail.com,8011049556,Ghaziabad,Uttar Pradesh,2023-04-07
765,Divya,Reddy,,8862517574,Durgapur,West Bengal,2026-02-04
766,Ananya,Reddy,ananya.reddy766@mail.com,7277161982,Salem,Tamil Nadu,2022-04-30
767,Rohan,Rao,rohan.rao767@mail.com,8073528941,Dwarka,Delhi,2023-01-25
768,Meera,Mehta,meera.mehta768@mail.com,7022459655,Bengaluru,Karnataka,2024-04-25
769,Meera,Sharma,meera.sharma769@mail.com,7380255689,Bengaluru,Karnataka,2021-03-28
770,Neha,Iyer,neha.iyer770@mail.com,8594431118,New Delhi,Delhi,2021-06-01
771,Kabir,Das,kabir.das771@mail.com,7944352976,New Delhi,Delhi,2023-08-12
772,Pooja,Menon,pooja.menon772,8667445601,Jaipur,Rajasthan,2026-05-29
773,Sneha,Pillai,sneha.pillai773@mail.com,9281242752,Tiruchirapalli,Tamil Nadu,2022-07-14
774,Ramesh,Rao,ramesh.rao774@mail.com,7341327710,Tiruchirapalli,Tamil Nadu,2024-12-31
775,Sneha,Gupta,sneha.gupta775@mail.com,9365476380,Ahmedabad,Gujarat,2025-11-25
776,Saanvi,Kumar,saanvi.kumar776@mail.com,8803565688,Jodhpur,Rajasthan,2022-12-24
777,Sneha,Joshi,sneha.joshi777@mail.com,7876551995,Mysuru,Karnataka,2021-07-30
778,Suresh,Patel,suresh.patel778@mail.com,7474425628,Udaipur,Rajasthan,2025-10-18
779,Myra,Gupta,myra.gupta779@mail.com,9807720190,Kota,Rajasthan,2022-02-08
780,Arjun,Das,arjun.das780@mail.com,8137976798,Mysuru,Karnataka,2022-10-29
781,Divya,Nair,divya.nair781@mail.com,8121398669,Chennai,Tamil Nadu,2026-02-21
782,Kiara,Rao,kiara.rao782@mail.com,8950932798,Chennai,Tamil Nadu,2022-10-21
783,Rahul,Iyer,rahul.iyer783,8304136446,Surat,Gujarat,2024-04-30
784,Vivaan,Reddy,vivaan.reddy784@mail.com,8889575874,Vadodara,Gujarat,2025-04-02
785,Saanvi,Sharma,saanvi.sharma785@mail.com,8531355417,Siliguri,West Bengal,2025-02-25
786,Kabir,Patel,kabir.patel786@mail.com,7185016859,Kolhapur,Maharashtra,2022-04-30
787,Amit,Joshi,amit.joshi787@mail.com,,Ahmedabad,Gujarat,2024-05-13
788,Aditya,Verma,aditya.verma788@mail.com,9522071835,Nashik,Maharashtra,2025-04-02
789,Myra,Reddy,myra.reddy789@mail.com,7474874393,Delhi,Delhi,2024-07-30
790,Rohan,Sharma,rohan.sharma790@mail.com,9560779586,Udaipur,Rajasthan,2021-08-11
791,Lakshmi,Sharma,lakshmi.sharma791@mail.com,9159773042,Madurai,Tamil Nadu,2026-05-27
792,Meera,Nair,meera.nair792,9000021548,Noida,Uttar Pradesh,2023-05-31
793,Rohan,Gupta,rohan.gupta793@mail.com,8634435526,Hubli,Karnataka,2022-08-20
794,Rohan,Verma,rohan.verma794@mail.com,8865065610,Agra,Uttar Pradesh,2023-08-11
795,Dev,Reddy,dev.reddy795@mail.com,7563350700,Delhi,Delhi,2022-12-26
796,Myra,Reddy,myra.reddy796@mail.com,9013134317,Howrah,West Bengal,2024-06-05
797,Vihaan,Nair,vihaan.nair797@mail.com,9241353404,Coimbatore,Tamil Nadu,2021-05-01
798,Vihaan,Reddy,vihaan.reddy798@mail.com,8807542592,Kanpur,Uttar Pradesh,2022-04-22
799,Priya,Patel,priya.patel799@mail.com,7233169582,Kolkata,West Bengal,2025-06-22
800,Aditya,Patel,aditya.patel800@mail.com,7549522894,Ghaziabad,Uttar Pradesh,2024-01-07
801,Kabir,Rao,kabir.rao801@mail.com,9844099213,Bengaluru,Karnataka,2025-09-23
802,Ananya,Gupta,ananya.gupta802@mail.com,9172393711,Surat,Gujarat,2022-09-29
803,Meera,Chatterjee,meera.chatterjee803@mail.com,9631076858,Mysuru,Karnataka,2021-08-31
804,Kiara,Patel,kiara.patel804@mail.com,9098762564,Siliguri,West Bengal,2026-02-27
805,Riya,Reddy,riya.reddy805@mail.com,9178446271,Ghaziabad,Uttar Pradesh,2023-04-16
806,Neha,Rao,neha.rao806@mail.com,7849899441,Mysuru,Karnataka,2023-10-16
807,Rahul,Gupta,rahul.gupta807@mail.com,9627034199,Mumbai,Maharashtra,2024-08-18
808,Riya,Patel,riya.patel808@mail.com,8067970856,Coimbatore,Tamil Nadu,2022-04-18
809,Ishaan,Sharma,ishaan.sharma809@mail.com,7858479481,Delhi,Delhi,2021-06-22
810,Meera,Singh,meera.singh810@mail.com,8087620652,Bengaluru,Karnataka,2022-01-22
811,Kiara,Pillai,kiara.pillai811@mail.com,8953561945,Dwarka,Delhi,2023-07-11
812,Kiara,Kumar,kiara.kumar812@mail.com,7594786573,Hubli,Karnataka,2024-11-20
813,Aadhya,Das,aadhya.das813@mail.com,8022610414,Dwarka,Delhi,2023-01-19
814,Aditya,Menon,aditya.menon814@mail.com,7586095908,Siliguri,West Bengal,2022-01-05
815,Kiara,Pillai,kiara.pillai815@mail.com,8900291488,Jodhpur,Rajasthan,2024-09-24
816,Aarav,Sharma,,7144863533,Mangaluru,Karnataka,2023-10-12
817,Suresh,Patel,suresh.patel817@mail.com,8228732222,Aurangabad,Maharashtra,2023-12-09
818,Krishna,Iyer,krishna.iyer818@mail.com,8224482962,Dwarka,Delhi,2021-09-03
819,Aarav,Rao,aarav.rao819@mail.com,9096136527,Salem,Tamil Nadu,2024-11-09
820,Amit,Verma,,9196542258,chennai,Tamil Nadu,2026-01-31
821,Vihaan,Chatterjee,vihaan.chatterjee821@mail.com,8039422148,Nagpur,Maharashtra,2025-07-29
822,Riya,Mehta,riya.mehta822@mail.com,7786295211,Mumbai,Maharashtra,2024-11-24
823,Divya,Pillai,divya.pillai823@mail.com,,Delhi,Delhi,2021-03-17
824,Aditya,Menon,aditya.menon824@mail.com,9245169252,Howrah,West Bengal,2026-03-21
825,Neha,Kumar,neha.kumar825@mail.com,8497076332,Rohini,Delhi,2023-01-20
826,Sai,Iyer,sai.iyer826@mail.com,8646276667,Agra,Uttar Pradesh,2024-08-30
827,Saanvi,Joshi,saanvi.joshi827@mail.com,9481832896,Rajkot,Gujarat,2023-06-18
828,Divya,Nair,divya.nair828@mail.com,8717128472,Lucknow,Uttar Pradesh,2022-04-20
829,Ananya,Das,ananya.das829@mail.com,8116070104,Chennai,Tamil Nadu,2024-08-08
830,Vihaan,Gupta,vihaan.gupta830@mail.com,8392333919,Siliguri,West Bengal,2021-01-05
831,Sai,Iyer,sai.iyer831@mail.com,7014559220,Salem,Tamil Nadu,2026-06-02
832,Suresh,Menon,suresh.menon832@mail.com,8959819336,Siliguri,West Bengal,2022-09-09
833,Kiara,Mehta,,9605735929,Bengaluru,Karnataka,2021-07-01
834,Aadhya,Sharma,aadhya.sharma834@mail.com,9754381763,Hubli,Karnataka,2022-10-10
835,Ananya,Pillai,ananya.pillai835@mail.com,8051537821,Ghaziabad,Uttar Pradesh,2022-05-07
836,Aarav,Pillai,aarav.pillai836@mail.com,8448474765,Dwarka,Delhi,2023-11-03
837,Kabir,Kumar,kabir.kumar837@mail.com,8109046718,Howrah,West Bengal,2021-02-06
838,Vihaan,Menon,vihaan.menon838@mail.com,7709268394,Agra,Uttar Pradesh,2023-02-22
839,Ramesh,Sharma,ramesh.sharma839@mail.com,8254821442,Vadodara,Gujarat,2023-03-05
840,Divya,Mehta,divya.mehta840@mail.com,8540369532,Jodhpur,Rajasthan,2025-02-13
841,Meera,Gupta,meera.gupta841@mail.com,7100613870,Surat,Gujarat,2023-10-01
842,Arjun,Iyer,arjun.iyer842@mail.com,9231053056,Madurai,Tamil Nadu,2022-03-11
843,Suresh,Reddy,suresh.reddy843@mail.com,8684481476,Madurai,Tamil Nadu,2024-06-22
844,Pooja,Das,pooja.das844@mail.com,8501469140,Mangaluru,Karnataka,2025-05-07
845,Anjali,Menon,anjali.menon845@mail.com,8827354431,New Delhi,Delhi,2022-10-19
846,Ananya,Joshi,ananya.joshi846@mail.com,8008910140,Kanpur,Uttar Pradesh,2025-05-03
847,Vivaan,Kumar,vivaan.kumar847@mail.com,,Udaipur,Rajasthan,2026-06-29
848,Aryan,Mehta,aryan.mehta848@mail.com,9739865100,Dwarka,Delhi,2022-06-19
849,Suresh,Nair,suresh.nair849@mail.com,8869651056,Surat,Gujarat,2021-06-27
850,Kabir,Pillai,kabir.pillai850@mail.com,8832699097,Bengaluru,Karnataka,2021-12-11
851,Pooja,Sharma,pooja.sharma851@mail.com,7719724972,New Delhi,Delhi,2022-05-08
852,Diya,Gupta,diya.gupta852@mail.com,8677177454,Siliguri,West Bengal,2024-06-06
853,Ishaan,Patel,ishaan.patel853@mail.com,8380161236,Nashik,Maharashtra,2026-01-04
854,Vihaan,Kumar,vihaan.kumar854@mail.com,8761493028,Mangaluru,Karnataka,2021-02-19
855,Aarav,Menon,,9323895629,Nashik,Maharashtra,2025-03-31
856,Krishna,Rao,krishna.rao856@mail.com,9959356579,Chennai,Tamil Nadu,2021-08-22
857,Kiara,Kumar,kiara.kumar857@mail.com,8496658980,Bengaluru,Karnataka,2022-11-22
858,Ishaan,Kumar,ishaan.kumar858@mail.com,8566710578,Pune,Maharashtra,2023-08-27
859,Krishna,Nair,krishna.nair859@mail.com,8002145703,Mangaluru,Karnataka,2026-04-01
860,Kabir,Pillai,kabir.pillai860@mail.com,8623297943,Varanasi,Uttar Pradesh,2025-05-13
861,Myra,Menon,myra.menon861@mail.com,9392692796,Jodhpur,Rajasthan,2024-04-29
862,Aryan,Chatterjee,aryan.chatterjee862@mail.com,8591317257,Bengaluru,Karnataka,2021-03-19
863,Sneha,Verma,sneha.verma863@mail.com,9864255261,Ghaziabad,Uttar Pradesh,2021-10-02
864,Krishna,Reddy,krishna.reddy864@mail.com,7942950234,New Delhi,Delhi,2021-09-01
865,Anjali,Verma,anjali.verma865@mail.com,9552669201,Pune,Maharashtra,2023-03-28
866,Krishna,Nair,krishna.nair866@mail.com,7178359414,Pune,Maharashtra,2025-04-17
867,Sneha,Singh,,8563120496,Lucknow,Uttar Pradesh,2024-01-21
868,Divya,Joshi,divya.joshi868@mail.com,8831958678,Bengaluru,Karnataka,2022-10-27
869,Kabir,Joshi,kabir.joshi869@mail.com,9178444551,Kolkata,West Bengal,2024-01-16
870,Suresh,Rao,,9880491022,Ahmedabad,Gujarat,2021-12-02
871,Diya,Verma,diya.verma871@mail.com,9501163389,Bengaluru,Karnataka,2023-09-16
872,Riya,Nair,riya.nair872@mail.com,7292198472,Howrah,West Bengal,2026-02-12
873,Aarav,Mehta,aarav.mehta873@mail.com,7928032013,Durgapur,West Bengal,2025-12-19
874,Ananya,Gupta,ananya.gupta874@mail.com,9466099918,Hubli,Karnataka,2023-05-31
875,Dev,Nair,dev.nair875@mail.com,7555440156,Surat,Gujarat,2026-04-13
876,Suresh,Patel,suresh.patel876@mail.com,7910479805,Mangaluru,Karnataka,2022-03-07
877,Isha,Reddy,isha.reddy877@mail.com,9422588582,Udaipur,Rajasthan,2025-09-06
878,Kabir,Mehta,kabir.mehta878@mail.com,9634362509,Siliguri,West Bengal,2022-08-09
879,Saanvi,Sharma,saanvi.sharma879@mail.com,7749188379,Kota,Rajasthan,2022-11-05
880,Diya,Reddy,diya.reddy880@mail.com,,Noida,Uttar Pradesh,2023-05-30
881,Priya,Kumar,priya.kumar881@mail.com,9095360444,Kolkata,West Bengal,2021-07-27
882,Aarav,Gupta,,7646358069,Coimbatore,Tamil Nadu,2026-03-27
883,Aditya,Menon,aditya.menon883@mail.com,7599659863,Ahmedabad,Gujarat,2025-04-27
884,Aadhya,Joshi,aadhya.joshi884@mail.com,,Bengaluru,Karnataka,2021-06-04
885,Pooja,Sharma,pooja.sharma885@mail.com,7451090332,Nashik,Maharashtra,2024-05-14
886,Divya,Das,divya.das886@mail.com,7312778382,Rajkot,Gujarat,2022-04-07
887,Sai,Verma,sai.verma887@mail.com,9895980720,Ahmedabad,Gujarat,2021-10-27
888,Myra,Singh,myra.singh888@mail.com,,Mangaluru,Karnataka,2022-02-19
889,Myra,Mehta,myra.mehta889@mail.com,7183332566,Madurai,Tamil Nadu,2023-09-25
890,Kiara,Gupta,kiara.gupta890@mail.com,7571487076,Agra,Uttar Pradesh,2025-01-19
891,Ramesh,Das,ramesh.das891@mail.com,8243042135,Mumbai,Maharashtra,2022-01-03
892,Aarav,Reddy,aarav.reddy892@mail.com,7915013257,Ghaziabad,Uttar Pradesh,2023-01-07
893,Neha,Reddy,neha.reddy893@mail.com,8825960126,Mangaluru,Karnataka,2022-10-19
894,Meera,Menon,,8308091836,Mangaluru,Karnataka,2024-05-04
895,Divya,Joshi,divya.joshi895@mail.com,8932025825,Dwarka,Delhi,2021-09-10
896,Kiara,Nair,,8005536054,CHENNAI,Tamil Nadu,2025-11-18
897,Ishaan,Kumar,ishaan.kumar897@mail.com,7258831126,Agra,Uttar Pradesh,2021-05-25
898,Isha,Menon,isha.menon898@mail.com,8215476540,Rohini,Delhi,2023-05-12
899,Ishaan,Rao,ishaan.rao899@mail.com,8036928792,Varanasi,Uttar Pradesh,2024-08-21
900,Aryan,Reddy,aryan.reddy900@mail.com,7750987237,Mumbai,Maharashtra,2023-03-24
901,Myra,Joshi,myra.joshi901@mail.com,9513423700,Jodhpur,Rajasthan,2025-05-29
902,Suresh,Patel,suresh.patel902@mail.com,9290385394,Udaipur,Rajasthan,2025-09-09
903,Aarav,Singh,aarav.singh903@mail.com,9844482593,Udaipur,Rajasthan,2024-03-26
904,Pooja,Singh,pooja.singh904@mail.com,8453328816,Mysuru,Karnataka,2022-06-03
905,Ananya,Mehta,ananya.mehta905@mail.com,9266662139,Udaipur,Rajasthan,2021-05-01
906,Aadhya,Sharma,aadhya.sharma906@mail.com,7162932896,Mysuru,Karnataka,2024-07-19
907,Vivaan,Rao,vivaan.rao907@mail.com,7090044090,Siliguri,West Bengal,2026-03-21
908,Myra,Singh,myra.singh908@mail.com,9903090684,Durgapur,West Bengal,2024-11-14
909,Anjali,Menon,anjali.menon909@mail.com,8541832794,  Ahmedabad  ,Gujarat,2023-11-02
910,Neha,Joshi,neha.joshi910@mail.com,,Ahmedabad,Gujarat,2024-07-21
911,Vihaan,Singh,vihaan.singh911@mail.com,7136750320,  Delhi  ,Delhi,2024-01-08
912,Aarav,Patel,aarav.patel912@mail.com,7128637328,Pune,Maharashtra,2022-08-11
913,Sneha,Joshi,sneha.joshi913@mail.com,8256126310,Delhi,Delhi,2021-08-22
914,Rahul,Sharma,rahul.sharma914@mail.com,,Chennai,Tamil Nadu,2024-02-11
915,Sai,Pillai,sai.pillai915@mail.com,9487396547,Salem,Tamil Nadu,2022-07-07
916,Priya,Patel,priya.patel916@mail.com,7268742133,Howrah,West Bengal,2026-06-25
917,Vivaan,Sharma,vivaan.sharma917@mail.com,9871115644,Tiruchirapalli,Tamil Nadu,2024-12-01
918,Dev,Gupta,dev.gupta918@mail.com,7375926802,Delhi,Delhi,2025-10-21
919,Arjun,Kumar,arjun.kumar919@mail.com,8582526356,Jaipur,Rajasthan,2021-09-10
920,Myra,Sharma,myra.sharma920@mail.com,9521724157,Mumbai,Maharashtra,2024-05-08
921,Kabir,Iyer,kabir.iyer921@mail.com,9528363863,Varanasi,Uttar Pradesh,2023-10-17
922,Kiara,Das,kiara.das922@mail.com,8814786058,Rajkot,Gujarat,2025-05-04
923,Saanvi,Iyer,,9299579637,Varanasi,Uttar Pradesh,2026-04-28
924,Suresh,Gupta,suresh.gupta924@mail.com,8985936085,Nagpur,Maharashtra,2024-08-05
925,Rahul,Menon,rahul.menon925@mail.com,9506447993,Mumbai,Maharashtra,2025-05-24
926,Arjun,Patel,arjun.patel926@mail.com,8268355852,Hubli,Karnataka,2024-12-03
927,Lakshmi,Reddy,lakshmi.reddy927@mail.com,9597484549,New Delhi,Delhi,2024-05-06
928,Dev,Joshi,dev.joshi928@mail.com,8778468373,Kolkata,West Bengal,2022-08-09
929,Sneha,Nair,sneha.nair929@mail.com,7222758141,Durgapur,West Bengal,2021-10-08
930,Arjun,Chatterjee,arjun.chatterjee930@mail.com,9066470017,Vadodara,Gujarat,2026-01-01
931,Sai,Gupta,sai.gupta931@mail.com,8407892491,Varanasi,Uttar Pradesh,2025-08-29
932,Aadhya,Das,aadhya.das932@mail.com,8720417190,Hubli,Karnataka,2023-01-10
933,Vivaan,Rao,vivaan.rao933@mail.com,8636560919,Kota,Rajasthan,2026-01-05
934,Divya,Kumar,divya.kumar934@mail.com,9006688633,Kolkata,West Bengal,2021-08-14
935,Meera,Kumar,meera.kumar935@mail.com,7087994634,Noida,Uttar Pradesh,2025-07-05
936,Meera,Gupta,,7087171101,Udaipur,Rajasthan,2024-08-03
937,Amit,Reddy,amit.reddy937@mail.com,7147739208,Bengaluru,Karnataka,2021-02-22
938,Anjali,Menon,anjali.menon938@mail.com,9671352492,Aurangabad,Maharashtra,2026-05-04
939,Divya,Patel,divya.patel939@mail.com,8162710701,Chennai,Tamil Nadu,2025-05-03
940,Aadhya,Kumar,aadhya.kumar940@mail.com,7408381701,Kanpur,Uttar Pradesh,2022-07-02
941,Aditya,Sharma,aditya.sharma941@mail.com,,Kanpur,Uttar Pradesh,2021-07-19
942,Dev,Mehta,dev.mehta942@mail.com,7356580313,Bengaluru,Karnataka,2023-07-07
943,Vivaan,Chatterjee,vivaan.chatterjee943@mail.com,7331260477,Rajkot,Gujarat,2025-03-20
944,Kabir,Verma,kabir.verma944@mail.com,8701610801,Kanpur,Uttar Pradesh,2026-06-19
945,Rahul,Das,rahul.das945@mail.com,7783148167,Pune,Maharashtra,2026-03-06
946,Aditya,Pillai,aditya.pillai946@mail.com,7621124439,Salem,Tamil Nadu,2022-02-16
947,Saanvi,Kumar,saanvi.kumar947@mail.com,9784018733,  Udaipur  ,Rajasthan,2024-12-29
948,Priya,Iyer,priya.iyer948@mail.com,7304118106,Salem,Tamil Nadu,2022-12-15
949,Meera,Rao,meera.rao949@mail.com,8935243505,Mangaluru,Karnataka,2021-04-28
950,Vihaan,Kumar,vihaan.kumar950@mail.com,8252173840,Nagpur,Maharashtra,2021-01-26
951,Rohan,Sharma,rohan.sharma951@mail.com,9976133585,Rajkot,Gujarat,2024-06-09
952,Saanvi,Reddy,saanvi.reddy952@mail.com,7555854470,Mumbai,Maharashtra,2022-12-02
953,Aadhya,Pillai,aadhya.pillai953@mail.com,8669314595,Rohini,Delhi,2025-02-23
954,Meera,Joshi,meera.joshi954@mail.com,9062358324,Ahmedabad,Gujarat,2022-03-08
955,Ishaan,Reddy,ishaan.reddy955@mail.com,8105620328,Durgapur,West Bengal,2023-11-23
956,Vivaan,Sharma,vivaan.sharma956@mail.com,9691418631,Howrah,West Bengal,2024-05-24
957,Aditya,Verma,aditya.verma957@mail.com,8522515752,Kanpur,Uttar Pradesh,2025-03-27
958,Suresh,Joshi,suresh.joshi958@mail.com,9085618665,Chennai,Tamil Nadu,2022-03-13
959,Anjali,Patel,anjali.patel959@mail.com,7692755249,Delhi,Delhi,2023-05-12
960,Sneha,Nair,sneha.nair960@mail.com,7593280304,Dwarka,Delhi,2023-09-28
961,Lakshmi,Kumar,lakshmi.kumar961@mail.com,7842833061,Siliguri,West Bengal,2021-08-01
962,Lakshmi,Kumar,lakshmi.kumar962@mail.com,7127842598,Bengaluru,Karnataka,2023-09-05
963,Meera,Verma,meera.verma963@mail.com,8503249958,Bengaluru,Karnataka,2025-11-16
964,Divya,Gupta,divya.gupta964@mail.com,9953275940,Kota,Rajasthan,2025-08-02
965,Saanvi,Singh,saanvi.singh965@mail.com,8620223342,Bengaluru,Karnataka,2024-07-22
966,Vivaan,Menon,vivaan.menon966@mail.com,9140032874,Rajkot,Gujarat,2021-03-23
967,Ramesh,Pillai,ramesh.pillai967@mail.com,9169728319,Pune,Maharashtra,2023-04-14
968,Sai,Reddy,sai.reddy968@mail.com,7437432722,Rohini,Delhi,2022-08-02
969,Rohan,Pillai,rohan.pillai969@mail.com,7945395886,Pune,Maharashtra,2021-12-11
970,Neha,Kumar,neha.kumar970@mail.com,7386119185,Aurangabad,Maharashtra,2024-01-03
971,Anjali,Joshi,anjali.joshi971@mail.com,8984519393,Coimbatore,Tamil Nadu,2026-03-23
972,Lakshmi,Mehta,lakshmi.mehta972@mail.com,8400279540,Jodhpur,Rajasthan,2022-05-04
973,Meera,Pillai,meera.pillai973@mail.com,8283382431,Coimbatore,Tamil Nadu,2025-03-17
974,Ananya,Patel,ananya.patel974@mail.com,9593056069,Ghaziabad,Uttar Pradesh,2024-06-16
975,Ramesh,Gupta,ramesh.gupta975@mail.com,7033943136,Madurai,Tamil Nadu,2022-01-30
976,Diya,Joshi,diya.joshi976@mail.com,9635665214,Udaipur,Rajasthan,2024-01-14
977,Neha,Iyer,neha.iyer977@mail.com,7962034549,Mumbai,Maharashtra,2024-10-09
978,Anjali,Patel,anjali.patel978@mail.com,9934074990,Noida,Uttar Pradesh,2024-05-24
979,Isha,Rao,isha.rao979@mail.com,,Jaipur,Rajasthan,2024-03-15
980,Krishna,Patel,krishna.patel980@mail.com,8640033799,Rajkot,Gujarat,2021-05-11
981,Divya,Nair,divya.nair981@mail.com,8421768214,Bengaluru,Karnataka,2021-01-14
982,Aryan,Pillai,aryan.pillai982@mail.com,7096286615,Tiruchirapalli,Tamil Nadu,2023-07-01
983,Isha,Chatterjee,isha.chatterjee983@mail.com,8562197405,Bengaluru,Karnataka,2026-03-09
984,Isha,Pillai,isha.pillai984@mail.com,8952058454,Siliguri,West Bengal,2026-04-11
985,Arjun,Rao,arjun.rao985@mail.com,9641069451,Vadodara,Gujarat,2021-09-12
986,Sneha,Rao,sneha.rao986@mail.com,8822690384,Chennai,Tamil Nadu,2024-10-02
987,Myra,Patel,myra.patel987@mail.com,7869789704,Ghaziabad,Uttar Pradesh,2023-10-16
988,Neha,Reddy,neha.reddy988@mail.com,7011836705,Kota,Rajasthan,2025-08-18
989,Neha,Das,neha.das989,8404276118,Delhi,Delhi,2024-09-12
990,Dev,Pillai,dev.pillai990@mail.com,7922769617,Lucknow,Uttar Pradesh,2021-01-22
991,Dev,Verma,dev.verma991@mail.com,8835940573,Jodhpur,Rajasthan,2022-05-31
992,Arjun,Sharma,arjun.sharma992@mail.com,7395549240,Surat,Gujarat,2022-09-12
993,Anjali,Chatterjee,anjali.chatterjee993@mail.com,7802064443,Agra,Uttar Pradesh,2024-01-14
994,Anjali,Nair,anjali.nair994@mail.com,7560929563,Kolhapur,Maharashtra,2022-08-04
995,Riya,Joshi,riya.joshi995@mail.com,8934382306,Tiruchirapalli,Tamil Nadu,2025-06-21
996,Priya,Mehta,,7439635663,Mumbai,Maharashtra,2026-01-30
997,Vihaan,Pillai,vihaan.pillai997@mail.com,8417513378,Chennai,Tamil Nadu,2025-04-21
998,Vivaan,Chatterjee,vivaan.chatterjee998@mail.com,8019771982,Ghaziabad,Uttar Pradesh,2021-06-27
999,Kabir,Joshi,kabir.joshi999@mail.com,9368648826,Siliguri,West Bengal,2024-10-05
1000,Lakshmi,Kumar,,7421046085,Rohini,Delhi,2023-03-31
1001,Kiara,Gupta,kiara.gupta1001@mail.com,8801481654,Salem,Tamil Nadu,2022-05-13
1002,Meera,Rao,meera.rao1002@mail.com,8644334975,Vadodara,Gujarat,2025-03-24
1003,Aadhya,Kumar,aadhya.kumar1003@mail.com,8183030547,Jodhpur,Rajasthan,2023-09-24
1004,Lakshmi,Reddy,lakshmi.reddy1004@mail.com,8485042900,Tiruchirapalli,Tamil Nadu,2023-07-30
1005,Aditya,Iyer,aditya.iyer1005@mail.com,,Delhi,Delhi,2024-04-13
1006,Arjun,Sharma,arjun.sharma1006@mail.com,7420871515,Jaipur,Rajasthan,2021-01-05
1007,Riya,Verma,riya.verma1007@mail.com,7247787482,Nagpur,Maharashtra,2023-05-15
1008,Anjali,Verma,anjali.verma1008@mail.com,9187320674,Siliguri,West Bengal,2022-06-17
1009,Aarav,Das,aarav.das1009@mail.com,8318439277,Jodhpur,Rajasthan,2024-09-03
1010,Kabir,Chatterjee,,8895545552,nagpur,Maharashtra,2022-04-22
1011,Kabir,Mehta,kabir.mehta1011@mail.com,,Tiruchirapalli,Tamil Nadu,2025-03-01
1012,Anjali,Reddy,anjali.reddy1012@mail.com,8935728476,Madurai,Tamil Nadu,2023-09-24
1013,Suresh,Gupta,suresh.gupta1013@mail.com,8415794960,Lucknow,Uttar Pradesh,2025-01-13
1014,Aryan,Verma,aryan.verma1014@mail.com,7759867675,Madurai,Tamil Nadu,2026-03-13
1015,Krishna,Reddy,krishna.reddy1015@mail.com,8931074832,Mangaluru,Karnataka,2025-05-28
1016,Rohan,Pillai,rohan.pillai1016@mail.com,8863971106,Kanpur,Uttar Pradesh,2023-06-12
1017,Myra,Mehta,myra.mehta1017@mail.com,7881745706,Udaipur,Rajasthan,2024-01-26
1018,Priya,Nair,priya.nair1018@mail.com,8655643727,Kota,Rajasthan,2025-08-02
1019,Amit,Verma,amit.verma1019@mail.com,9969947619,Mumbai,Maharashtra,2022-10-22
1020,Vihaan,Chatterjee,vihaan.chatterjee1020@mail.com,8721358986,Ghaziabad,Uttar Pradesh,2024-10-29
1021,Myra,Patel,myra.patel1021@mail.com,8169085578,Coimbatore,Tamil Nadu,2023-07-01
1022,Rohan,Pillai,rohan.pillai1022@mail.com,,Madurai,Tamil Nadu,2021-09-05
1023,Lakshmi,Kumar,lakshmi.kumar1023@mail.com,9595785187,Madurai,Tamil Nadu,2022-03-17
1024,Kiara,Patel,kiara.patel1024@mail.com,7335828430,Nashik,Maharashtra,2023-03-14
1025,Suresh,Kumar,suresh.kumar1025,8698564312,Lucknow,Uttar Pradesh,2024-09-01
1026,Suresh,Menon,suresh.menon1026@mail.com,7478910456,Rohini,Delhi,2025-07-24
1027,Meera,Verma,meera.verma1027@mail.com,8083653749,Delhi,Delhi,2026-01-27
1028,Ananya,Nair,ananya.nair1028@mail.com,9972984616,Madurai,Tamil Nadu,2024-08-27
1029,Arjun,Patel,arjun.patel1029@mail.com,8778612167,Kolkata,West Bengal,2023-04-04
1030,Isha,Chatterjee,isha.chatterjee1030@mail.com,9810198862,Surat,Gujarat,2026-06-25
1031,Sai,Pillai,sai.pillai1031@mail.com,9891853877,Howrah,West Bengal,2021-11-03
1032,Rohan,Mehta,rohan.mehta1032@mail.com,7320715883,Noida,Uttar Pradesh,2023-07-14
1033,Rohan,Pillai,rohan.pillai1033@mail.com,,Rohini,Delhi,2024-07-31
1034,Myra,Reddy,myra.reddy1034,8469872293,Vadodara,Gujarat,2025-12-31
1035,Pooja,Kumar,pooja.kumar1035@mail.com,9154780288,Jodhpur,Rajasthan,2021-10-31
1036,Neha,Gupta,neha.gupta1036@mail.com,7491353628,Ghaziabad,Uttar Pradesh,2026-06-12
1037,Ramesh,Chatterjee,ramesh.chatterjee1037@mail.com,8298223821,Durgapur,West Bengal,2025-10-27
1038,Vivaan,Reddy,vivaan.reddy1038@mail.com,7225487918,Aurangabad,Maharashtra,2026-04-18
1039,Amit,Das,amit.das1039@mail.com,7862697236,Nagpur,Maharashtra,2026-06-01
1040,Suresh,Menon,suresh.menon1040@mail.com,8870254823,Howrah,West Bengal,2026-03-03
1041,Aditya,Patel,aditya.patel1041@mail.com,8041095226,Durgapur,West Bengal,2021-03-09
1042,Neha,Nair,neha.nair1042@mail.com,7784191845,Nashik,Maharashtra,2022-01-31
1043,Rahul,Patel,rahul.patel1043@mail.com,8012788651,Kota,Rajasthan,2024-04-13
1044,Neha,Joshi,neha.joshi1044@mail.com,7459338356,Rajkot,Gujarat,2023-05-05
1045,Vivaan,Kumar,vivaan.kumar1045@mail.com,9462149509,Mangaluru,Karnataka,2024-12-06
1046,Sneha,Reddy,sneha.reddy1046@mail.com,8503573633,Delhi,Delhi,2023-09-24
1047,Meera,Kumar,meera.kumar1047@mail.com,7081815636,Delhi,Delhi,2021-10-11
1048,Vihaan,Sharma,vihaan.sharma1048@mail.com,9091564896,Pune,Maharashtra,2023-11-04
1049,Kiara,Kumar,kiara.kumar1049@mail.com,9153088164,Mangaluru,Karnataka,2021-09-17
1050,Riya,Sharma,riya.sharma1050@mail.com,9429928561,Tiruchirapalli,Tamil Nadu,2025-12-11
1051,Arjun,Joshi,arjun.joshi1051@mail.com,9361427040,Noida,Uttar Pradesh,2023-04-09
1052,Priya,Menon,priya.menon1052@mail.com,9975168315,  Ahmedabad  ,Gujarat,2021-07-27
1053,Ramesh,Iyer,ramesh.iyer1053@mail.com,8616694548,Kota,Rajasthan,2024-05-27
1054,Aryan,Pillai,aryan.pillai1054@mail.com,8220351489,Rohini,Delhi,2024-04-07
1055,Ishaan,Das,ishaan.das1055@mail.com,9491927610,Nashik,Maharashtra,2024-06-18
1056,Lakshmi,Kumar,lakshmi.kumar1056@mail.com,9993371615,Kolkata,West Bengal,2025-08-27
1057,Myra,Joshi,myra.joshi1057@mail.com,9740679775,Delhi,Delhi,2024-11-13
1058,Anjali,Das,anjali.das1058@mail.com,8772762870,Surat,Gujarat,2026-01-31
1059,Aadhya,Patel,,7141595933,Rajkot,Gujarat,2022-03-25
1060,Divya,Singh,divya.singh1060@mail.com,9893674037,New Delhi,Delhi,2023-02-11
1061,Aarav,Reddy,aarav.reddy1061@mail.com,8775335182,Jaipur,Rajasthan,2021-06-19
1062,Suresh,Rao,,8929087078,Madurai,Tamil Nadu,2022-06-27
1063,Neha,Nair,neha.nair1063@mail.com,7406459002,Madurai,Tamil Nadu,2025-03-19
1064,Divya,Iyer,divya.iyer1064@mail.com,8429895630,Ahmedabad,Gujarat,2023-01-07
1065,Rohan,Menon,rohan.menon1065@mail.com,9522683478,Udaipur,Rajasthan,2023-09-02
1066,Priya,Verma,priya.verma1066@mail.com,9209339087,Rohini,Delhi,2021-06-26
1067,Meera,Kumar,meera.kumar1067@mail.com,9621065724,Chennai,Tamil Nadu,2024-01-14
1068,Ramesh,Patel,ramesh.patel1068@mail.com,9132252887,Hubli,Karnataka,2022-06-08
1069,Suresh,Chatterjee,suresh.chatterjee1069@mail.com,8275620483,Pune,Maharashtra,2023-03-08
1070,Aarav,Reddy,aarav.reddy1070@mail.com,9002074722,Pune,Maharashtra,2023-09-21
1071,Amit,Iyer,amit.iyer1071@mail.com,9780333821,Nashik,Maharashtra,2023-11-16
1072,Saanvi,Chatterjee,saanvi.chatterjee1072@mail.com,9382711289,Kota,Rajasthan,2025-05-21
1073,Meera,Das,meera.das1073@mail.com,8567377992,Kanpur,Uttar Pradesh,2023-04-01
1074,Kabir,Nair,kabir.nair1074@mail.com,9147944461,Kota,Rajasthan,2023-04-02
1075,Sneha,Pillai,sneha.pillai1075@mail.com,7742140473,Hubli,Karnataka,2021-10-28
1076,Kiara,Nair,kiara.nair1076@mail.com,9793938079,Durgapur,West Bengal,2022-08-28
1077,Ramesh,Reddy,ramesh.reddy1077@mail.com,9755195819,Durgapur,West Bengal,2025-04-17
1078,Divya,Iyer,divya.iyer1078@mail.com,7889535192,Madurai,Tamil Nadu,2024-05-23
1079,Ananya,Das,ananya.das1079@mail.com,8588249397,Delhi,Delhi,2026-05-22
1080,Aadhya,Joshi,aadhya.joshi1080@mail.com,9952249489,Rajkot,Gujarat,2021-08-06
1081,Ishaan,Pillai,ishaan.pillai1081@mail.com,7107016491,Ghaziabad,Uttar Pradesh,2023-12-12
1082,Suresh,Verma,suresh.verma1082@mail.com,8925431037,Salem,Tamil Nadu,2022-03-22
1083,Diya,Kumar,diya.kumar1083@mail.com,8579480431,Jodhpur,Rajasthan,2025-05-24
1084,Dev,Verma,dev.verma1084@mail.com,8160385018,Tiruchirapalli,Tamil Nadu,2022-01-30
1085,Ramesh,Menon,ramesh.menon1085,7943436007,Surat,Gujarat,2023-09-01
1086,Amit,Mehta,amit.mehta1086@mail.com,9373843269,Salem,Tamil Nadu,2021-11-24
1087,Krishna,Pillai,krishna.pillai1087@mail.com,9539632766,Howrah,West Bengal,2025-01-22
1088,Neha,Rao,neha.rao1088@mail.com,7364743139,Ahmedabad,Gujarat,2021-08-15
1089,Amit,Singh,,8650523177,Rajkot,Gujarat,2026-01-02
1090,Pooja,Chatterjee,pooja.chatterjee1090@mail.com,8466276680,Udaipur,Rajasthan,2022-08-03
1091,Divya,Nair,divya.nair1091@mail.com,9522246691,Aurangabad,Maharashtra,2025-04-06
1092,Ishaan,Verma,ishaan.verma1092@mail.com,7846833929,Mangaluru,Karnataka,2025-04-03
1093,Aditya,Iyer,aditya.iyer1093@mail.com,9972725563,Mangaluru,Karnataka,2025-09-27
1094,Pooja,Joshi,pooja.joshi1094@mail.com,8660857667,Varanasi,Uttar Pradesh,2023-06-05
1095,Arjun,Mehta,arjun.mehta1095@mail.com,9695236910,Siliguri,West Bengal,2023-07-17
1096,Meera,Chatterjee,meera.chatterjee1096@mail.com,8319992678,Kolkata,West Bengal,2023-09-15
1097,Sai,Mehta,sai.mehta1097@mail.com,7958315626,Nagpur,Maharashtra,2021-11-21
1098,Aryan,Pillai,aryan.pillai1098@mail.com,9650085972,Kolhapur,Maharashtra,2026-01-08
1099,Arjun,Menon,arjun.menon1099@mail.com,7249583850,Nashik,Maharashtra,2021-05-08
1100,Rahul,Chatterjee,rahul.chatterjee1100@mail.com,8785215518,Kolkata,West Bengal,2022-02-11
1101,Amit,Das,amit.das1101@mail.com,9028842340,Chennai,Tamil Nadu,2021-10-05
1102,Lakshmi,Mehta,lakshmi.mehta1102@mail.com,7195132208,Kolkata,West Bengal,2022-02-03
1103,Lakshmi,Verma,,9799269438,Agra,Uttar Pradesh,2023-07-18
1104,Aditya,Rao,aditya.rao1104@mail.com,9287775480,Agra,Uttar Pradesh,2023-02-27
1105,Anjali,Patel,anjali.patel1105@mail.com,9240259370,Kolkata,West Bengal,2026-03-06
1106,Dev,Verma,dev.verma1106@mail.com,8168225031,Durgapur,West Bengal,2023-01-13
1107,Ananya,Joshi,ananya.joshi1107@mail.com,9618558871,Durgapur,West Bengal,2023-03-29
1108,Kabir,Pillai,kabir.pillai1108@mail.com,7430320100,Lucknow,Uttar Pradesh,2023-04-06
1109,Myra,Joshi,myra.joshi1109@mail.com,8608445924,Delhi,Delhi,2026-02-08
1110,Aarav,Singh,aarav.singh1110@mail.com,7479454277,Kanpur,Uttar Pradesh,2023-08-13
1111,Sneha,Nair,sneha.nair1111,9811260890,Durgapur,West Bengal,2023-11-06
1112,Sai,Iyer,sai.iyer1112@mail.com,8846799100,Lucknow,Uttar Pradesh,2025-08-22
1113,Isha,Kumar,isha.kumar1113@mail.com,7405755277,Delhi,Delhi,2025-08-01
1114,Arjun,Mehta,arjun.mehta1114@mail.com,8492868117,New Delhi,Delhi,2024-09-20
1115,Sai,Rao,sai.rao1115@mail.com,7444836215,Tiruchirapalli,Tamil Nadu,2024-11-11
1116,Saanvi,Iyer,saanvi.iyer1116@mail.com,9354136894,Jaipur,Rajasthan,2025-03-12
1117,Priya,Gupta,priya.gupta1117@mail.com,8985898460,Chennai,Tamil Nadu,2024-03-04
1118,Myra,Menon,myra.menon1118@mail.com,7579019532,Mumbai,Maharashtra,2024-05-18
1119,Divya,Singh,divya.singh1119@mail.com,9055664824,Kanpur,Uttar Pradesh,2021-05-01
1120,Dev,Mehta,dev.mehta1120@mail.com,7594796159,Mangaluru,Karnataka,2025-12-10
1121,Aarav,Rao,aarav.rao1121@mail.com,9210736710,Coimbatore,Tamil Nadu,2025-05-25
1122,Priya,Pillai,priya.pillai1122@mail.com,9998941965,Bengaluru,Karnataka,2025-11-06
1123,Myra,Singh,myra.singh1123@mail.com,9895239945,Delhi,Delhi,2025-07-27
1124,Arjun,Kumar,arjun.kumar1124@mail.com,7835861848,Siliguri,West Bengal,2026-01-13
1125,Rahul,Verma,rahul.verma1125@mail.com,8688264964,Rohini,Delhi,2026-04-01
1126,Pooja,Kumar,pooja.kumar1126@mail.com,8957653934,Delhi,Delhi,2021-01-27
1127,Diya,Chatterjee,diya.chatterjee1127@mail.com,9108991064,Coimbatore,Tamil Nadu,2022-12-04
1128,Ananya,Kumar,ananya.kumar1128@mail.com,8665370239,Ghaziabad,Uttar Pradesh,2025-09-22
1129,Meera,Verma,meera.verma1129@mail.com,9642964265,Mysuru,Karnataka,2021-01-08
1130,Vihaan,Verma,vihaan.verma1130@mail.com,8743672215,Howrah,West Bengal,2025-05-23
1131,Diya,Patel,diya.patel1131@mail.com,7827637960,Ghaziabad,Uttar Pradesh,2024-09-19
1132,Myra,Menon,myra.menon1132@mail.com,9973363907,Kolhapur,Maharashtra,2021-10-09
1133,Aarav,Kumar,aarav.kumar1133@mail.com,8331381654,Udaipur,Rajasthan,2024-05-09
1134,Aryan,Das,aryan.das1134@mail.com,9284485628,Tiruchirapalli,Tamil Nadu,2025-02-24
1135,Meera,Mehta,meera.mehta1135@mail.com,8070743394,Surat,Gujarat,2025-07-06
1136,Aarav,Singh,aarav.singh1136@mail.com,9729372557,Mumbai,Maharashtra,2022-02-26
1137,Rohan,Reddy,rohan.reddy1137@mail.com,8131960894,Kolkata,West Bengal,2021-06-24
1138,Pooja,Gupta,pooja.gupta1138@mail.com,7321835255,Lucknow,Uttar Pradesh,2024-12-23
1139,Kabir,Verma,kabir.verma1139@mail.com,9930413593,Chennai,Tamil Nadu,2022-07-25
1140,Meera,Singh,meera.singh1140@mail.com,9485176789,Vadodara,Gujarat,2024-10-06
1141,Lakshmi,Nair,lakshmi.nair1141@mail.com,,Siliguri,West Bengal,2021-08-26
1142,Saanvi,Menon,saanvi.menon1142@mail.com,,Surat,Gujarat,2023-01-23
1143,Kiara,Iyer,kiara.iyer1143@mail.com,8319035915,Mysuru,Karnataka,2024-10-29
1144,Suresh,Reddy,suresh.reddy1144@mail.com,8456041525,Tiruchirapalli,Tamil Nadu,2024-05-18
1145,Vihaan,Das,vihaan.das1145@mail.com,9209096552,Salem,Tamil Nadu,2023-03-11
1146,Vihaan,Das,,7802163516,Aurangabad,Maharashtra,2024-03-05
1147,Sai,Joshi,sai.joshi1147@mail.com,9055818754,Kolhapur,Maharashtra,2026-02-21
1148,Kabir,Pillai,kabir.pillai1148@mail.com,7332743304,Siliguri,West Bengal,2023-10-13
1149,Amit,Verma,amit.verma1149@mail.com,9645426744,Mysuru,Karnataka,2025-12-16
1150,Lakshmi,Verma,lakshmi.verma1150@mail.com,8950680618,New Delhi,Delhi,2022-06-24
1151,Vihaan,Joshi,vihaan.joshi1151@mail.com,8664963491,Kolhapur,Maharashtra,2021-12-27
1152,Kiara,Pillai,kiara.pillai1152@mail.com,9242092314,Vadodara,Gujarat,2021-09-02
1153,Neha,Rao,,7935787827,Mysuru,Karnataka,2025-05-13
1154,Riya,Menon,riya.menon1154@mail.com,,Pune,Maharashtra,2024-11-01
1155,Arjun,Iyer,arjun.iyer1155@mail.com,8660361867,Rohini,Delhi,2024-08-01
1156,Ananya,Verma,ananya.verma1156@mail.com,7829446006,Delhi,Delhi,2026-06-05
1157,Isha,Joshi,isha.joshi1157@mail.com,7324143785,Nashik,Maharashtra,2021-01-18
1158,Krishna,Joshi,krishna.joshi1158@mail.com,7517527235,Dwarka,Delhi,2022-03-05
1159,Ananya,Reddy,,8323277165,Nashik,Maharashtra,2023-02-10
1160,Aarav,Sharma,aarav.sharma1160@mail.com,7277080077,Nashik,Maharashtra,2022-03-20
1161,Diya,Patel,diya.patel1161@mail.com,9630335571,Durgapur,West Bengal,2025-02-15
1162,Saanvi,Gupta,saanvi.gupta1162@mail.com,7662639253,Bengaluru,Karnataka,2023-05-10
1163,Anjali,Pillai,anjali.pillai1163@mail.com,7899388901,Ahmedabad,Gujarat,2021-08-08
1164,Kiara,Pillai,kiara.pillai1164@mail.com,8565449523,Durgapur,West Bengal,2025-01-28
1165,Dev,Menon,dev.menon1165@mail.com,9534793633,Salem,Tamil Nadu,2026-05-09
1166,Dev,Reddy,dev.reddy1166@mail.com,8401596290,Surat,Gujarat,2023-07-21
1167,Riya,Sharma,riya.sharma1167@mail.com,9865263647,Chennai,Tamil Nadu,2023-05-02
1168,Sneha,Gupta,sneha.gupta1168@mail.com,7140066745,Surat,Gujarat,2024-09-22
1169,Amit,Iyer,amit.iyer1169,9022757349,Jodhpur,Rajasthan,2026-06-26
1170,Sai,Iyer,sai.iyer1170@mail.com,7066894420,New Delhi,Delhi,2025-06-13
1171,Neha,Pillai,neha.pillai1171@mail.com,9055123314,Kolkata,West Bengal,2022-03-20
1172,Isha,Chatterjee,,9276348807,Bengaluru,Karnataka,2021-10-14
1173,Amit,Menon,amit.menon1173@mail.com,8372777067,Rajkot,Gujarat,2025-04-12
1174,Sai,Verma,sai.verma1174@mail.com,8142322060,Surat,Gujarat,2025-01-07
1175,Krishna,Gupta,krishna.gupta1175@mail.com,7921385416,Nashik,Maharashtra,2025-02-20
1176,Rohan,Joshi,rohan.joshi1176@mail.com,9210369927,Vadodara,Gujarat,2024-02-19
1177,Arjun,Rao,,9693013571,Delhi,Delhi,2026-04-15
1178,Aarav,Pillai,aarav.pillai1178@mail.com,7689475419,Mysuru,Karnataka,2023-11-18
1179,Kiara,Joshi,kiara.joshi1179@mail.com,9291996968,Nagpur,Maharashtra,2025-07-23
1180,Amit,Das,amit.das1180@mail.com,8138867255,Nashik,Maharashtra,2024-07-22
1181,Krishna,Pillai,krishna.pillai1181@mail.com,9294922571,Kota,Rajasthan,2023-08-24
1182,Aarav,Nair,,7144069205,Surat,Gujarat,2021-02-09
1183,Vivaan,Menon,vivaan.menon1183@mail.com,8129567146,Udaipur,Rajasthan,2021-05-09
1184,Riya,Kumar,riya.kumar1184@mail.com,9626813657,Bengaluru,Karnataka,2026-03-20
1185,Priya,Pillai,priya.pillai1185@mail.com,8613465670,Pune,Maharashtra,2024-10-31
1186,Pooja,Kumar,pooja.kumar1186@mail.com,7833865825,Howrah,West Bengal,2026-05-07
1187,Meera,Sharma,meera.sharma1187@mail.com,8248356529,Siliguri,West Bengal,2024-08-18
1188,Neha,Nair,neha.nair1188@mail.com,,Mangaluru,Karnataka,2022-08-23
1189,Ishaan,Verma,ishaan.verma1189@mail.com,9836313647,Mangaluru,Karnataka,2023-09-13
1190,Sneha,Rao,sneha.rao1190@mail.com,9607853843,Tiruchirapalli,Tamil Nadu,2026-04-22
1191,Ananya,Das,ananya.das1191@mail.com,9765799014,Ahmedabad,Gujarat,2022-03-14
1192,Ramesh,Chatterjee,ramesh.chatterjee1192@mail.com,7414222392,Tiruchirapalli,Tamil Nadu,2021-06-05
1193,Priya,Mehta,priya.mehta1193@mail.com,9155697754,Delhi,Delhi,2022-01-22
1194,Aarav,Menon,aarav.menon1194@mail.com,7329349467,Durgapur,West Bengal,2025-09-10
1195,Aadhya,Gupta,aadhya.gupta1195@mail.com,7760926649,Pune,Maharashtra,2022-10-27
1196,Ananya,Patel,ananya.patel1196@mail.com,9910831809,Aurangabad,Maharashtra,2023-04-25
1197,Priya,Chatterjee,priya.chatterjee1197@mail.com,7624152064,Hubli,Karnataka,2021-08-03
1198,Divya,Verma,divya.verma1198@mail.com,8952230304,Howrah,West Bengal,2022-09-07
1199,Rahul,Kumar,rahul.kumar1199@mail.com,,New Delhi,Delhi,2025-06-02
1200,Neha,Mehta,,7603474729,Kolkata,West Bengal,2026-03-14
1201,Krishna,Chatterjee,krishna.chatterjee1201@mail.com,8716920350,Kota,Rajasthan,2021-10-10
1202,Vivaan,Singh,vivaan.singh1202@mail.com,7688030849,Chennai,Tamil Nadu,2021-05-30
1203,Kiara,Patel,kiara.patel1203@mail.com,8482946546,Rohini,Delhi,2022-01-12
1204,Riya,Kumar,riya.kumar1204@mail.com,9267621503,Agra,Uttar Pradesh,2025-04-06
1205,Meera,Reddy,meera.reddy1205@mail.com,9850359968,Tiruchirapalli,Tamil Nadu,2026-03-20
1206,Vihaan,Reddy,vihaan.reddy1206@mail.com,7322249296,Lucknow,Uttar Pradesh,2021-06-13
1207,Sai,Reddy,sai.reddy1207@mail.com,9460660823,Kota,Rajasthan,2024-01-09
1208,Rahul,Joshi,rahul.joshi1208@mail.com,7629074965,Noida,Uttar Pradesh,2021-08-11
1209,Pooja,Joshi,pooja.joshi1209@mail.com,9741966289,Jaipur,Rajasthan,2021-07-08
1210,Ananya,Reddy,ananya.reddy1210@mail.com,8000932266,Aurangabad,Maharashtra,2021-04-16
1211,Vivaan,Chatterjee,vivaan.chatterjee1211@mail.com,9778645061,Delhi,Delhi,2024-10-18
1212,Anjali,Gupta,anjali.gupta1212@mail.com,8215384536,Hubli,Karnataka,2024-09-05
1213,Ananya,Singh,ananya.singh1213@mail.com,8898892608,Delhi,Delhi,2022-09-19
1214,Aditya,Singh,aditya.singh1214@mail.com,7127366976,Kota,Rajasthan,2024-07-04
1215,Aditya,Pillai,aditya.pillai1215@mail.com,7804356700,Jodhpur,Rajasthan,2024-07-12
1216,Aditya,Pillai,aditya.pillai1216@mail.com,,Jodhpur,Rajasthan,2025-06-14
1217,Arjun,Iyer,,9120086873,Durgapur,West Bengal,2025-02-25
1218,Lakshmi,Joshi,lakshmi.joshi1218@mail.com,7375354907,Delhi,Delhi,2022-03-06
1219,Saanvi,Kumar,saanvi.kumar1219@mail.com,8328079240,Surat,Gujarat,2023-07-15
1220,Krishna,Joshi,krishna.joshi1220@mail.com,8961833368,Rajkot,Gujarat,2024-01-21
1221,Rohan,Verma,,7982151911,Durgapur,West Bengal,2022-10-26
1222,Aryan,Mehta,aryan.mehta1222@mail.com,7090945228,Kolkata,West Bengal,2023-02-27
1223,Saanvi,Sharma,saanvi.sharma1223@mail.com,8585333880,Agra,Uttar Pradesh,2025-09-01
1224,Saanvi,Reddy,saanvi.reddy1224@mail.com,7559287703,Mumbai,Maharashtra,2024-05-27
1225,Amit,Sharma,amit.sharma1225@mail.com,9657563222,Salem,Tamil Nadu,2025-05-19
1226,Anjali,Patel,anjali.patel1226@mail.com,8218488662,Tiruchirapalli,Tamil Nadu,2025-03-15
1227,Isha,Patel,isha.patel1227@mail.com,8390747625,New Delhi,Delhi,2025-02-22
1228,Vihaan,Nair,vihaan.nair1228@mail.com,8153426059,Tiruchirapalli,Tamil Nadu,2026-06-25
1229,Ramesh,Pillai,ramesh.pillai1229@mail.com,8115779490,Salem,Tamil Nadu,2025-09-29
1230,Ananya,Reddy,ananya.reddy1230@mail.com,7377974564,Mumbai,Maharashtra,2021-09-25
1231,Diya,Pillai,diya.pillai1231@mail.com,8865687172,Bengaluru,Karnataka,2025-05-03
1232,Diya,Iyer,diya.iyer1232@mail.com,9937149658,Ahmedabad,Gujarat,2025-06-01
1233,Sneha,Rao,sneha.rao1233@mail.com,9971272790,Howrah,West Bengal,2023-06-07
1234,Divya,Singh,divya.singh1234@mail.com,7145337471,New Delhi,Delhi,2025-11-10
1235,Anjali,Reddy,anjali.reddy1235@mail.com,8386463074,Jodhpur,Rajasthan,2022-11-22
1236,Diya,Verma,diya.verma1236@mail.com,8744853369,Ahmedabad,Gujarat,2023-10-09
1237,Sai,Verma,sai.verma1237@mail.com,8385336842,Rajkot,Gujarat,2024-09-12
1238,Saanvi,Verma,saanvi.verma1238@mail.com,9779868644,Ghaziabad,Uttar Pradesh,2021-08-29
1239,Riya,Kumar,riya.kumar1239@mail.com,9541878995,Mumbai,Maharashtra,2024-07-02
1240,Ishaan,Das,ishaan.das1240@mail.com,9987484379,Salem,Tamil Nadu,2023-07-30
1241,Pooja,Sharma,pooja.sharma1241@mail.com,9950362357,Kolhapur,Maharashtra,2021-05-27
1242,Vihaan,Nair,vihaan.nair1242@mail.com,7711466697,Mysuru,Karnataka,2025-05-04
1243,Pooja,Rao,pooja.rao1243@mail.com,7151791591,Mumbai,Maharashtra,2025-07-02
1244,Sneha,Verma,sneha.verma1244@mail.com,7707729639,Bengaluru,Karnataka,2023-06-27
1245,Myra,Kumar,myra.kumar1245@mail.com,7804227921,Udaipur,Rajasthan,2023-06-06
1246,Pooja,Nair,pooja.nair1246@mail.com,7585256762,Agra,Uttar Pradesh,2023-11-24
1247,Sneha,Das,sneha.das1247@mail.com,9891767481,  Bengaluru  ,Karnataka,2022-04-26
1248,Vihaan,Singh,vihaan.singh1248@mail.com,8426299267,Kolhapur,Maharashtra,2024-04-02
1249,Kiara,Verma,kiara.verma1249@mail.com,9260699751,Mangaluru,Karnataka,2025-10-21
1250,Ishaan,Das,ishaan.das1250@mail.com,9604967094,Kota,Rajasthan,2021-12-16
1251,Amit,Verma,amit.verma1251@mail.com,8428962176,Jodhpur,Rajasthan,2022-01-25
1252,Isha,Pillai,isha.pillai1252@mail.com,9796087819,Coimbatore,Tamil Nadu,2022-12-31
1253,Lakshmi,Patel,lakshmi.patel1253@mail.com,9314350537,Udaipur,Rajasthan,2026-05-16
1254,Pooja,Reddy,pooja.reddy1254@mail.com,9857584910,Durgapur,West Bengal,2026-01-24
1255,Isha,Gupta,isha.gupta1255@mail.com,7486097783,Kanpur,Uttar Pradesh,2023-08-20
1256,Lakshmi,Singh,lakshmi.singh1256@mail.com,8218497149,Kota,Rajasthan,2022-06-07
1257,Priya,Singh,priya.singh1257@mail.com,8230255220,Siliguri,West Bengal,2021-10-01
1258,Ananya,Chatterjee,ananya.chatterjee1258@mail.com,7295937803,Madurai,Tamil Nadu,2025-08-08
1259,Aarav,Gupta,aarav.gupta1259@mail.com,7762015459,  Salem  ,Tamil Nadu,2021-09-07
1260,Aditya,Patel,aditya.patel1260@mail.com,7391250413,Noida,Uttar Pradesh,2025-01-13
1261,Ishaan,Gupta,ishaan.gupta1261@mail.com,8707815990,Chennai,Tamil Nadu,2025-10-26
1262,Riya,Singh,riya.singh1262@mail.com,8381935143,Dwarka,Delhi,2025-03-12
1263,Aadhya,Menon,aadhya.menon1263@mail.com,7857442376,Bengaluru,Karnataka,2024-03-12
1264,Lakshmi,Patel,lakshmi.patel1264@mail.com,9124847298,Rohini,Delhi,2021-10-07
1265,Amit,Nair,amit.nair1265@mail.com,7917858614,Udaipur,Rajasthan,2025-05-24
1266,Amit,Reddy,amit.reddy1266@mail.com,8402290275,Hubli,Karnataka,2023-02-26
1267,Vivaan,Chatterjee,nan,8905992526,Coimbatore,Tamil Nadu,2021-09-23
1268,Kiara,Reddy,kiara.reddy1268@mail.com,9177713134,Dwarka,Delhi,2022-05-22
1269,Meera,Joshi,meera.joshi1269@mail.com,8305195991,Tiruchirapalli,Tamil Nadu,2022-09-04
1270,Meera,Sharma,meera.sharma1270@mail.com,8801123260,Durgapur,West Bengal,2026-04-20
1271,Amit,Joshi,amit.joshi1271@mail.com,8477476901,Coimbatore,Tamil Nadu,2021-06-03
1272,Amit,Reddy,amit.reddy1272@mail.com,8747477640,Salem,Tamil Nadu,2023-06-12
1273,Vihaan,Reddy,vihaan.reddy1273@mail.com,9204660677,Mangaluru,Karnataka,2026-04-01
1274,Kabir,Gupta,kabir.gupta1274@mail.com,8102758089,Chennai,Tamil Nadu,2026-05-06
1275,Amit,Singh,amit.singh1275@mail.com,8273347909,Madurai,Tamil Nadu,2022-10-26
1276,Aditya,Verma,aditya.verma1276@mail.com,8719890088,Udaipur,Rajasthan,2023-07-09
1277,Krishna,Rao,krishna.rao1277@mail.com,9987235681,Vadodara,Gujarat,2024-03-08
1278,Ananya,Chatterjee,ananya.chatterjee1278@mail.com,8742737680,Jaipur,Rajasthan,2023-10-21
1279,Aarav,Iyer,aarav.iyer1279@mail.com,7868372853,Howrah,West Bengal,2022-10-11
1280,Divya,Patel,divya.patel1280@mail.com,9047141197,Kota,Rajasthan,2025-01-26
1281,Rohan,Joshi,rohan.joshi1281@mail.com,8416759292,Varanasi,Uttar Pradesh,2023-06-27
1282,Aarav,Patel,aarav.patel1282@mail.com,7495134843,Ahmedabad,Gujarat,2024-08-29
1283,Saanvi,Gupta,saanvi.gupta1283@mail.com,8599844259,Bengaluru,Karnataka,2026-01-13
1284,Krishna,Nair,krishna.nair1284@mail.com,7502155121,Varanasi,Uttar Pradesh,2026-02-14
1285,Ananya,Iyer,ananya.iyer1285@mail.com,9132355899,Kanpur,Uttar Pradesh,2024-04-08
1286,Priya,Joshi,priya.joshi1286@mail.com,7782163824,Mysuru,Karnataka,2025-05-17
1287,Myra,Iyer,myra.iyer1287@mail.com,7521664097,Surat,Gujarat,2023-05-03
1288,Ramesh,Das,ramesh.das1288@mail.com,8077012209,Ahmedabad,Gujarat,2024-01-11
1289,Lakshmi,Kumar,lakshmi.kumar1289@mail.com,8792597896,Jodhpur,Rajasthan,2021-07-11
1290,Riya,Patel,riya.patel1290@mail.com,,Ahmedabad,Gujarat,2025-05-12
1291,Aryan,Kumar,aryan.kumar1291@mail.com,9711837341,Delhi,Delhi,2024-06-16
1292,Vivaan,Reddy,vivaan.reddy1292@mail.com,9571823556,Agra,Uttar Pradesh,2021-01-23
1293,Amit,Rao,amit.rao1293@mail.com,9232048512,Delhi,Delhi,2023-02-06
1294,Sneha,Chatterjee,sneha.chatterjee1294@mail.com,7360036186,Rajkot,Gujarat,2026-05-03
1295,Arjun,Joshi,arjun.joshi1295@mail.com,8718663741,Durgapur,West Bengal,2025-08-21
1296,Dev,Joshi,dev.joshi1296@mail.com,8336476732,Siliguri,West Bengal,2024-12-17
1297,Rahul,Verma,rahul.verma1297@mail.com,7919183024,Chennai,Tamil Nadu,2024-01-24
1298,Neha,Rao,neha.rao1298@mail.com,7571422378,jodhpur,Rajasthan,2024-07-26
1299,Ramesh,Gupta,ramesh.gupta1299@mail.com,7904257785,Varanasi,Uttar Pradesh,2026-06-06
1300,Dev,Kumar,dev.kumar1300@mail.com,8545535866,Ghaziabad,Uttar Pradesh,2024-10-22
1301,Ananya,Verma,ananya.verma1301@mail.com,9701861055,Kolkata,West Bengal,2025-12-15
1302,Arjun,Reddy,arjun.reddy1302@mail.com,9313733553,Surat,Gujarat,2023-07-25
1303,Ishaan,Mehta,ishaan.mehta1303@mail.com,7375753999,Vadodara,Gujarat,2023-03-20
1304,Isha,Kumar,isha.kumar1304@mail.com,,Howrah,West Bengal,2024-07-21
1305,Riya,Singh,riya.singh1305@mail.com,9729253801,Kanpur,Uttar Pradesh,2023-11-22
1306,Krishna,Iyer,krishna.iyer1306@mail.com,7661775191,Siliguri,West Bengal,2024-05-19
1307,Myra,Patel,myra.patel1307@mail.com,7614759670,Surat,Gujarat,2026-01-29
1308,Riya,Menon,riya.menon1308@mail.com,7479295394,Mangaluru,Karnataka,2021-04-08
1309,Aryan,Chatterjee,aryan.chatterjee1309@mail.com,9609526268,Vadodara,Gujarat,2026-03-14
1310,Aarav,Chatterjee,aarav.chatterjee1310@mail.com,9565168329,Mangaluru,Karnataka,2024-05-27
1311,Neha,Sharma,neha.sharma1311@mail.com,9345011447,Jodhpur,Rajasthan,2021-08-04
1312,Kabir,Gupta,kabir.gupta1312@mail.com,8108481007,Udaipur,Rajasthan,2023-07-14
1313,Vihaan,Nair,vihaan.nair1313@mail.com,7721462886,Udaipur,Rajasthan,2021-09-11
1314,Amit,Mehta,amit.mehta1314,9199084515,Ahmedabad,Gujarat,2025-12-29
1315,Pooja,Reddy,pooja.reddy1315@mail.com,7837655083,Mangaluru,Karnataka,2021-09-26
1316,Aadhya,Joshi,aadhya.joshi1316@mail.com,9325275333,Kota,Rajasthan,2025-06-23
1317,Divya,Menon,divya.menon1317@mail.com,9192572998,Kota,Rajasthan,2022-09-18
1318,Amit,Gupta,amit.gupta1318@mail.com,9415699910,Kota,Rajasthan,2024-02-14
1319,Isha,Iyer,isha.iyer1319@mail.com,9907324323,Kolkata,West Bengal,2025-11-16
1320,Lakshmi,Singh,lakshmi.singh1320@mail.com,8438568534,Kolkata,West Bengal,2024-08-14
1321,Ramesh,Gupta,ramesh.gupta1321@mail.com,7947745954,Rohini,Delhi,2025-08-04
1322,Aditya,Das,aditya.das1322@mail.com,9609777622,Mysuru,Karnataka,2025-08-26
1323,Priya,Chatterjee,priya.chatterjee1323,8888941582,Dwarka,Delhi,2024-09-14
1324,Aadhya,Verma,aadhya.verma1324@mail.com,7622284927,Hubli,Karnataka,2023-02-09
1325,Pooja,Patel,pooja.patel1325@mail.com,7079947725,Nagpur,Maharashtra,2023-04-01
1326,Vivaan,Pillai,vivaan.pillai1326@mail.com,8954552483,Siliguri,West Bengal,2024-05-15
1327,Myra,Sharma,myra.sharma1327@mail.com,,Aurangabad,Maharashtra,2021-03-04
1328,Ananya,Mehta,ananya.mehta1328,7212892307,Howrah,West Bengal,2025-04-27
1329,Saanvi,Sharma,saanvi.sharma1329@mail.com,7285861896,Kota,Rajasthan,2023-04-09
1330,Vihaan,Das,vihaan.das1330@mail.com,8242349934,Agra,Uttar Pradesh,2023-01-05
1331,Divya,Singh,divya.singh1331@mail.com,8783820953,Aurangabad,Maharashtra,2025-08-08
1332,Ishaan,Sharma,ishaan.sharma1332@mail.com,7202489316,Chennai,Tamil Nadu,2026-05-05
1333,Rahul,Sharma,rahul.sharma1333@mail.com,7620867660,New Delhi,Delhi,2022-05-09
1334,Diya,Nair,diya.nair1334@mail.com,7030573480,Udaipur,Rajasthan,2023-10-24
1335,Aarav,Gupta,aarav.gupta1335@mail.com,9168758219,Kota,Rajasthan,2022-11-10
1336,Krishna,Menon,krishna.menon1336@mail.com,9378110630,Madurai,Tamil Nadu,2023-09-13
1337,Pooja,Reddy,pooja.reddy1337@mail.com,9392193187,Pune,Maharashtra,2025-04-27
1338,Lakshmi,Patel,lakshmi.patel1338@mail.com,8850136936,Siliguri,West Bengal,2021-12-24
1339,Kiara,Iyer,kiara.iyer1339@mail.com,7097271737,Rajkot,Gujarat,2021-05-29
1340,Kabir,Singh,kabir.singh1340@mail.com,8736323082,Chennai,Tamil Nadu,2023-09-16
1341,Suresh,Pillai,suresh.pillai1341@mail.com,7710830682,Tiruchirapalli,Tamil Nadu,2025-12-12
1342,Divya,Iyer,divya.iyer1342@mail.com,9603599351,Rajkot,Gujarat,2024-09-14
1343,Ishaan,Gupta,ishaan.gupta1343@mail.com,,Agra,Uttar Pradesh,2021-09-27
1344,Vivaan,Pillai,vivaan.pillai1344@mail.com,9577381953,Kota,Rajasthan,2021-09-26
1345,Ramesh,Pillai,ramesh.pillai1345@mail.com,7387276820,Varanasi,Uttar Pradesh,2024-03-19
1346,Ananya,Reddy,ananya.reddy1346@mail.com,8781580235,Varanasi,Uttar Pradesh,2021-03-30
1347,Vihaan,Nair,vihaan.nair1347@mail.com,9326774636,Mysuru,Karnataka,2022-10-18
1348,Aditya,Sharma,aditya.sharma1348@mail.com,8767486884,Durgapur,West Bengal,2026-02-24
1349,Isha,Das,isha.das1349@mail.com,8746987166,Hubli,Karnataka,2026-03-29
1350,Krishna,Pillai,krishna.pillai1350@mail.com,7456779632,Surat,Gujarat,2026-01-09
1351,Myra,Iyer,myra.iyer1351@mail.com,8710815972,Durgapur,West Bengal,2025-01-09
1352,Dev,Menon,dev.menon1352@mail.com,8045629867,Udaipur,Rajasthan,2021-11-17
1353,Kiara,Sharma,,8876661773,Rajkot,Gujarat,2023-01-18
1354,Pooja,Joshi,pooja.joshi1354@mail.com,9963326378,Surat,Gujarat,2023-03-05
1355,Aarav,Chatterjee,aarav.chatterjee1355,9574216733,Lucknow,Uttar Pradesh,2023-08-31
1356,Neha,Iyer,neha.iyer1356@mail.com,8635016998,Mysuru,Karnataka,2022-09-04
1357,Suresh,Mehta,suresh.mehta1357@mail.com,8493964407,Pune,Maharashtra,2021-06-18
1358,Aditya,Mehta,aditya.mehta1358@mail.com,9285332093,Durgapur,West Bengal,2025-07-29
1359,Diya,Chatterjee,diya.chatterjee1359@mail.com,9708983015,Jaipur,Rajasthan,2024-06-24
1360,Priya,Joshi,priya.joshi1360@mail.com,8869371601,Jodhpur,Rajasthan,2022-01-20
1361,Priya,Reddy,priya.reddy1361@mail.com,8385618026,DELHI,Delhi,2024-11-25
1362,Kabir,Sharma,kabir.sharma1362@mail.com,9362550799,Bengaluru,Karnataka,2021-01-17
1363,Saanvi,Iyer,saanvi.iyer1363@mail.com,8953948900,Coimbatore,Tamil Nadu,2022-08-09
1364,Divya,Menon,divya.menon1364@mail.com,8512877548,Mysuru,Karnataka,2025-06-11
1365,Divya,Patel,divya.patel1365@mail.com,9368298955,Nagpur,Maharashtra,2023-07-07
1366,Ramesh,Das,ramesh.das1366@mail.com,8184163082,Vadodara,Gujarat,2022-04-21
1367,Ramesh,Iyer,ramesh.iyer1367@mail.com,7372874490,Madurai,Tamil Nadu,2026-05-17
1368,Krishna,Gupta,krishna.gupta1368@mail.com,9678046241,Udaipur,Rajasthan,2023-07-15
1369,Priya,Gupta,priya.gupta1369@mail.com,7179191197,Dwarka,Delhi,2022-01-08
1370,Kabir,Mehta,kabir.mehta1370@mail.com,8257840766,Coimbatore,Tamil Nadu,2026-01-13
1371,Sneha,Menon,sneha.menon1371@mail.com,7897287602,Mangaluru,Karnataka,2022-05-08
1372,Ramesh,Kumar,ramesh.kumar1372@mail.com,7546621591,Mysuru,Karnataka,2024-03-17
1373,Lakshmi,Nair,lakshmi.nair1373@mail.com,9568181429,Delhi,Delhi,2021-03-04
1374,Krishna,Rao,krishna.rao1374,8043421144,Aurangabad,Maharashtra,2021-03-25
1375,Kiara,Iyer,kiara.iyer1375@mail.com,9278292503,Aurangabad,Maharashtra,2024-06-26
1376,Myra,Kumar,myra.kumar1376@mail.com,7127778427,Siliguri,West Bengal,2022-07-08
1377,Divya,Iyer,divya.iyer1377@mail.com,7758967736,Bengaluru,Karnataka,2022-09-25
1378,Saanvi,Sharma,saanvi.sharma1378@mail.com,9227098018,Dwarka,Delhi,2024-04-16
1379,Sneha,Patel,sneha.patel1379@mail.com,7042544417,Agra,Uttar Pradesh,2023-07-09
1380,Divya,Rao,divya.rao1380@mail.com,9776159930,Tiruchirapalli,Tamil Nadu,2021-08-12
1381,Dev,Chatterjee,dev.chatterjee1381@mail.com,9240749959,Pune,Maharashtra,2026-05-16
1382,Neha,Sharma,neha.sharma1382@mail.com,7996214365,Durgapur,West Bengal,2026-05-10
1383,Pooja,Pillai,pooja.pillai1383@mail.com,9556354340,Jodhpur,Rajasthan,2023-05-31
1384,Aarav,Das,aarav.das1384@mail.com,7556321193,Pune,Maharashtra,2024-01-27
1385,Sneha,Das,sneha.das1385@mail.com,7871285614,Ghaziabad,Uttar Pradesh,2025-11-04
1386,Sai,Rao,sai.rao1386@mail.com,8784264035,Bengaluru,Karnataka,2023-03-29
1387,Ramesh,Singh,ramesh.singh1387@mail.com,7120190151,Pune,Maharashtra,2022-02-07
1388,Ramesh,Patel,ramesh.patel1388@mail.com,8372435149,Pune,Maharashtra,2022-11-25
1389,Priya,Chatterjee,priya.chatterjee1389@mail.com,9219552556,Tiruchirapalli,Tamil Nadu,2024-10-02
1390,Anjali,Gupta,anjali.gupta1390@mail.com,9117913241,Varanasi,Uttar Pradesh,2025-01-31
1391,Riya,Singh,riya.singh1391@mail.com,8488729226,Siliguri,West Bengal,2023-10-19
1392,Suresh,Chatterjee,suresh.chatterjee1392@mail.com,8362634610,New Delhi,Delhi,2025-03-14
1393,Riya,Sharma,riya.sharma1393@mail.com,7441549384,Varanasi,Uttar Pradesh,2022-05-31
1394,Vihaan,Kumar,vihaan.kumar1394@mail.com,9571815990,Jaipur,Rajasthan,2021-09-06
1395,Sneha,Verma,sneha.verma1395@mail.com,8813577514,Dwarka,Delhi,2024-02-23
1396,Aryan,Nair,aryan.nair1396@mail.com,8287671294,Salem,Tamil Nadu,2024-07-01
1397,Neha,Das,neha.das1397@mail.com,7687377658,New Delhi,Delhi,2021-11-08
1398,Riya,Pillai,riya.pillai1398@mail.com,9107869279,Mysuru,Karnataka,2026-05-07
1399,Diya,Iyer,diya.iyer1399@mail.com,7868852549,Varanasi,Uttar Pradesh,2024-02-11
1400,Divya,Iyer,divya.iyer1400@mail.com,7369181287,Jodhpur,Rajasthan,2024-12-06
1401,Saanvi,Gupta,saanvi.gupta1401@mail.com,8258383265,Coimbatore,Tamil Nadu,2021-08-21
1402,Isha,Iyer,isha.iyer1402@mail.com,,New Delhi,Delhi,2024-05-22
1403,Vivaan,Reddy,vivaan.reddy1403@mail.com,7875314030,Howrah,West Bengal,2025-04-05
1404,Kiara,Patel,,8980133262,Howrah,West Bengal,2021-07-22
1405,Sai,Verma,sai.verma1405@mail.com,9293575599,Mysuru,Karnataka,2025-02-27
1406,Aadhya,Das,aadhya.das1406@mail.com,9434512114,Siliguri,West Bengal,2022-03-13
1407,Riya,Reddy,riya.reddy1407@mail.com,9078571333,Mangaluru,Karnataka,2024-01-07
1408,Rohan,Chatterjee,rohan.chatterjee1408@mail.com,9273777419,Nashik,Maharashtra,2022-12-14
1409,Rahul,Verma,,8463946784,Ghaziabad,Uttar Pradesh,2025-09-01
1410,Anjali,Sharma,anjali.sharma1410@mail.com,,Siliguri,West Bengal,2023-05-30
1411,Anjali,Rao,anjali.rao1411@mail.com,8007946041,Aurangabad,Maharashtra,2021-07-27
1412,Amit,Singh,amit.singh1412@mail.com,9439889505,Howrah,West Bengal,2022-04-15
1413,Neha,Rao,neha.rao1413@mail.com,7554080598,Salem,Tamil Nadu,2021-07-03
1414,Krishna,Gupta,krishna.gupta1414@mail.com,7663790705,Bengaluru,Karnataka,2025-06-28
1415,Riya,Menon,riya.menon1415@mail.com,9359575264,Rajkot,Gujarat,2023-01-14
1416,Aadhya,Sharma,aadhya.sharma1416@mail.com,8283294445,Vadodara,Gujarat,2022-11-08
1417,Meera,Das,,8559927781,Mangaluru,Karnataka,2021-03-22
1418,Aryan,Chatterjee,aryan.chatterjee1418@mail.com,7811621101,Jaipur,Rajasthan,2022-03-01
1419,Aarav,Singh,aarav.singh1419@mail.com,7476455730,Kota,Rajasthan,2021-01-26
1420,Ishaan,Singh,ishaan.singh1420@mail.com,7680848466,Mumbai,Maharashtra,2026-04-21
1421,Ishaan,Patel,,8078818845,Vadodara,Gujarat,2025-05-08
1422,Aadhya,Das,aadhya.das1422@mail.com,8915597535,Mumbai,Maharashtra,2023-03-18
1423,Dev,Rao,dev.rao1423,9252845011,Bengaluru,Karnataka,2022-09-15
1424,Riya,Chatterjee,riya.chatterjee1424@mail.com,9645114226,Rajkot,Gujarat,2022-09-28
1425,Ramesh,Patel,ramesh.patel1425@mail.com,7160851501,Hubli,Karnataka,2024-02-27
1426,Saanvi,Menon,saanvi.menon1426@mail.com,9102390606,Kolkata,West Bengal,2024-01-02
1427,Suresh,Verma,suresh.verma1427@mail.com,7483316650,Durgapur,West Bengal,2023-11-19
1428,Amit,Mehta,amit.mehta1428@mail.com,9180939179,Mysuru,Karnataka,2025-01-15
1429,Diya,Singh,diya.singh1429@mail.com,8371831733,Siliguri,West Bengal,2022-04-04
1430,Aditya,Mehta,aditya.mehta1430@mail.com,9398812878,Coimbatore,Tamil Nadu,2024-01-29
1431,Myra,Verma,myra.verma1431@mail.com,7510385025,Udaipur,Rajasthan,2026-02-15
1432,Dev,Gupta,dev.gupta1432@mail.com,8722328597,Mysuru,Karnataka,2024-02-14
1433,Aryan,Menon,aryan.menon1433@mail.com,7913528691,Delhi,Delhi,2024-03-30
1434,Ramesh,Rao,ramesh.rao1434@mail.com,9060877640,Kota,Rajasthan,2023-11-01
1435,Krishna,Kumar,krishna.kumar1435@mail.com,8668099719,Mangaluru,Karnataka,2023-04-10
1436,Dev,Pillai,dev.pillai1436@mail.com,9791842576,Dwarka,Delhi,2025-12-05
1437,Isha,Mehta,isha.mehta1437@mail.com,9334581959,New Delhi,Delhi,2023-12-27
1438,Aryan,Menon,aryan.menon1438@mail.com,8510990215,Salem,Tamil Nadu,2025-10-29
1439,Aarav,Singh,aarav.singh1439@mail.com,7706527251,Udaipur,Rajasthan,2023-05-24
1440,Ramesh,Iyer,ramesh.iyer1440@mail.com,8134276062,Aurangabad,Maharashtra,2022-06-02
1441,Meera,Pillai,meera.pillai1441@mail.com,7414861109,Jodhpur,Rajasthan,2023-12-04
1442,Aditya,Nair,aditya.nair1442@mail.com,8600749862,Kolkata,West Bengal,2023-07-06
1443,Diya,Pillai,diya.pillai1443@mail.com,8119296928,Varanasi,Uttar Pradesh,2026-01-11
1444,Amit,Verma,amit.verma1444@mail.com,7783351983,Dwarka,Delhi,2024-06-14
1445,Sai,Mehta,sai.mehta1445@mail.com,8266980790,Aurangabad,Maharashtra,2021-07-26
1446,Kiara,Gupta,kiara.gupta1446@mail.com,7732046238,Kanpur,Uttar Pradesh,2023-07-31
1447,Isha,Sharma,isha.sharma1447@mail.com,7295138407,Coimbatore,Tamil Nadu,2022-07-01
1448,Arjun,Patel,arjun.patel1448@mail.com,,Kota,Rajasthan,2022-05-28
1449,Sai,Reddy,sai.reddy1449@mail.com,9236835929,Mysuru,Karnataka,2026-05-31
1450,Aadhya,Nair,,7056361817,Rohini,Delhi,2023-06-15
1451,Kabir,Sharma,kabir.sharma1451@mail.com,8774860508,Kolhapur,Maharashtra,2023-03-01
1452,Neha,Kumar,neha.kumar1452@mail.com,9299465160,Rohini,Delhi,2022-11-26
1453,Rohan,Iyer,rohan.iyer1453@mail.com,9009574462,Udaipur,Rajasthan,2023-09-22
1454,Arjun,Joshi,arjun.joshi1454@mail.com,9670341130,Delhi,Delhi,2021-08-08
1455,Kabir,Pillai,kabir.pillai1455@mail.com,7722482330,Mumbai,Maharashtra,2023-03-30
1456,Ananya,Iyer,ananya.iyer1456@mail.com,7174013848,New Delhi,Delhi,2026-04-04
1457,Myra,Verma,myra.verma1457@mail.com,9103554241,Dwarka,Delhi,2024-05-29
1458,Aryan,Nair,aryan.nair1458,9582894782,Jaipur,Rajasthan,2024-04-09
1459,Aryan,Gupta,aryan.gupta1459@mail.com,7076723595,Aurangabad,Maharashtra,2025-07-01
1460,Lakshmi,Nair,lakshmi.nair1460@mail.com,7753564400,Nashik,Maharashtra,2021-03-16
1461,Myra,Nair,myra.nair1461@mail.com,7694775810,Durgapur,West Bengal,2021-05-19
1462,Amit,Chatterjee,amit.chatterjee1462@mail.com,7036085160,Delhi,Delhi,2023-01-10
1463,Dev,Gupta,dev.gupta1463@mail.com,8162783423,Lucknow,Uttar Pradesh,2024-08-06
1464,Kiara,Mehta,kiara.mehta1464@mail.com,7085715300,Udaipur,Rajasthan,2024-05-03
1465,Vivaan,Nair,vivaan.nair1465@mail.com,8787745160,Coimbatore,Tamil Nadu,2022-02-17
1466,Ananya,Nair,ananya.nair1466@mail.com,9177076934,Rohini,Delhi,2025-02-05
1467,Ramesh,Iyer,ramesh.iyer1467@mail.com,8504637948,Kota,Rajasthan,2022-04-13
1468,Diya,Chatterjee,diya.chatterjee1468@mail.com,7123192680,Ahmedabad,Gujarat,2023-06-24
1469,Vivaan,Sharma,vivaan.sharma1469@mail.com,7027579029,Howrah,West Bengal,2026-05-18
1470,Diya,Kumar,diya.kumar1470@mail.com,7293761238,Kolhapur,Maharashtra,2022-11-08
1471,Kiara,Kumar,kiara.kumar1471@mail.com,9229311302,Tiruchirapalli,Tamil Nadu,2025-05-21
1472,Sai,Singh,sai.singh1472@mail.com,9338814436,Mangaluru,Karnataka,2025-01-26
1473,Aarav,Singh,aarav.singh1473@mail.com,9758419191,Dwarka,Delhi,2021-04-04
1474,Divya,Rao,divya.rao1474@mail.com,7690385783,Ahmedabad,Gujarat,2022-03-06
1475,Divya,Verma,divya.verma1475@mail.com,9049475437,Kolkata,West Bengal,2022-03-30
1476,Ananya,Iyer,ananya.iyer1476@mail.com,8820195194,Rajkot,Gujarat,2026-03-09
1477,Kabir,Joshi,kabir.joshi1477@mail.com,8226751766,Kanpur,Uttar Pradesh,2021-12-08
1478,Arjun,Joshi,arjun.joshi1478@mail.com,8722068073,Salem,Tamil Nadu,2025-06-04
1479,Divya,Kumar,divya.kumar1479@mail.com,9208192069,Tiruchirapalli,Tamil Nadu,2023-10-19
1480,Ramesh,Das,ramesh.das1480@mail.com,8165250577,Vadodara,Gujarat,2022-02-02
1481,Aryan,Joshi,aryan.joshi1481@mail.com,8329271838,Kolhapur,Maharashtra,2026-02-07
1482,Myra,Das,myra.das1482@mail.com,7157150557,Tiruchirapalli,Tamil Nadu,2026-02-09
1483,Aryan,Chatterjee,aryan.chatterjee1483@mail.com,7635532762,Jaipur,Rajasthan,2023-06-23
1484,Lakshmi,Mehta,lakshmi.mehta1484@mail.com,,Tiruchirapalli,Tamil Nadu,2023-12-28
1485,Neha,Joshi,neha.joshi1485@mail.com,9550763329,Mangaluru,Karnataka,2025-01-07
1486,Isha,Singh,isha.singh1486@mail.com,9931522943,Mysuru,Karnataka,2023-12-26
1487,Sai,Rao,sai.rao1487@mail.com,,Chennai,Tamil Nadu,2025-08-11
1488,Kabir,Singh,kabir.singh1488@mail.com,7129948786,Nagpur,Maharashtra,2025-02-15
1489,Ramesh,Singh,ramesh.singh1489@mail.com,7652846281,Kolhapur,Maharashtra,2023-06-27
1490,Meera,Iyer,meera.iyer1490@mail.com,9308429317,Kolhapur,Maharashtra,2025-11-22
1491,Vivaan,Das,vivaan.das1491@mail.com,9273591470,Salem,Tamil Nadu,2025-05-25
1492,Krishna,Joshi,krishna.joshi1492@mail.com,9470049058,Bengaluru,Karnataka,2024-06-10
1493,Myra,Rao,myra.rao1493@mail.com,7250136798,Bengaluru,Karnataka,2022-02-08
1494,Ishaan,Chatterjee,ishaan.chatterjee1494@mail.com,9465358680,Mangaluru,Karnataka,2021-07-23
1495,Saanvi,Nair,saanvi.nair1495@mail.com,7495646095,Noida,Uttar Pradesh,2023-05-10
1496,Diya,Mehta,diya.mehta1496@mail.com,8810042982,Rohini,Delhi,2023-01-29
1497,Ananya,Sharma,ananya.sharma1497@mail.com,,Nashik,Maharashtra,2021-01-21
1498,Aryan,Gupta,aryan.gupta1498@mail.com,8563734164,Agra,Uttar Pradesh,2021-08-11
1499,Pooja,Patel,pooja.patel1499@mail.com,9305325010,Mumbai,Maharashtra,2024-04-09
1500,Divya,Iyer,divya.iyer1500@mail.com,8097199239,Noida,Uttar Pradesh,2025-05-24
1501,Myra,Patel,myra.patel1501@mail.com,8809535121,Ghaziabad,Uttar Pradesh,2022-07-08
1502,Saanvi,Mehta,saanvi.mehta1502@mail.com,7023864320,Howrah,West Bengal,2025-06-02
1503,Aadhya,Singh,aadhya.singh1503@mail.com,9688148790,Aurangabad,Maharashtra,2025-05-29
1504,Rohan,Nair,rohan.nair1504@mail.com,8723614466,Nashik,Maharashtra,2022-05-23
1505,Rohan,Verma,rohan.verma1505@mail.com,9689369499,Surat,Gujarat,2024-11-16
1506,Krishna,Singh,krishna.singh1506@mail.com,8242324070,Jodhpur,Rajasthan,2023-10-19
1507,Ramesh,Sharma,ramesh.sharma1507@mail.com,7588236125,lucknow,Uttar Pradesh,2022-10-20
1508,Suresh,Mehta,suresh.mehta1508@mail.com,7157856440,Kolkata,West Bengal,2025-09-03
1509,Ananya,Menon,ananya.menon1509@mail.com,9989214133,Salem,Tamil Nadu,2024-11-24
1510,Lakshmi,Joshi,lakshmi.joshi1510@mail.com,,Dwarka,Delhi,2026-04-08
1511,Diya,Verma,diya.verma1511@mail.com,8856622127,Jaipur,Rajasthan,2026-02-24
1512,Ishaan,Verma,ishaan.verma1512@mail.com,8094741732,Kolhapur,Maharashtra,2024-10-22
1513,Ramesh,Sharma,ramesh.sharma1513@mail.com,7682272576,Jaipur,Rajasthan,2026-02-21
1514,Aarav,Menon,aarav.menon1514@mail.com,8022393192,Ahmedabad,Gujarat,2025-11-16
1515,Dev,Pillai,dev.pillai1515@mail.com,9996739849,Madurai,Tamil Nadu,2022-05-07
1516,Aarav,Kumar,aarav.kumar1516@mail.com,8082872006,Kota,Rajasthan,2024-07-04
1517,Isha,Patel,isha.patel1517@mail.com,7390991102,Coimbatore,Tamil Nadu,2022-09-21
1518,Suresh,Kumar,suresh.kumar1518@mail.com,8259525839,Mumbai,Maharashtra,2025-09-03
1519,Pooja,Mehta,pooja.mehta1519@mail.com,8715944666,Jodhpur,Rajasthan,2022-01-25
1520,Aryan,Das,aryan.das1520@mail.com,7828411269,Mumbai,Maharashtra,2024-05-11
1521,Divya,Nair,divya.nair1521@mail.com,7947944975,Kota,Rajasthan,2024-06-07
1522,Myra,Iyer,myra.iyer1522@mail.com,7456766951,Kota,Rajasthan,2021-01-10
1523,Isha,Joshi,isha.joshi1523@mail.com,9521468511,Rohini,Delhi,2022-04-18
1524,Vivaan,Verma,vivaan.verma1524@mail.com,9898927405,Coimbatore,Tamil Nadu,2024-10-15
1525,Kiara,Gupta,,7310468828,Surat,Gujarat,2021-05-06
1526,Rohan,Kumar,rohan.kumar1526@mail.com,7846617050,Howrah,West Bengal,2022-01-01
1527,Anjali,Kumar,anjali.kumar1527@mail.com,9293257317,Rajkot,Gujarat,2021-05-22
1528,Arjun,Iyer,arjun.iyer1528@mail.com,9140942946,Tiruchirapalli,Tamil Nadu,2023-07-08
1529,Krishna,Chatterjee,krishna.chatterjee1529@mail.com,7951318919,Udaipur,Rajasthan,2022-08-05
1530,Diya,Chatterjee,diya.chatterjee1530@mail.com,9150670202,Pune,Maharashtra,2022-04-02
1531,Anjali,Nair,anjali.nair1531@mail.com,9584215247,Aurangabad,Maharashtra,2026-01-30
1532,Meera,Das,meera.das1532@mail.com,8016518540,Kolhapur,Maharashtra,2023-03-30
1533,Sai,Kumar,sai.kumar1533@mail.com,9039457736,Rajkot,Gujarat,2022-01-02
1534,Neha,Mehta,neha.mehta1534@mail.com,9054410441,Jodhpur,Rajasthan,2024-11-08
1535,Dev,Chatterjee,dev.chatterjee1535@mail.com,7026593988,Kota,Rajasthan,2025-12-03
1536,Amit,Joshi,amit.joshi1536@mail.com,9439864942,Siliguri,West Bengal,2024-11-11
1537,Pooja,Verma,pooja.verma1537@mail.com,7651557063,Pune,Maharashtra,2021-01-15
1538,Amit,Mehta,amit.mehta1538@mail.com,8806047687,Mumbai,Maharashtra,2024-03-26
1539,Rohan,Das,rohan.das1539@mail.com,7215586536,Tiruchirapalli,Tamil Nadu,2021-01-17
1540,Amit,Singh,amit.singh1540@mail.com,9831389299,Coimbatore,Tamil Nadu,2025-04-27
1541,Lakshmi,Patel,lakshmi.patel1541@mail.com,9874349214,Howrah,West Bengal,2022-03-28
1542,Diya,Pillai,diya.pillai1542@mail.com,9567268969,Howrah,West Bengal,2021-08-28
1543,Lakshmi,Patel,lakshmi.patel1543@mail.com,8950825347,Kota,Rajasthan,2023-04-21
1544,Riya,Joshi,riya.joshi1544@mail.com,9825749199,Delhi,Delhi,2023-04-25
1545,Suresh,Mehta,suresh.mehta1545@mail.com,8749599236,Lucknow,Uttar Pradesh,2025-03-03
1546,Vihaan,Singh,vihaan.singh1546@mail.com,8874813814,Hubli,Karnataka,2023-03-15
1547,Ananya,Rao,ananya.rao1547,7335463520,Dwarka,Delhi,2023-06-10
1548,Aarav,Sharma,aarav.sharma1548@mail.com,9015514020,Tiruchirapalli,Tamil Nadu,2023-07-31
1549,Myra,Das,myra.das1549@mail.com,9569778289,Kolhapur,Maharashtra,2021-10-23
1550,Isha,Joshi,isha.joshi1550@mail.com,9156669058,Tiruchirapalli,Tamil Nadu,2023-10-31
1551,Arjun,Chatterjee,arjun.chatterjee1551@mail.com,9402264191,Dwarka,Delhi,2021-01-26
1552,Rohan,Rao,rohan.rao1552@mail.com,9099189904,Ahmedabad,Gujarat,2022-06-24
1553,Vihaan,Chatterjee,vihaan.chatterjee1553@mail.com,9389030665,Chennai,Tamil Nadu,2025-11-08
1554,Suresh,Gupta,suresh.gupta1554@mail.com,7856552160,Varanasi,Uttar Pradesh,2025-04-16
1555,Lakshmi,Sharma,lakshmi.sharma1555@mail.com,9292477687,Coimbatore,Tamil Nadu,2022-01-28
1556,Aditya,Patel,aditya.patel1556@mail.com,,Nashik,Maharashtra,2022-03-24
1557,Amit,Chatterjee,amit.chatterjee1557@mail.com,8005411481,Lucknow,Uttar Pradesh,2021-02-16
1558,Ramesh,Gupta,ramesh.gupta1558@mail.com,8300570930,Ahmedabad,Gujarat,2022-12-30
1559,Aadhya,Joshi,aadhya.joshi1559@mail.com,8788717425,Madurai,Tamil Nadu,2022-04-22
1560,Ananya,Menon,ananya.menon1560@mail.com,9541517464,Coimbatore,Tamil Nadu,2026-05-29
1561,Divya,Gupta,divya.gupta1561@mail.com,9379997271,Bengaluru,Karnataka,2025-12-15
1562,Aryan,Nair,aryan.nair1562@mail.com,8576515714,Agra,Uttar Pradesh,2024-03-04
1563,Aditya,Reddy,aditya.reddy1563@mail.com,8920727008,Rohini,Delhi,2024-04-27
1564,Amit,Mehta,amit.mehta1564@mail.com,9609367901,Kolkata,West Bengal,2023-12-11
1565,Sneha,Reddy,sneha.reddy1565@mail.com,9349919697,Mangaluru,Karnataka,2024-03-21
1566,Priya,Rao,priya.rao1566@mail.com,9841995049,Kolkata,West Bengal,2024-07-07
1567,Ishaan,Mehta,ishaan.mehta1567@mail.com,8827994034,Ahmedabad,Gujarat,2024-07-21
1568,Sneha,Patel,sneha.patel1568@mail.com,7623456646,Jodhpur,Rajasthan,2024-12-16
1569,Kabir,Iyer,kabir.iyer1569@mail.com,7697682058,Aurangabad,Maharashtra,2023-06-10
1570,Ishaan,Chatterjee,ishaan.chatterjee1570@mail.com,9818492921,Jodhpur,Rajasthan,2022-09-20
1571,Riya,Pillai,riya.pillai1571@mail.com,9078655438,Howrah,West Bengal,2021-05-15
1572,Dev,Chatterjee,dev.chatterjee1572@mail.com,8017148578,Nagpur,Maharashtra,2025-12-10
1573,Lakshmi,Das,lakshmi.das1573@mail.com,7889570528,Coimbatore,Tamil Nadu,2021-06-22
1574,Arjun,Pillai,arjun.pillai1574@mail.com,8513753045,Kota,Rajasthan,2021-05-22
1575,Saanvi,Joshi,saanvi.joshi1575@mail.com,9703586997,Kolhapur,Maharashtra,2022-09-13
1576,Priya,Nair,priya.nair1576@mail.com,7430731481,Kota,Rajasthan,2021-04-21
1577,Vihaan,Nair,vihaan.nair1577@mail.com,8143953617,Coimbatore,Tamil Nadu,2021-08-23
1578,Vivaan,Kumar,vivaan.kumar1578@mail.com,8003425189,Tiruchirapalli,Tamil Nadu,2022-04-10
1579,Isha,Nair,isha.nair1579@mail.com,7426545900,Madurai,Tamil Nadu,2024-10-29
1580,Krishna,Sharma,krishna.sharma1580@mail.com,9977018047,New Delhi,Delhi,2022-03-14
1581,Rahul,Menon,rahul.menon1581@mail.com,8583990777,Siliguri,West Bengal,2023-05-04
1582,Isha,Nair,isha.nair1582@mail.com,7655851124,Siliguri,West Bengal,2025-04-13
1583,Ishaan,Kumar,ishaan.kumar1583@mail.com,8533143511,Kolkata,West Bengal,2024-03-09
1584,Meera,Joshi,meera.joshi1584@mail.com,7808320453,Bengaluru,Karnataka,2023-04-06
1585,Rohan,Joshi,rohan.joshi1585@mail.com,9128694964,Bengaluru,Karnataka,2024-03-28
1586,Aditya,Patel,aditya.patel1586@mail.com,8665445364,Jaipur,Rajasthan,2026-03-09
1587,Aryan,Sharma,aryan.sharma1587@mail.com,8791156064,Kolkata,West Bengal,2022-07-25
1588,Dev,Joshi,dev.joshi1588@mail.com,9895822675,Vadodara,Gujarat,2024-01-21
1589,Priya,Pillai,priya.pillai1589@mail.com,9345024444,Dwarka,Delhi,2022-09-26
1590,Ishaan,Chatterjee,ishaan.chatterjee1590@mail.com,8686864990,Kolkata,West Bengal,2025-07-28
1591,Divya,Kumar,divya.kumar1591@mail.com,7239242822,Hubli,Karnataka,2026-04-03
1592,Sai,Singh,sai.singh1592@mail.com,7775411314,Mangaluru,Karnataka,2023-08-20
1593,Isha,Iyer,isha.iyer1593@mail.com,8415874184,Jodhpur,Rajasthan,2021-10-02
1594,Dev,Sharma,dev.sharma1594@mail.com,7266338114,Dwarka,Delhi,2021-08-16
1595,Sneha,Das,sneha.das1595@mail.com,9775019368,Bengaluru,Karnataka,2026-04-02
1596,Diya,Joshi,diya.joshi1596@mail.com,9481091970,Howrah,West Bengal,2021-09-27
1597,Ramesh,Das,ramesh.das1597@mail.com,8749072940,Mysuru,Karnataka,2025-12-15
1598,Myra,Kumar,myra.kumar1598@mail.com,,Noida,Uttar Pradesh,2026-02-11
1599,Aditya,Das,aditya.das1599@mail.com,8480697308,Salem,Tamil Nadu,2024-02-23
1600,Krishna,Menon,krishna.menon1600@mail.com,7582363962,Bengaluru,Karnataka,2023-06-29
1601,Arjun,Patel,arjun.patel1601@mail.com,9662974555,Rohini,Delhi,2025-11-24
1602,Aarav,Joshi,aarav.joshi1602@mail.com,7400042174,  Durgapur  ,West Bengal,2024-02-23
1603,Arjun,Reddy,,8317549810,Kolhapur,Maharashtra,2024-12-14
1604,Vihaan,Chatterjee,vihaan.chatterjee1604@mail.com,7407091012,HUBLI,Karnataka,2024-03-31
1605,Anjali,Sharma,anjali.sharma1605@mail.com,8812644126,Kanpur,Uttar Pradesh,2024-09-04
1606,Ananya,Mehta,ananya.mehta1606@mail.com,8815266029,Nagpur,Maharashtra,2022-04-11
1607,Neha,Mehta,neha.mehta1607@mail.com,9041523008,Bengaluru,Karnataka,2024-06-21
1608,Neha,Verma,neha.verma1608@mail.com,7090575151,Tiruchirapalli,Tamil Nadu,2021-03-01
1609,Pooja,Rao,pooja.rao1609@mail.com,8345956895,siliguri,West Bengal,2025-01-13
1610,Neha,Sharma,,7644239448,Rajkot,Gujarat,2021-12-25
1611,Saanvi,Pillai,saanvi.pillai1611@mail.com,8728625545,Nashik,Maharashtra,2022-04-11
1612,Divya,Patel,divya.patel1612@mail.com,7058389811,Udaipur,Rajasthan,2025-06-07
1613,Arjun,Menon,arjun.menon1613@mail.com,9642762797,Delhi,Delhi,2023-11-15
1614,Ishaan,Pillai,ishaan.pillai1614@mail.com,9819684743,Mysuru,Karnataka,2022-07-07
1615,Amit,Verma,amit.verma1615@mail.com,8263053386,Kanpur,Uttar Pradesh,2021-01-17
1616,Ramesh,Iyer,ramesh.iyer1616@mail.com,7992166112,Aurangabad,Maharashtra,2026-05-02
1617,Vihaan,Das,vihaan.das1617@mail.com,7418425906,Nashik,Maharashtra,2025-05-09
1618,Divya,Patel,divya.patel1618@mail.com,8366590866,Lucknow,Uttar Pradesh,2024-04-19
1619,Divya,Mehta,divya.mehta1619@mail.com,7708978071,Kanpur,Uttar Pradesh,2024-12-30
1620,Myra,Chatterjee,myra.chatterjee1620@mail.com,7587257592,Siliguri,West Bengal,2023-11-24
1621,Riya,Nair,riya.nair1621@mail.com,8179139769,Rajkot,Gujarat,2025-07-10
1622,Amit,Reddy,amit.reddy1622,9173598805,Jaipur,Rajasthan,2021-04-07
1623,Aarav,Rao,aarav.rao1623@mail.com,7967676420,Howrah,West Bengal,2022-04-02
1624,Meera,Kumar,,8351359600,Pune,Maharashtra,2024-11-04
1625,Sneha,Patel,sneha.patel1625@mail.com,9591079749,Ghaziabad,Uttar Pradesh,2023-10-25
1626,Aarav,Pillai,aarav.pillai1626@mail.com,7053379950,Mangaluru,Karnataka,2023-09-25
1627,Priya,Joshi,priya.joshi1627@mail.com,7706232302,Tiruchirapalli,Tamil Nadu,2024-10-23
1628,Aadhya,Joshi,aadhya.joshi1628@mail.com,8917265925,Surat,Gujarat,2022-12-25
1629,Divya,Das,divya.das1629@mail.com,9238395163,Vadodara,Gujarat,2022-04-07
1630,Kabir,Gupta,kabir.gupta1630@mail.com,9827729785,Salem,Tamil Nadu,2024-05-25
1631,Sneha,Mehta,sneha.mehta1631@mail.com,8307329130,Howrah,West Bengal,2023-03-12
1632,Neha,Joshi,neha.joshi1632@mail.com,8816782066,Dwarka,Delhi,2021-04-25
1633,Diya,Verma,diya.verma1633@mail.com,8017075702,Mumbai,Maharashtra,2023-06-20
1634,Rohan,Joshi,rohan.joshi1634@mail.com,7953767610,Pune,Maharashtra,2025-09-09
1635,Aditya,Pillai,aditya.pillai1635@mail.com,8444020443,Hubli,Karnataka,2024-06-25
1636,Pooja,Gupta,pooja.gupta1636@mail.com,8535133576,Pune,Maharashtra,2022-06-01
1637,Aditya,Pillai,aditya.pillai1637@mail.com,,Kota,Rajasthan,2023-10-30
1638,Saanvi,Gupta,saanvi.gupta1638@mail.com,9114371270,Noida,Uttar Pradesh,2023-01-10
1639,Anjali,Nair,anjali.nair1639@mail.com,7334232727,Howrah,West Bengal,2022-03-01
1640,Isha,Patel,isha.patel1640,8505012875,Dwarka,Delhi,2023-04-16
1641,Ishaan,Menon,ishaan.menon1641@mail.com,9643962194,Rajkot,Gujarat,2024-12-31
1642,Anjali,Gupta,anjali.gupta1642@mail.com,7512494572,Kota,Rajasthan,2022-07-08
1643,Ananya,Kumar,ananya.kumar1643@mail.com,8431927502,Surat,Gujarat,2026-02-13
1644,Aditya,Pillai,aditya.pillai1644@mail.com,8197245346,Jodhpur,Rajasthan,2024-07-16
1645,Ananya,Sharma,ananya.sharma1645@mail.com,8228018819,Mangaluru,Karnataka,2023-04-09
1646,Myra,Patel,myra.patel1646@mail.com,8810163368,Pune,Maharashtra,2021-05-30
1647,Rohan,Rao,rohan.rao1647@mail.com,8888692654,Kolhapur,Maharashtra,2026-05-26
1648,Ananya,Reddy,ananya.reddy1648@mail.com,8018930502,Varanasi,Uttar Pradesh,2024-03-15
1649,Isha,Gupta,isha.gupta1649@mail.com,8607619995,Vadodara,Gujarat,2024-01-11
1650,Dev,Sharma,dev.sharma1650@mail.com,8237498599,Siliguri,West Bengal,2023-07-30
1651,Suresh,Nair,suresh.nair1651@mail.com,8602291180,Kota,Rajasthan,2022-11-05
1652,Kabir,Sharma,kabir.sharma1652@mail.com,8714429015,Siliguri,West Bengal,2022-04-06
1653,Aditya,Mehta,aditya.mehta1653@mail.com,8307969198,Nagpur,Maharashtra,2025-05-28
1654,Dev,Das,dev.das1654@mail.com,7567834360,Kanpur,Uttar Pradesh,2023-09-18
1655,Amit,Pillai,amit.pillai1655@mail.com,7297827365,Chennai,Tamil Nadu,2023-08-14
1656,Rahul,Rao,rahul.rao1656@mail.com,8262942201,Durgapur,West Bengal,2024-06-11
1657,Aarav,Sharma,,8884936446,Kanpur,Uttar Pradesh,2025-10-22
1658,Dev,Verma,dev.verma1658@mail.com,7415383666,Siliguri,West Bengal,2021-08-01
1659,Divya,Mehta,,9109672622,Ghaziabad,Uttar Pradesh,2024-10-17
1660,Aryan,Menon,aryan.menon1660@mail.com,8368651451,Surat,Gujarat,2025-09-24
1661,Kabir,Verma,kabir.verma1661@mail.com,9149044907,Nagpur,Maharashtra,2022-05-22
1662,Vivaan,Joshi,vivaan.joshi1662@mail.com,9939373472,Kota,Rajasthan,2025-05-30
1663,Isha,Iyer,isha.iyer1663@mail.com,9553553249,New Delhi,Delhi,2022-05-11
1664,Ishaan,Rao,ishaan.rao1664@mail.com,9757721836,Lucknow,Uttar Pradesh,2023-07-13
1665,Dev,Singh,dev.singh1665@mail.com,9024621609,Delhi,Delhi,2023-12-25
1666,Rahul,Iyer,rahul.iyer1666@mail.com,9687899698,Kanpur,Uttar Pradesh,2024-03-14
1667,Riya,Reddy,riya.reddy1667@mail.com,9339110826,Varanasi,Uttar Pradesh,2024-12-19
1668,Aarav,Chatterjee,aarav.chatterjee1668@mail.com,9322332258,Ghaziabad,Uttar Pradesh,2026-01-09
1669,Meera,Nair,,9206033257,Jaipur,Rajasthan,2023-11-25
1670,Aryan,Patel,aryan.patel1670@mail.com,8443753366,Udaipur,Rajasthan,2021-09-09
1671,Kabir,Nair,,7876316769,Delhi,Delhi,2021-06-07
1672,Vivaan,Reddy,vivaan.reddy1672@mail.com,8519273006,Mysuru,Karnataka,2022-05-06
1673,Aadhya,Das,aadhya.das1673@mail.com,7329262942,Dwarka,Delhi,2024-12-12
1674,Suresh,Patel,suresh.patel1674@mail.com,8188526874,Noida,Uttar Pradesh,2025-03-13
1675,Dev,Patel,dev.patel1675@mail.com,8552644897,Howrah,West Bengal,2021-11-21
1676,Ishaan,Nair,ishaan.nair1676@mail.com,7125773327,Hubli,Karnataka,2021-01-26
1677,Kiara,Sharma,kiara.sharma1677@mail.com,9190724826,Lucknow,Uttar Pradesh,2021-07-19
1678,Suresh,Chatterjee,suresh.chatterjee1678@mail.com,7031575840,Nagpur,Maharashtra,2022-09-16
1679,Kiara,Das,kiara.das1679@mail.com,9934471800,Howrah,West Bengal,2026-05-15
1680,Ananya,Mehta,ananya.mehta1680@mail.com,9617632505,Noida,Uttar Pradesh,2025-10-06
1681,Diya,Reddy,diya.reddy1681@mail.com,8778236653,New Delhi,Delhi,2022-11-22
1682,Aarav,Joshi,aarav.joshi1682@mail.com,7819566297,Mumbai,Maharashtra,2024-10-25
1683,Sneha,Verma,sneha.verma1683@mail.com,8353591228,Howrah,West Bengal,2021-03-27
1684,Dev,Mehta,dev.mehta1684@mail.com,8151783190,Howrah,West Bengal,2024-02-24
1685,Kiara,Mehta,kiara.mehta1685@mail.com,8610110288,Coimbatore,Tamil Nadu,2023-02-24
1686,Amit,Nair,amit.nair1686@mail.com,7466713108,Howrah,West Bengal,2023-03-30
1687,Meera,Rao,meera.rao1687@mail.com,7463256374,Bengaluru,Karnataka,2023-11-18
1688,Pooja,Joshi,pooja.joshi1688@mail.com,9130612858,Rohini,Delhi,2024-07-09
1689,Anjali,Patel,anjali.patel1689@mail.com,8354610646,Kolkata,West Bengal,2023-03-05
1690,Rohan,Mehta,rohan.mehta1690@mail.com,7400532760,Delhi,Delhi,2026-01-14
1691,Dev,Sharma,dev.sharma1691@mail.com,9464198867,Ahmedabad,Gujarat,2022-01-04
1692,Vihaan,Sharma,vihaan.sharma1692@mail.com,8480944510,New Delhi,Delhi,2024-08-07
1693,Aarav,Pillai,aarav.pillai1693@mail.com,7708454256,Kota,Rajasthan,2025-05-17
1694,Rahul,Menon,rahul.menon1694@mail.com,7421094317,Udaipur,Rajasthan,2023-08-23
1695,Neha,Nair,neha.nair1695@mail.com,9587838586,Ghaziabad,Uttar Pradesh,2024-10-23
1696,Riya,Pillai,riya.pillai1696@mail.com,8303465972,Nashik,Maharashtra,2021-12-02
1697,Divya,Singh,divya.singh1697@mail.com,9207893811,Aurangabad,Maharashtra,2022-07-13
1698,Riya,Chatterjee,riya.chatterjee1698@mail.com,9121374187,Jaipur,Rajasthan,2021-03-02
1699,Isha,Menon,isha.menon1699@mail.com,8347326558,Chennai,Tamil Nadu,2025-10-04
1700,Suresh,Das,suresh.das1700@mail.com,7271233832,Chennai,Tamil Nadu,2021-05-21
1701,Aryan,Patel,aryan.patel1701@mail.com,9902516523,Coimbatore,Tamil Nadu,2024-11-10
1702,Anjali,Iyer,anjali.iyer1702,7685259382,Hubli,Karnataka,2021-10-31
1703,Krishna,Mehta,krishna.mehta1703@mail.com,9394149184,Delhi,Delhi,2022-07-01
1704,Meera,Joshi,meera.joshi1704@mail.com,,Kanpur,Uttar Pradesh,2021-05-18
1705,Rahul,Reddy,,7089160025,Dwarka,Delhi,2021-10-05
1706,Pooja,Gupta,pooja.gupta1706@mail.com,7785075815,MANGALURU,Karnataka,2024-04-19
1707,Rohan,Pillai,rohan.pillai1707@mail.com,8394971486,Jaipur,Rajasthan,2025-10-08
1708,Meera,Patel,meera.patel1708@mail.com,8789510048,Vadodara,Gujarat,2021-03-30
1709,Riya,Reddy,riya.reddy1709@mail.com,8234996912,Delhi,Delhi,2022-04-24
1710,Riya,Mehta,riya.mehta1710@mail.com,7740925275,Howrah,West Bengal,2024-02-08
1711,Isha,Pillai,isha.pillai1711@mail.com,8383128860,Nashik,Maharashtra,2025-12-18
1712,Lakshmi,Joshi,lakshmi.joshi1712@mail.com,7764091823,Jodhpur,Rajasthan,2024-08-20
1713,Pooja,Kumar,pooja.kumar1713@mail.com,7851833380,Mysuru,Karnataka,2021-11-04
1714,Saanvi,Iyer,saanvi.iyer1714@mail.com,8282087921,Howrah,West Bengal,2025-08-17
1715,Isha,Pillai,isha.pillai1715@mail.com,8422464183,Jodhpur,Rajasthan,2021-02-13
1716,Myra,Pillai,myra.pillai1716@mail.com,8948059170,Nashik,Maharashtra,2022-09-18
1717,Rohan,Pillai,,8786136476,Aurangabad,Maharashtra,2021-11-06
1718,Rahul,Gupta,rahul.gupta1718@mail.com,7219181211,Lucknow,Uttar Pradesh,2022-10-19
1719,Sneha,Singh,sneha.singh1719@mail.com,9316261016,Kolhapur,Maharashtra,2021-09-16
1720,Lakshmi,Kumar,lakshmi.kumar1720@mail.com,8517380539,Dwarka,Delhi,2022-02-07
1721,Saanvi,Das,saanvi.das1721@mail.com,7600448645,Madurai,Tamil Nadu,2024-03-11
1722,Meera,Patel,meera.patel1722@mail.com,7777154036,Chennai,Tamil Nadu,2026-05-05
1723,Divya,Nair,divya.nair1723@mail.com,8415110588,Mysuru,Karnataka,2021-03-08
1724,Sneha,Rao,sneha.rao1724@mail.com,9533134125,Rohini,Delhi,2021-01-18
1725,Sneha,Joshi,sneha.joshi1725@mail.com,7402658832,Udaipur,Rajasthan,2025-03-15
1726,Ananya,Mehta,ananya.mehta1726@mail.com,9042468434,Bengaluru,Karnataka,2024-01-22
1727,Aditya,Mehta,aditya.mehta1727@mail.com,9859024899,Mangaluru,Karnataka,2021-08-30
1728,Aryan,Nair,aryan.nair1728@mail.com,7745039524,Chennai,Tamil Nadu,2022-11-20
1729,Vihaan,Menon,vihaan.menon1729@mail.com,8613061781,Varanasi,Uttar Pradesh,2021-07-15
1730,Rahul,Verma,rahul.verma1730@mail.com,9714149421,Vadodara,Gujarat,2021-04-07
1731,Meera,Gupta,meera.gupta1731@mail.com,9653019640,Bengaluru,Karnataka,2021-12-31
1732,Lakshmi,Sharma,lakshmi.sharma1732@mail.com,8621722607,Hubli,Karnataka,2021-11-01
1733,Aditya,Pillai,aditya.pillai1733@mail.com,7613517401,Howrah,West Bengal,2022-08-28
1734,Pooja,Patel,pooja.patel1734@mail.com,7269965337,New Delhi,Delhi,2021-08-05
1735,Vivaan,Das,vivaan.das1735@mail.com,,Kolhapur,Maharashtra,2025-04-06
1736,Kiara,Mehta,kiara.mehta1736@mail.com,,Kanpur,Uttar Pradesh,2024-03-09
1737,Dev,Verma,dev.verma1737@mail.com,9501679069,Kota,Rajasthan,2024-07-14
1738,Isha,Iyer,isha.iyer1738@mail.com,7248418746,Kolkata,West Bengal,2023-07-11
1739,Lakshmi,Menon,lakshmi.menon1739@mail.com,7591715128,Salem,Tamil Nadu,2022-10-03
1740,Dev,Reddy,dev.reddy1740@mail.com,8202025108,Kolkata,West Bengal,2023-03-14
1741,Dev,Menon,dev.menon1741@mail.com,8684114987,New Delhi,Delhi,2022-03-29
1742,Sneha,Reddy,sneha.reddy1742@mail.com,9305215291,Kolkata,West Bengal,2023-07-28
1743,Ananya,Das,ananya.das1743@mail.com,7937192299,Lucknow,Uttar Pradesh,2021-01-11
1744,Lakshmi,Mehta,lakshmi.mehta1744@mail.com,8995318119,Mangaluru,Karnataka,2024-01-17
1745,Saanvi,Gupta,saanvi.gupta1745@mail.com,8273738399,Chennai,Tamil Nadu,2024-03-15
1746,Neha,Sharma,neha.sharma1746@mail.com,8801063298,Kota,Rajasthan,2026-04-11
1747,Neha,Pillai,neha.pillai1747@mail.com,7834411268,Chennai,Tamil Nadu,2022-03-16
1748,Kabir,Gupta,kabir.gupta1748@mail.com,8288073553,Kota,Rajasthan,2021-09-12
1749,Aditya,Kumar,aditya.kumar1749@mail.com,7131287837,Chennai,Tamil Nadu,2025-03-06
1750,Diya,Kumar,diya.kumar1750@mail.com,7417467053,Chennai,Tamil Nadu,2022-02-02
1751,Rahul,Rao,rahul.rao1751@mail.com,8188365561,Udaipur,Rajasthan,2023-11-12
1752,Vihaan,Patel,vihaan.patel1752@mail.com,9821460112,Pune,Maharashtra,2022-07-11
1753,Diya,Nair,diya.nair1753@mail.com,7632029888,New Delhi,Delhi,2025-08-24
1754,Sai,Patel,sai.patel1754@mail.com,7950698015,Nashik,Maharashtra,2022-11-03
1755,Priya,Patel,priya.patel1755@mail.com,8119128364,Howrah,West Bengal,2024-03-24
1756,Lakshmi,Joshi,lakshmi.joshi1756@mail.com,8369541918,Coimbatore,Tamil Nadu,2023-06-07
1757,Ishaan,Das,ishaan.das1757@mail.com,9584587750,Kota,Rajasthan,2023-03-16
1758,Saanvi,Gupta,saanvi.gupta1758@mail.com,7274786648,Nagpur,Maharashtra,2022-05-28
1759,Rohan,Joshi,rohan.joshi1759@mail.com,7201839919,Coimbatore,Tamil Nadu,2023-02-24
1760,Krishna,Kumar,krishna.kumar1760@mail.com,7129329997,Salem,Tamil Nadu,2023-08-04
1761,Aryan,Gupta,aryan.gupta1761@mail.com,,Howrah,West Bengal,2024-02-11
1762,Dev,Patel,dev.patel1762@mail.com,7315775732,Agra,Uttar Pradesh,2022-05-18
1763,Aditya,Reddy,aditya.reddy1763@mail.com,7523625597,Kanpur,Uttar Pradesh,2023-11-09
1764,Pooja,Singh,pooja.singh1764@mail.com,8541320487,Rajkot,Gujarat,2023-09-05
1765,Krishna,Das,,9750116213,Kota,Rajasthan,2021-05-05
1766,Saanvi,Joshi,saanvi.joshi1766@mail.com,8422862005,Hubli,Karnataka,2023-11-03
1767,Lakshmi,Iyer,lakshmi.iyer1767@mail.com,9626083448,Jaipur,Rajasthan,2021-08-10
1768,Arjun,Rao,arjun.rao1768@mail.com,7530384087,Rajkot,Gujarat,2025-10-23
1769,Rohan,Chatterjee,rohan.chatterjee1769@mail.com,9943222735,Howrah,West Bengal,2026-02-04
1770,Ishaan,Mehta,ishaan.mehta1770@mail.com,7168260441,Jaipur,Rajasthan,2024-11-23
1771,Aadhya,Gupta,aadhya.gupta1771@mail.com,9512758604,Vadodara,Gujarat,2026-04-28
1772,Dev,Pillai,dev.pillai1772@mail.com,7162176365,Madurai,Tamil Nadu,2022-02-02
1773,Priya,Chatterjee,priya.chatterjee1773@mail.com,8738049902,Hubli,Karnataka,2026-03-31
1774,Aryan,Gupta,aryan.gupta1774@mail.com,9926683138,New Delhi,Delhi,2022-08-08
1775,Rahul,Sharma,rahul.sharma1775@mail.com,9778849876,Rajkot,Gujarat,2024-06-09
1776,Anjali,Chatterjee,anjali.chatterjee1776@mail.com,9764664819,Surat,Gujarat,2024-04-28
1777,Saanvi,Gupta,saanvi.gupta1777@mail.com,7130567325,Rajkot,Gujarat,2026-06-29
1778,Sai,Rao,sai.rao1778@mail.com,7202375198,Ghaziabad,Uttar Pradesh,2024-02-26
1779,Myra,Iyer,myra.iyer1779@mail.com,7680382361,Bengaluru,Karnataka,2026-05-20
1780,Vivaan,Gupta,,7185827525,Nashik,Maharashtra,2026-03-24
1781,Sai,Mehta,sai.mehta1781@mail.com,9182485139,Chennai,Tamil Nadu,2026-05-13
1782,Kabir,Verma,kabir.verma1782@mail.com,7218537542,Varanasi,Uttar Pradesh,2024-05-07
1783,Aryan,Sharma,aryan.sharma1783@mail.com,8191010997,Dwarka,Delhi,2025-02-27
1784,Rahul,Das,rahul.das1784@mail.com,9873335246,Delhi,Delhi,2021-11-25
1785,Aarav,Gupta,,7179323566,Chennai,Tamil Nadu,2021-07-06
1786,Sneha,Das,sneha.das1786@mail.com,8019436102,Noida,Uttar Pradesh,2025-12-31
1787,Ishaan,Iyer,ishaan.iyer1787@mail.com,7566488323,Lucknow,Uttar Pradesh,2023-10-20
1788,Aarav,Joshi,aarav.joshi1788@mail.com,8734645650,Delhi,Delhi,2024-10-04
1789,Vivaan,Iyer,vivaan.iyer1789@mail.com,7008962902,Tiruchirapalli,Tamil Nadu,2021-10-25
1790,Aditya,Joshi,aditya.joshi1790@mail.com,7234266862,Kanpur,Uttar Pradesh,2024-04-19
1791,Amit,Reddy,amit.reddy1791@mail.com,9971587860,Jaipur,Rajasthan,2024-04-15
1792,Vihaan,Sharma,vihaan.sharma1792@mail.com,8797061438,Aurangabad,Maharashtra,2022-02-03
1793,Dev,Singh,dev.singh1793@mail.com,8524633186,Nashik,Maharashtra,2024-03-23
1794,Aarav,Rao,aarav.rao1794@mail.com,8381548700,Kolkata,West Bengal,2023-01-31
1795,Myra,Joshi,myra.joshi1795@mail.com,8520576473,Tiruchirapalli,Tamil Nadu,2025-04-18
1796,Aditya,Iyer,aditya.iyer1796@mail.com,7868225808,Vadodara,Gujarat,2022-11-14
1797,Dev,Pillai,dev.pillai1797@mail.com,8976874844,Jodhpur,Rajasthan,2026-05-25
1798,Diya,Menon,diya.menon1798@mail.com,9162627374,Salem,Tamil Nadu,2024-06-25
1799,Rahul,Patel,rahul.patel1799@mail.com,9145396751,Udaipur,Rajasthan,2025-01-05
1800,Aryan,Mehta,aryan.mehta1800@mail.com,9120154365,Madurai,Tamil Nadu,2021-01-27
1801,Krishna,Singh,krishna.singh1801@mail.com,8969688372,Noida,Uttar Pradesh,2021-09-04
1802,Amit,Verma,amit.verma1802@mail.com,7161869523,Vadodara,Gujarat,2021-06-06
1803,Ramesh,Reddy,ramesh.reddy1803@mail.com,,Nashik,Maharashtra,2022-06-27
1804,Rahul,Singh,rahul.singh1804@mail.com,7433643983,Nagpur,Maharashtra,2025-04-18
1805,Meera,Mehta,meera.mehta1805@mail.com,7490173639,Siliguri,West Bengal,2023-05-03
1806,Aditya,Patel,,9162979729,JAIPUR,Rajasthan,2022-12-07
1807,Lakshmi,Pillai,lakshmi.pillai1807@mail.com,8224424245,Mangaluru,Karnataka,2023-03-21
1808,Aarav,Reddy,aarav.reddy1808,7687727329,Aurangabad,Maharashtra,2024-09-09
1809,Vivaan,Das,vivaan.das1809@mail.com,9199314974,Rajkot,Gujarat,2021-12-28
1810,Ishaan,Kumar,ishaan.kumar1810@mail.com,9582438677,Bengaluru,Karnataka,2022-01-12
1811,Vihaan,Das,vihaan.das1811@mail.com,8340022538,Pune,Maharashtra,2023-12-12
1812,Riya,Das,riya.das1812@mail.com,7047658559,Jaipur,Rajasthan,2024-04-22
1813,Kabir,Nair,kabir.nair1813@mail.com,7362835519,Vadodara,Gujarat,2025-12-15
1814,Rohan,Pillai,rohan.pillai1814@mail.com,9618049737,Madurai,Tamil Nadu,2023-09-17
1815,Priya,Reddy,priya.reddy1815@mail.com,8634011136,Kota,Rajasthan,2024-11-29
1816,Priya,Das,priya.das1816@mail.com,8821070128,Kolkata,West Bengal,2023-08-25
1817,Ishaan,Nair,,8663718207,Hubli,Karnataka,2024-04-17
1818,Vihaan,Patel,vihaan.patel1818@mail.com,8418817151,Siliguri,West Bengal,2024-04-17
1819,Diya,Sharma,diya.sharma1819@mail.com,7478023516,Aurangabad,Maharashtra,2021-11-02
1820,Priya,Patel,priya.patel1820@mail.com,9860919779,Surat,Gujarat,2023-11-30
1821,Kiara,Mehta,kiara.mehta1821@mail.com,9068323489,Rajkot,Gujarat,2021-01-15
1822,Aryan,Verma,aryan.verma1822@mail.com,7497473882,Nagpur,Maharashtra,2024-05-20
1823,Pooja,Chatterjee,pooja.chatterjee1823@mail.com,9760446693,Durgapur,West Bengal,2026-06-29
1824,Pooja,Reddy,pooja.reddy1824@mail.com,7928460389,Ahmedabad,Gujarat,2022-10-07
1825,Aditya,Das,aditya.das1825@mail.com,8056753915,Siliguri,West Bengal,2026-01-17
1826,Isha,Sharma,isha.sharma1826@mail.com,7324988912,Mangaluru,Karnataka,2021-12-30
1827,Aarav,Joshi,aarav.joshi1827@mail.com,9618892754,Bengaluru,Karnataka,2022-09-29
1828,Aditya,Singh,aditya.singh1828@mail.com,9295040075,Lucknow,Uttar Pradesh,2021-09-23
1829,Aditya,Iyer,aditya.iyer1829@mail.com,7204076749,Siliguri,West Bengal,2021-04-05
1830,Sneha,Pillai,sneha.pillai1830@mail.com,7244621069,Rohini,Delhi,2023-10-22
1831,Pooja,Gupta,pooja.gupta1831@mail.com,9376455950,Mysuru,Karnataka,2026-04-26
1832,Diya,Rao,diya.rao1832@mail.com,7188360642,Ghaziabad,Uttar Pradesh,2021-10-15
1833,Amit,Das,amit.das1833@mail.com,7638371701,Ghaziabad,Uttar Pradesh,2026-02-16
1834,Suresh,Gupta,suresh.gupta1834@mail.com,9579671477,Siliguri,West Bengal,2022-09-01
1835,Rohan,Das,rohan.das1835@mail.com,8966316439,Pune,Maharashtra,2024-03-18
1836,Myra,Pillai,myra.pillai1836@mail.com,9295915747,Durgapur,West Bengal,2025-01-08
1837,Ramesh,Gupta,ramesh.gupta1837@mail.com,7915729484,Siliguri,West Bengal,2023-01-22
1838,Myra,Verma,myra.verma1838@mail.com,7984013535,Agra,Uttar Pradesh,2025-10-12
1839,Lakshmi,Gupta,lakshmi.gupta1839@mail.com,7372658465,Surat,Gujarat,2024-04-13
1840,Rohan,Nair,rohan.nair1840@mail.com,8624034981,Howrah,West Bengal,2025-03-28
1841,Suresh,Sharma,,8021190702,New Delhi,Delhi,2025-12-13
1842,Ishaan,Verma,ishaan.verma1842@mail.com,,Rohini,Delhi,2022-07-17
1843,Aditya,Nair,aditya.nair1843@mail.com,,Rohini,Delhi,2025-06-08
1844,Ananya,Singh,ananya.singh1844@mail.com,7487485368,Nashik,Maharashtra,2025-01-25
1845,Vivaan,Kumar,vivaan.kumar1845@mail.com,9006070139,Kota,Rajasthan,2026-03-22
1846,Arjun,Joshi,arjun.joshi1846@mail.com,7263294651,Chennai,Tamil Nadu,2021-01-05
1847,Amit,Iyer,,9216991041,Rohini,Delhi,2022-08-28
1848,Diya,Verma,diya.verma1848@mail.com,9709450495,Delhi,Delhi,2024-09-10
1849,Ramesh,Nair,ramesh.nair1849@mail.com,9776616184,Jaipur,Rajasthan,2021-12-17
1850,Riya,Nair,riya.nair1850@mail.com,7645817248,Surat,Gujarat,2023-03-04
1851,Vivaan,Menon,vivaan.menon1851@mail.com,9568966981,Kota,Rajasthan,2023-11-30
1852,Ramesh,Gupta,ramesh.gupta1852@mail.com,9358946495,Jodhpur,Rajasthan,2021-12-09
1853,Aditya,Pillai,aditya.pillai1853@mail.com,9064058294,Rajkot,Gujarat,2025-05-12
1854,Ananya,Mehta,ananya.mehta1854@mail.com,9406399462,Kota,Rajasthan,2022-06-16
1855,Riya,Chatterjee,riya.chatterjee1855@mail.com,7090093940,Durgapur,West Bengal,2021-11-24
1856,Riya,Patel,riya.patel1856@mail.com,8774490961,New Delhi,Delhi,2026-05-09
1857,Dev,Joshi,dev.joshi1857@mail.com,,Surat,Gujarat,2024-07-30
1858,Sai,Singh,sai.singh1858@mail.com,7249016944,Chennai,Tamil Nadu,2026-05-31
1859,Aditya,Singh,aditya.singh1859@mail.com,9140873008,Tiruchirapalli,Tamil Nadu,2021-09-26
1860,Aditya,Chatterjee,aditya.chatterjee1860@mail.com,7553191902,Pune,Maharashtra,2023-02-23
1861,Diya,Gupta,diya.gupta1861@mail.com,9941547878,Kanpur,Uttar Pradesh,2023-11-04
1862,Vivaan,Gupta,vivaan.gupta1862@mail.com,8816496396,Hubli,Karnataka,2025-03-12
1863,Arjun,Das,arjun.das1863,9353571065,Vadodara,Gujarat,2025-10-07
1864,Ananya,Mehta,ananya.mehta1864@mail.com,9810259884,Mumbai,Maharashtra,2024-08-16
1865,Saanvi,Singh,saanvi.singh1865@mail.com,9013661936,Nashik,Maharashtra,2024-03-06
1866,Aryan,Menon,aryan.menon1866@mail.com,8357563537,Lucknow,Uttar Pradesh,2023-11-11
1867,Saanvi,Singh,saanvi.singh1867@mail.com,7915769573,Surat,Gujarat,2023-07-27
1868,Rahul,Joshi,rahul.joshi1868@mail.com,9096839071,Delhi,Delhi,2022-06-13
1869,Saanvi,Kumar,saanvi.kumar1869@mail.com,8602760667,Rohini,Delhi,2021-06-12
1870,Sneha,Nair,sneha.nair1870@mail.com,9443423572,Coimbatore,Tamil Nadu,2023-01-22
1871,Ananya,Kumar,ananya.kumar1871@mail.com,7361249848,Jodhpur,Rajasthan,2023-04-16
1872,Aryan,Menon,aryan.menon1872@mail.com,8403437314,coimbatore,Tamil Nadu,2024-05-04
1873,Sai,Singh,sai.singh1873@mail.com,7115491816,Chennai,Tamil Nadu,2023-02-14
1874,Pooja,Menon,,8774040724,Mumbai,Maharashtra,2021-08-17
1875,Kabir,Kumar,kabir.kumar1875@mail.com,7251769256,Noida,Uttar Pradesh,2023-05-01
1876,Saanvi,Iyer,saanvi.iyer1876@mail.com,9872235947,Tiruchirapalli,Tamil Nadu,2021-05-22
1877,Aditya,Pillai,aditya.pillai1877@mail.com,9662294884,Jaipur,Rajasthan,2021-10-22
1878,Ishaan,Das,ishaan.das1878@mail.com,7140335770,Surat,Gujarat,2021-01-22
1879,Isha,Nair,isha.nair1879@mail.com,7060220751,Lucknow,Uttar Pradesh,2022-07-20
1880,Lakshmi,Pillai,lakshmi.pillai1880@mail.com,8011048592,Kanpur,Uttar Pradesh,2024-11-04
1881,Arjun,Iyer,arjun.iyer1881@mail.com,7738039069,Kota,Rajasthan,2023-07-11
1882,Dev,Iyer,,8934956721,Jodhpur,Rajasthan,2025-06-18
1883,Aryan,Das,aryan.das1883@mail.com,8718111301,Howrah,West Bengal,2024-09-21
1884,Isha,Mehta,isha.mehta1884@mail.com,8353884825,Udaipur,Rajasthan,2021-04-04
1885,Aditya,Gupta,aditya.gupta1885@mail.com,7536514998,Kolkata,West Bengal,2023-04-09
1886,Rohan,Iyer,rohan.iyer1886@mail.com,8223616639,Coimbatore,Tamil Nadu,2024-04-07
1887,Myra,Pillai,myra.pillai1887@mail.com,8146417250,  Aurangabad  ,Maharashtra,2021-07-21
1888,Ananya,Reddy,ananya.reddy1888@mail.com,7019359837,Surat,Gujarat,2024-07-01
1889,Rohan,Mehta,rohan.mehta1889@mail.com,9194922811,Nagpur,Maharashtra,2026-02-13
1890,Riya,Verma,riya.verma1890@mail.com,7023113475,Pune,Maharashtra,2022-04-02
1891,Kiara,Reddy,kiara.reddy1891@mail.com,9766818724,Mysuru,Karnataka,2021-03-28
1892,Aadhya,Nair,aadhya.nair1892@mail.com,7839293154,Coimbatore,Tamil Nadu,2025-04-29
1893,Rohan,Joshi,rohan.joshi1893@mail.com,8974858810,Durgapur,West Bengal,2022-08-31
1894,Krishna,Verma,,9535382677,Tiruchirapalli,Tamil Nadu,2025-10-14
1895,Kiara,Chatterjee,kiara.chatterjee1895@mail.com,8276775802,Kolhapur,Maharashtra,2023-02-06
1896,Ramesh,Mehta,ramesh.mehta1896@mail.com,9471035235,Varanasi,Uttar Pradesh,2025-09-26
1897,Neha,Mehta,neha.mehta1897@mail.com,9331690030,Siliguri,West Bengal,2021-07-12
1898,Suresh,Patel,suresh.patel1898@mail.com,7694442834,Rohini,Delhi,2026-03-22
1899,Diya,Das,diya.das1899@mail.com,7824374948,Aurangabad,Maharashtra,2022-03-07
1900,Suresh,Rao,suresh.rao1900@mail.com,7114012573,Pune,Maharashtra,2021-07-27
1901,Rohan,Pillai,rohan.pillai1901@mail.com,7283417682,Aurangabad,Maharashtra,2025-06-10
1902,Pooja,Verma,,9222329799,Bengaluru,Karnataka,2023-01-12
1903,Myra,Rao,myra.rao1903@mail.com,8744692960,Madurai,Tamil Nadu,2024-03-20
1904,Priya,Kumar,priya.kumar1904,8811423349,Tiruchirapalli,Tamil Nadu,2022-02-06
1905,Riya,Verma,riya.verma1905@mail.com,8865097589,New Delhi,Delhi,2021-04-09
1906,Aryan,Pillai,aryan.pillai1906@mail.com,7554688392,Jaipur,Rajasthan,2025-02-04
1907,Aarav,Patel,aarav.patel1907@mail.com,,Rajkot,Gujarat,2026-04-01
1908,Ramesh,Singh,ramesh.singh1908@mail.com,9217155148,Kolkata,West Bengal,2023-04-25
1909,Suresh,Chatterjee,suresh.chatterjee1909@mail.com,7214228365,Durgapur,West Bengal,2025-09-22
1910,Isha,Das,isha.das1910@mail.com,9820188852,  Jodhpur  ,Rajasthan,2021-06-11
1911,Saanvi,Singh,saanvi.singh1911@mail.com,9590218908,Howrah,West Bengal,2023-06-07
1912,Dev,Singh,dev.singh1912@mail.com,9546245407,Jaipur,Rajasthan,2021-07-02
1913,Aadhya,Das,nan,8502849795,Rajkot,Gujarat,2022-12-22
1914,Neha,Das,neha.das1914@mail.com,7903391115,Coimbatore,Tamil Nadu,2024-11-30
1915,Ramesh,Singh,ramesh.singh1915@mail.com,9086068908,Kolhapur,Maharashtra,2023-05-08
1916,Isha,Mehta,isha.mehta1916@mail.com,9336422644,Aurangabad,Maharashtra,2024-05-06
1917,Riya,Sharma,riya.sharma1917@mail.com,9052846696,Lucknow,Uttar Pradesh,2023-09-09
1918,Meera,Gupta,meera.gupta1918@mail.com,9607712242,Kolkata,West Bengal,2026-05-28
1919,Aryan,Menon,aryan.menon1919@mail.com,9576919156,Udaipur,Rajasthan,2021-09-15
1920,Lakshmi,Verma,lakshmi.verma1920@mail.com,8585828034,Rohini,Delhi,2024-10-04
1921,Sai,Verma,sai.verma1921@mail.com,9256111831,Kolhapur,Maharashtra,2025-03-06
1922,Aditya,Patel,aditya.patel1922@mail.com,9341319467,Chennai,Tamil Nadu,2022-05-16
1923,Saanvi,Patel,saanvi.patel1923@mail.com,8182585524,Dwarka,Delhi,2025-07-18
1924,Aadhya,Patel,aadhya.patel1924@mail.com,8392551036,Nashik,Maharashtra,2025-09-06
1925,Sneha,Pillai,sneha.pillai1925@mail.com,8934058042,Hubli,Karnataka,2021-03-06
1926,Aadhya,Kumar,aadhya.kumar1926@mail.com,8406432884,Kolhapur,Maharashtra,2026-04-13
1927,Vihaan,Pillai,vihaan.pillai1927@mail.com,9847712843,Rajkot,Gujarat,2026-05-06
1928,Meera,Pillai,meera.pillai1928@mail.com,7186479037,Ahmedabad,Gujarat,2025-09-22
1929,Aarav,Pillai,aarav.pillai1929@mail.com,,Agra,Uttar Pradesh,2024-11-18
1930,Meera,Nair,meera.nair1930@mail.com,7983595506,Ghaziabad,Uttar Pradesh,2026-02-02
1931,Divya,Chatterjee,divya.chatterjee1931@mail.com,7087381931,Vadodara,Gujarat,2023-12-14
1932,Priya,Kumar,priya.kumar1932@mail.com,9623851744,Pune,Maharashtra,2021-02-11
1933,Aryan,Chatterjee,aryan.chatterjee1933@mail.com,8604199155,  Varanasi  ,Uttar Pradesh,2025-11-02
1934,Sneha,Nair,sneha.nair1934@mail.com,8043397629,Delhi,Delhi,2022-05-22
1935,Rohan,Singh,rohan.singh1935@mail.com,7245490552,Ahmedabad,Gujarat,2024-03-22
1936,Amit,Das,amit.das1936@mail.com,,Aurangabad,Maharashtra,2025-12-17
1937,Ananya,Sharma,ananya.sharma1937@mail.com,7229534163,Pune,Maharashtra,2022-05-29
1938,Diya,Menon,diya.menon1938@mail.com,8239497637,Dwarka,Delhi,2023-12-27
1939,Aadhya,Chatterjee,aadhya.chatterjee1939@mail.com,8122764092,Udaipur,Rajasthan,2025-11-25
1940,Vivaan,Pillai,vivaan.pillai1940@mail.com,9248872599,Nashik,Maharashtra,2021-07-11
1941,Dev,Joshi,dev.joshi1941@mail.com,9623388891,Udaipur,Rajasthan,2021-09-02
1942,Diya,Sharma,diya.sharma1942@mail.com,8486020419,Siliguri,West Bengal,2025-02-13
1943,Sneha,Mehta,sneha.mehta1943@mail.com,7959147681,Howrah,West Bengal,2024-07-18
1944,Anjali,Patel,anjali.patel1944,,Chennai,Tamil Nadu,2021-05-16
1945,Myra,Mehta,myra.mehta1945@mail.com,7061080219,bengaluru,Karnataka,2025-01-30
1946,Sneha,Das,sneha.das1946@mail.com,7392769638,New Delhi,Delhi,2024-07-13
1947,Rahul,Pillai,rahul.pillai1947@mail.com,9929364913,Surat,Gujarat,2024-03-25
1948,Lakshmi,Nair,lakshmi.nair1948@mail.com,8293862509,Surat,Gujarat,2022-10-06
1949,Sneha,Kumar,,7201840401,Siliguri,West Bengal,2021-04-16
1950,Krishna,Joshi,krishna.joshi1950@mail.com,8219574659,Kolkata,West Bengal,2023-05-15
1951,Priya,Menon,priya.menon1951@mail.com,9347152776,Rohini,Delhi,2024-01-09
1952,Krishna,Chatterjee,krishna.chatterjee1952@mail.com,9404158616,Durgapur,West Bengal,2025-09-29
1953,Amit,Mehta,amit.mehta1953@mail.com,,Rohini,Delhi,2021-04-08
1954,Anjali,Reddy,anjali.reddy1954@mail.com,8266172715,Vadodara,Gujarat,2023-09-27
1955,Ramesh,Kumar,,8896374425,Ghaziabad,Uttar Pradesh,2022-06-03
1956,Lakshmi,Iyer,lakshmi.iyer1956@mail.com,7091971266,Kolkata,West Bengal,2022-03-27
1957,Ishaan,Rao,ishaan.rao1957@mail.com,7139122662,New Delhi,Delhi,2022-09-17
1958,Rohan,Kumar,rohan.kumar1958@mail.com,9395564331,Jaipur,Rajasthan,2024-10-18
1959,Saanvi,Sharma,saanvi.sharma1959@mail.com,8761321698,Siliguri,West Bengal,2021-09-28
1960,Aryan,Kumar,aryan.kumar1960@mail.com,8660841810,Howrah,West Bengal,2021-01-09
1961,Diya,Gupta,diya.gupta1961@mail.com,7815980004,Rajkot,Gujarat,2023-01-09
1962,Anjali,Rao,anjali.rao1962@mail.com,8009561621,Ahmedabad,Gujarat,2021-06-11
1963,Rahul,Chatterjee,rahul.chatterjee1963@mail.com,9266894169,Tiruchirapalli,Tamil Nadu,2025-02-24
1964,Vivaan,Das,vivaan.das1964@mail.com,9439188437,Pune,Maharashtra,2026-04-29
1965,Dev,Chatterjee,dev.chatterjee1965@mail.com,8465263210,Mysuru,Karnataka,2024-04-25
1966,Arjun,Joshi,arjun.joshi1966,9284551989,Durgapur,West Bengal,2022-10-25
1967,Anjali,Sharma,anjali.sharma1967@mail.com,7392490653,Ghaziabad,Uttar Pradesh,2025-04-30
1968,Saanvi,Verma,saanvi.verma1968@mail.com,,Mumbai,Maharashtra,2023-05-05
1969,Amit,Patel,amit.patel1969@mail.com,9993186428,Hubli,Karnataka,2024-04-15
1970,Vivaan,Das,vivaan.das1970@mail.com,9851880320,Kolhapur,Maharashtra,2023-08-25
1971,Myra,Patel,myra.patel1971@mail.com,9026930320,Lucknow,Uttar Pradesh,2025-09-15
1972,Dev,Menon,dev.menon1972@mail.com,7490916108,Noida,Uttar Pradesh,2021-12-31
1973,Rahul,Joshi,,9502280087,Delhi,Delhi,2023-06-16
1974,Suresh,Patel,suresh.patel1974@mail.com,8577749577,Howrah,West Bengal,2025-08-01
1975,Ramesh,Chatterjee,ramesh.chatterjee1975@mail.com,8221554068,Siliguri,West Bengal,2024-05-09
1976,Divya,Das,divya.das1976@mail.com,9147172074,Surat,Gujarat,2021-05-14
1977,Priya,Singh,priya.singh1977@mail.com,8144834602,Varanasi,Uttar Pradesh,2022-05-24
1978,Arjun,Chatterjee,arjun.chatterjee1978@mail.com,9778857950,Coimbatore,Tamil Nadu,2024-01-22
1979,Suresh,Menon,suresh.menon1979@mail.com,9582758955,Nagpur,Maharashtra,2024-04-21
1980,Sneha,Reddy,sneha.reddy1980@mail.com,8551924548,Rohini,Delhi,2023-09-05
1981,Sai,Iyer,sai.iyer1981@mail.com,9601133941,Madurai,Tamil Nadu,2026-03-21
1982,Krishna,Joshi,krishna.joshi1982@mail.com,9402459818,Noida,Uttar Pradesh,2023-02-04
1983,Anjali,Iyer,anjali.iyer1983@mail.com,,Bengaluru,Karnataka,2021-06-23
1984,Isha,Reddy,isha.reddy1984@mail.com,8903548933,Siliguri,West Bengal,2025-03-13
1985,Aarav,Verma,aarav.verma1985@mail.com,8717834875,Hubli,Karnataka,2022-12-04
1986,Sneha,Reddy,sneha.reddy1986@mail.com,7060520638,Tiruchirapalli,Tamil Nadu,2022-12-23
1987,Anjali,Singh,anjali.singh1987@mail.com,8608534102,New Delhi,Delhi,2023-02-05
1988,Aryan,Sharma,aryan.sharma1988@mail.com,9385134986,Rajkot,Gujarat,2023-02-22
1989,Isha,Nair,isha.nair1989@mail.com,7979560791,Noida,Uttar Pradesh,2023-05-26
1990,Riya,Nair,,9053853958,Pune,Maharashtra,2025-12-28
1991,Vivaan,Verma,vivaan.verma1991@mail.com,7036664103,Rohini,Delhi,2021-10-06
1992,Ananya,Singh,ananya.singh1992@mail.com,7881999213,New Delhi,Delhi,2026-05-17
1993,Lakshmi,Sharma,lakshmi.sharma1993@mail.com,7993015130,Surat,Gujarat,2023-08-24
1994,Aarav,Rao,aarav.rao1994@mail.com,8445750256,Nagpur,Maharashtra,2023-09-10
1995,Pooja,Sharma,pooja.sharma1995@mail.com,8304784323,Surat,Gujarat,2022-01-31
1996,Diya,Nair,diya.nair1996@mail.com,8098642694,Coimbatore,Tamil Nadu,2022-09-04
1997,Sneha,Mehta,sneha.mehta1997@mail.com,9308433399,Rajkot,Gujarat,2024-06-05
1998,Sai,Reddy,sai.reddy1998@mail.com,9367613798,Rajkot,Gujarat,2023-11-23
1999,Dev,Singh,dev.singh1999@mail.com,9705915138,Nashik,Maharashtra,2021-01-01
2000,Sneha,Singh,sneha.singh2000@mail.com,7878693153,Noida,Uttar Pradesh,2023-07-29
1219,Saanvi,Kumar,saanvi.kumar1219@mail.com,8328079240,Surat,Gujarat,2023-07-15
1069,Suresh,Chatterjee,suresh.chatterjee1069@mail.com,8275620483,Pune,Maharashtra,2023-03-08
131,Riya,Das,riya.das131,8262565181,Agra,Uttar Pradesh,2024-04-08
1671,Kabir,Nair,,7876316769,Delhi,Delhi,2021-06-07
880,Diya,Reddy,diya.reddy880@mail.com,,Noida,Uttar Pradesh,2023-05-30
