product_id,product_name,category,clothing_type,brand,list_price
1,Zudio Kids Women T-shirts #1,Women,T-shirts,Zudio Kids,1898.65
2,Zudio Denim Men Shoes #2,Men,Shoes,Zudio Denim,1342.86
3,Zudio Basics Women Skirts #3,Women,Skirts,Zudio Basics,1918.95
4,Zudio Kids Women Dresses #4,Women,Dresses,Zudio Kids,2030.21
5,Zudio Kids Kids Tops #5,Kids,Tops,Zudio Kids,2336.38
6,Zudio Active Women Skirts #6,Women,Skirts,Zudio Active,595.33
7,Zudio Kids Kids Sweaters #7,Kids,Sweaters,Zudio Kids,1210.62
8,Zudio Basics Kids Jeans #8,Kids,Jeans,Zudio Basics,2238.47
9,Zudio Basics Women Shirts #9,Women,Shirts,Zudio Basics,1443.78
10,Zudio Basics Women Shoes #10,Women,Shoes,Zudio Basics,2378.59
11,Zudio Trend Men Hoodies #11,Men,Hoodies,Zudio Trend,1341.48
12,Zudio Denim Women Skirts #12,Women,Skirts,Zudio Denim,862.89
13,Zudio Basics Women Jackets #13,Women,Jackets,Zudio Basics,1441.31
14,Zudio Kids Kids Jackets #14,Kids,Jackets,Zudio Kids,2196.55
15,Zudio Basics Women Dresses #15,Women,Dresses,Zudio Basics,1735.91
16,Zudio Active Kids Dresses #16,Kids,Dresses,Zudio Active,1371.58
17,Zudio Trend Men Shoes #17,Men,Shoes,Zudio Trend,1562.37
18,Zudio Basics Women Shirts #18,Women,Shirts,Zudio Basics,806.99
19,Zudio Active Women Shirts #19,Women,Shirts,Zudio Active,1243.94
20,Zudio Basics Men Dresses #20,Men,Dresses,Zudio Basics,2451.54
21,Zudio Kids Kids Shirts #21,Kids,Shirts,Zudio Kids,314.79
22,Zudio Kids Women Shirts #22,Women,Shirts,Zudio Kids,1840.89
23,Zudio Trend Women Shirts #23,Women,Shirts,Zudio Trend,2304.41
24,Zudio Denim Men Hoodies #24,Men,Hoodies,Zudio Denim,1950.37
25,Zudio Active Women Dresses #25,Women,Dresses,Zudio Active,1067.61
26,Zudio Active Men Dresses #26,Men,Dresses,Zudio Active,1675.63
27,Zudio Kids Women Tops #27,Women,Tops,Zudio Kids,1175.83
28,Zudio Kids Women T-shirts #28,Women,T-shirts,Zudio Kids,919.59
29,Zudio Denim Kids Tops #29,Kids,Tops,Zudio Denim,2171.81
30,Zudio Active Women Tops #30,Women,Tops,Zudio Active,1980.19
31,Zudio Kids Women Skirts #31,Women,Skirts,Zudio Kids,1947.3
32,Zudio Denim Kids Shirts #32,Kids,Shirts,Zudio Denim,861.84
33,Zudio Denim Kids Jackets #33,Kids,Jackets,Zudio Denim,2083.83
34,Zudio Kids Women Skirts #34,Women,Skirts,Zudio Kids,842.62
35,Zudio Trend Women Tops #35,Women,Tops,Zudio Trend,581.29
36,Zudio Kids Men T-shirts #36,Men,T-shirts,Zudio Kids,
37,Zudio Kids Women Tops #37,Women,Tops,Zudio Kids,1768.79
38,Zudio Basics Men Pants #38,Men,Pants,Zudio Basics,2224.99
39,Zudio Trend Kids Pants #39,Kids,Pants,Zudio Trend,2198.29
40,Zudio Trend Women Dresses #40,Women,Dresses,Zudio Trend,1833.28
41,Zudio Trend Men Dresses #41,Men,Dresses,Zudio Trend,895.32
42,Zudio Denim Women T-shirts #42,Women,T-shirts,Zudio Denim,2037.12
43,Zudio Active Men Shoes #43,Men,Shoes,Zudio Active,1619.79
44,Zudio Trend Men Sweaters #44,Men,Sweaters,Zudio Trend,2297.2
45,Zudio Basics Women Tops #45,Women,Tops,Zudio Basics,882.36
46,Zudio Trend Women Pants #46,Women,Pants,Zudio Trend,2130.97
47,Zudio Denim Women Pants #47,Women,Pants,Zudio Denim,1272.0
48,Zudio Trend Men T-shirts #48,Men,T-shirts,Zudio Trend,1023.18
49,Zudio Kids Women T-shirts #49,Women,T-shirts,Zudio Kids,2345.82
50,Zudio Active Women T-shirts #50,Women,T-shirts,Zudio Active,2205.98
51,Zudio Trend Kids Skirts #51,Kids,Skirts,Zudio Trend,1059.8
52,Zudio Trend Kids Shirts #52,Kids,Shirts,Zudio Trend,
53,Zudio Basics Women Shoes #53,Women,Shoes,Zudio Basics,638.7
54,Zudio Denim Kids Skirts #54,Kids,Skirts,Zudio Denim,912.4
55,Zudio Basics Kids Jeans #55,Kids,Jeans,Zudio Basics,972.32
56,Zudio Denim Men Shirts #56,Men,Shirts,Zudio Denim,1659.29
57,Zudio Denim Women Dresses #57,Women,Dresses,Zudio Denim,2368.47
58,Zudio Active Kids Jeans #58,Kids,Jeans,Zudio Active,1893.32
59,Zudio Basics Kids Pants #59,Kids,Pants,Zudio Basics,1614.23
60,Zudio Active Women Dresses #60,Women,Dresses,Zudio Active,708.24
61,Zudio Trend Kids Shoes #61,Kids,Shoes,Zudio Trend,
62,Zudio Trend Women Hoodies #62,  Women  ,Hoodies,Zudio Trend,1658.59
63,Zudio Kids Women T-shirts #63,Women,T-shirts,Zudio Kids,809.82
64,Zudio Denim Women Sweaters #64,Women,Sweaters,Zudio Denim,1722.48
65,Zudio Basics Men Sweaters #65,Men,Sweaters,Zudio Basics,2384.91
66,Zudio Kids Men Sweaters #66,Men,Sweaters,Zudio Kids,801.94
67,Zudio Denim Women Hoodies #67,Women,Hoodies,Zudio Denim,1399.07
68,Zudio Active Women Hoodies #68,Women,Hoodies,Zudio Active,2039.15
69,Zudio Active Men Shoes #69,Men,Shoes,Zudio Active,1618.37
70,Zudio Active Kids Shirts #70,Kids,Shirts,Zudio Active,1963.09
71,Zudio Active Kids Skirts #71,Kids,Skirts,Zudio Active,1816.43
72,Zudio Basics Women Pants #72,Women,Pants,Zudio Basics,1911.32
73,Zudio Basics Kids Skirts #73,Kids,Skirts,Zudio Basics,1563.6
74,Zudio Basics Women Pants #74,Women,Pants,Zudio Basics,1829.76
75,Zudio Kids Kids Sweaters #75,Kids,Sweaters,Zudio Kids,2375.89
76,Zudio Trend Women Shirts #76,Women,Shirts,Zudio Trend,2451.75
77,Zudio Trend Men Jackets #77,Men,Jackets,Zudio Trend,568.3
78,Zudio Active Kids Shirts #78,Kids,Shirts,Zudio Active,2102.13
79,Zudio Active Kids T-shirts #79,Kids,T-shirts,Zudio Active,757.28
80,Zudio Basics Women Skirts #80,Women,Skirts,Zudio Basics,797.85
81,Zudio Kids Women Tops #81,Women,Tops,Zudio Kids,1716.25
82,Zudio Trend Men Skirts #82,Men,Skirts,Zudio Trend,1678.14
83,Zudio Active Women Shirts #83,Women,Shirts,Zudio Active,2251.53
84,Zudio Trend Kids Shoes #84,KIDS,Shoes,Zudio Trend,2237.13
85,Zudio Trend Men Shoes #85,Men,Shoes,Zudio Trend,2476.28
86,Zudio Basics Kids Skirts #86,Kids,Skirts,Zudio Basics,1091.37
87,Zudio Kids Women Jeans #87,Women,Jeans,Zudio Kids,2129.75
88,Zudio Denim Kids Shoes #88,Kids,Shoes,Zudio Denim,2495.63
89,Zudio Basics Women Jackets #89,Women,Jackets,Zudio Basics,
90,Zudio Basics Men Jackets #90,Men,Jackets,Zudio Basics,1188.13
91,Zudio Trend Men Skirts #91,Men,Skirts,Zudio Trend,1214.22
92,Zudio Denim Kids Jackets #92,Kids,Jackets,Zudio Denim,1549.06
93,Zudio Trend Kids Shirts #93,Kids,Shirts,Zudio Trend,1857.45
94,Zudio Trend Kids Shirts #94,Kids,Shirts,Zudio Trend,1589.32
95,Zudio Kids Kids Dresses #95,Kids,Dresses,Zudio Kids,2027.0
96,Zudio Active Kids Skirts #96,Kids,Skirts,Zudio Active,2398.83
97,Zudio Basics Kids Tops #97,Kids,Tops,Zudio Basics,2059.55
98,Zudio Denim Men Pants #98,Men,Pants,Zudio Denim,1733.14
99,Zudio Kids Kids Sweaters #99,Kids,Sweaters,Zudio Kids,1221.08
100,Zudio Basics Women Dresses #100,Women,Dresses,Zudio Basics,2066.11
101,Zudio Basics Women Skirts #101,Women,Skirts,Zudio Basics,1330.01
102,Zudio Trend Women Shirts #102,  Women  ,Shirts,Zudio Trend,1478.2
103,Zudio Kids Women Tops #103,Women,Tops,Zudio Kids,2211.22
104,Zudio Active Men Tops #104,Men,Tops,Zudio Active,2460.12
105,Zudio Trend Kids Sweaters #105,Kids,Sweaters,Zudio Trend,1360.45
106,Zudio Active Women Sweaters #106,Women,Sweaters,Zudio Active,2481.73
107,Zudio Kids Women Pants #107,Women,Pants,Zudio Kids,769.13
108,Zudio Kids Men Pants #108,Men,Pants,Zudio Kids,622.94
109,Zudio Basics Women Pants #109,Women,Pants,Zudio Basics,2194.22
110,Zudio Kids Men Pants #110,Men,Pants,Zudio Kids,1180.86
111,Zudio Basics Women Shoes #111,Women,Shoes,Zudio Basics,1177.38
112,Zudio Denim Men Jeans #112,Men,Jeans,Zudio Denim,1564.2
113,Zudio Kids Men Tops #113,Men,Tops,Zudio Kids,1224.73
114,Zudio Trend Men Hoodies #114,Men,Hoodies,Zudio Trend,1661.36
115,Zudio Kids Kids Jeans #115,  Kids  ,Jeans,Zudio Kids,513.73
116,Zudio Active Women Jackets #116,Women,Jackets,Zudio Active,374.75
117,Zudio Trend Kids T-shirts #117,Kids,T-shirts,Zudio Trend,1785.41
118,Zudio Denim Women Jeans #118,Women,Jeans,Zudio Denim,2288.53
119,Zudio Basics Kids Shirts #119,Kids,Shirts,Zudio Basics,1235.83
120,Zudio Trend Men T-shirts #120,Men,T-shirts,Zudio Trend,705.61
121,Zudio Kids Men T-shirts #121,Men,T-shirts,Zudio Kids,2402.27
122,Zudio Trend Men Dresses #122,Men,Dresses,Zudio Trend,922.18
123,Zudio Kids Women Pants #123,Women,Pants,Zudio Kids,1324.97
124,Zudio Denim Kids Shirts #124,Kids,Shirts,Zudio Denim,381.57
125,Zudio Trend Women Hoodies #125,Women,Hoodies,Zudio Trend,697.14
126,Zudio Kids Men Jeans #126,Men,Jeans,Zudio Kids,447.91
127,Zudio Basics Kids Shoes #127,Kids,Shoes,Zudio Basics,2365.47
128,Zudio Active Men Jackets #128,Men,Jackets,Zudio Active,928.41
129,Zudio Basics Kids Skirts #129,Kids,Skirts,Zudio Basics,2013.99
130,Zudio Trend Men Jackets #130,Men,Jackets,Zudio Trend,1719.08
131,Zudio Kids Kids Hoodies #131,Kids,Hoodies,Zudio Kids,1706.1
132,Zudio Trend Men Skirts #132,Men,Skirts,Zudio Trend,1271.09
133,Zudio Denim Women Jackets #133,Women,Jackets,Zudio Denim,2201.81
134,Zudio Basics Women Hoodies #134,Women,Hoodies,Zudio Basics,2004.55
135,Zudio Denim Kids Shoes #135,Kids,Shoes,Zudio Denim,1481.94
136,Zudio Basics Women Pants #136,Women,Pants,Zudio Basics,1174.55
137,Zudio Kids Women Pants #137,Women,Pants,Zudio Kids,1685.42
138,Zudio Kids Women Sweaters #138,Women,Sweaters,Zudio Kids,892.69
139,Zudio Denim Kids Jackets #139,Kids,Jackets,Zudio Denim,1014.93
140,Zudio Trend Men Shirts #140,Men,Shirts,Zudio Trend,1692.67
141,Zudio Trend Men Jeans #141,Men,Jeans,Zudio Trend,2081.29
142,Zudio Active Men Tops #142,Men,Tops,Zudio Active,1551.47
143,Zudio Kids Women Shirts #143,Women,Shirts,Zudio Kids,1691.31
144,Zudio Active Women Sweaters #144,Women,Sweaters,Zudio Active,1495.55
145,Zudio Active Men Sweaters #145,Men,Sweaters,Zudio Active,2398.59
146,Zudio Denim Kids Hoodies #146,Kids,Hoodies,Zudio Denim,2128.5
147,Zudio Kids Women T-shirts #147,Women,T-shirts,Zudio Kids,609.98
148,Zudio Trend Women Sweaters #148,Women,Sweaters,Zudio Trend,571.81
149,Zudio Basics Women Pants #149,Women,Pants,Zudio Basics,1438.6
150,Zudio Kids Kids Dresses #150,Kids,Dresses,Zudio Kids,2001.42
151,Zudio Denim Women Jackets #151,Women,Jackets,Zudio Denim,303.68
152,Zudio Active Men Jackets #152,Men,Jackets,Zudio Active,798.28
153,Zudio Active Kids Skirts #153,Kids,Skirts,Zudio Active,1098.88
154,Zudio Trend Women Dresses #154,Women,Dresses,Zudio Trend,2074.64
155,Zudio Denim Women T-shirts #155,Women,T-shirts,Zudio Denim,1709.03
156,Zudio Active Men Sweaters #156,Men,Sweaters,Zudio Active,795.4
157,Zudio Active Women Hoodies #157,Women,Hoodies,Zudio Active,674.61
158,Zudio Trend Men Skirts #158,Men,Skirts,Zudio Trend,1136.1
159,Zudio Kids Men Hoodies #159,Men,Hoodies,Zudio Kids,342.45
160,Zudio Active Kids Shoes #160,Kids,Shoes,Zudio Active,1766.78
161,Zudio Trend Men Shoes #161,Men,Shoes,Zudio Trend,1546.08
162,Zudio Basics Women Sweaters #162,Women,Sweaters,Zudio Basics,2022.47
163,Zudio Basics Kids Jackets #163,Kids,Jackets,Zudio Basics,1684.3
164,Zudio Active Men Shoes #164,Men,Shoes,Zudio Active,2221.68
165,Zudio Denim Kids Shoes #165,Kids,Shoes,Zudio Denim,475.56
166,Zudio Active Kids Hoodies #166,Kids,Hoodies,Zudio Active,1315.63
167,Zudio Active Women Jackets #167,Women,Jackets,Zudio Active,954.33
168,Zudio Active Kids Jeans #168,Kids,Jeans,Zudio Active,1646.33
169,Zudio Kids Men Pants #169,Men,Pants,Zudio Kids,542.25
170,Zudio Kids Men Dresses #170,Men,Dresses,Zudio Kids,1031.91
171,Zudio Active Women T-shirts #171,Women,T-shirts,Zudio Active,443.16
172,Zudio Active Kids Tops #172,Kids,Tops,Zudio Active,784.05
173,Zudio Denim Kids Pants #173,Kids,Pants,Zudio Denim,2072.8
174,Zudio Active Men Hoodies #174,Men,Hoodies,Zudio Active,2217.02
175,Zudio Denim Women Jackets #175,Women,Jackets,Zudio Denim,2154.34
176,Zudio Active Kids Tops #176,Kids,Tops,Zudio Active,1331.25
177,Zudio Basics Kids Hoodies #177,Kids,Hoodies,Zudio Basics,2222.8
178,Zudio Kids Women Jackets #178,Women,Jackets,Zudio Kids,676.54
179,Zudio Denim Men Sweaters #179,Men,Sweaters,Zudio Denim,1397.32
180,Zudio Trend Kids Skirts #180,Kids,Skirts,Zudio Trend,502.6
181,Zudio Denim Women Sweaters #181,Women,Sweaters,Zudio Denim,300.2
182,Zudio Trend Men Tops #182,Men,Tops,Zudio Trend,1939.8
183,Zudio Denim Men Hoodies #183,Men,Hoodies,Zudio Denim,1589.61
184,Zudio Active Women Jeans #184,Women,Jeans,Zudio Active,380.61
185,Zudio Denim Women Pants #185,Women,Pants,Zudio Denim,2255.52
186,Zudio Denim Women Shirts #186,Women,Shirts,Zudio Denim,2390.35
187,Zudio Kids Kids Pants #187,Kids,Pants,Zudio Kids,1845.92
188,Zudio Trend Kids Jeans #188,Kids,Jeans,Zudio Trend,643.71
189,Zudio Denim Kids Jackets #189,Kids,Jackets,Zudio Denim,733.85
190,Zudio Kids Men T-shirts #190,Men,T-shirts,Zudio Kids,321.69
191,Zudio Active Kids Jackets #191,Kids,Jackets,Zudio Active,
192,Zudio Denim Men T-shirts #192,Men,T-shirts,Zudio Denim,
193,Zudio Kids Kids Jackets #193,Kids,Jackets,Zudio Kids,706.72
194,Zudio Denim Women Skirts #194,Women,Skirts,Zudio Denim,1321.09
195,Zudio Denim Women Sweaters #195,Women,Sweaters,Zudio Denim,2028.34
196,Zudio Basics Women Sweaters #196,  Women  ,Sweaters,Zudio Basics,2213.69
197,Zudio Active Women Shirts #197,Women,Shirts,Zudio Active,2166.25
198,Zudio Basics Women Tops #198,Women,Tops,Zudio Basics,703.13
199,Zudio Denim Women Skirts #199,Women,Skirts,Zudio Denim,1874.36
200,Zudio Active Women Tops #200,Women,Tops,Zudio Active,2150.25
201,Zudio Active Women Skirts #201,Women,Skirts,Zudio Active,1553.31
202,Zudio Active Women Hoodies #202,Women,Hoodies,Zudio Active,2260.79
203,Zudio Denim Kids Pants #203,Kids,Pants,Zudio Denim,956.32
204,Zudio Kids Men Pants #204,Men,Pants,Zudio Kids,2039.34
205,Zudio Trend Kids Shirts #205,Kids,Shirts,Zudio Trend,-618.64
206,Zudio Denim Men Dresses #206,Men,Dresses,Zudio Denim,2031.96
207,Zudio Trend Men Dresses #207,Men,Dresses,Zudio Trend,2121.99
208,Zudio Active Men Hoodies #208,Men,Hoodies,Zudio Active,931.55
209,Zudio Kids Men T-shirts #209,Men,T-shirts,Zudio Kids,582.23
210,Zudio Trend Women Jeans #210,Women,Jeans,Zudio Trend,2432.11
211,Zudio Active Kids Pants #211,Kids,Pants,Zudio Active,1766.36
212,Zudio Trend Women Jeans #212,Women,Jeans,Zudio Trend,789.15
213,Zudio Denim Men Jackets #213,Men,Jackets,Zudio Denim,807.2
214,Zudio Trend Men Skirts #214,Men,Skirts,Zudio Trend,1402.12
215,Zudio Basics Men Jackets #215,Men,Jackets,Zudio Basics,1936.56
216,Zudio Kids Women Dresses #216,Women,Dresses,Zudio Kids,1788.78
217,Zudio Kids Men Dresses #217,Men,Dresses,Zudio Kids,404.71
218,Zudio Basics Men Shirts #218,Men,Shirts,Zudio Basics,1609.09
219,Zudio Denim Women Dresses #219,Women,Dresses,Zudio Denim,1979.65
220,Zudio Trend Kids Jackets #220,Kids,Jackets,Zudio Trend,1839.97
221,Zudio Kids Men Jackets #221,Men,Jackets,Zudio Kids,618.73
222,Zudio Basics Men Jeans #222,Men,Jeans,Zudio Basics,1403.42
223,Zudio Trend Kids Jeans #223,Kids,Jeans,Zudio Trend,759.64
224,Zudio Active Women Shoes #224,Women,Shoes,Zudio Active,898.76
225,Zudio Basics Kids Dresses #225,Kids,Dresses,Zudio Basics,2098.67
226,Zudio Kids Women T-shirts #226,Women,T-shirts,Zudio Kids,1006.97
227,Zudio Active Kids Pants #227,Kids,Pants,Zudio Active,1036.98
228,Zudio Basics Women Dresses #228,Women,Dresses,Zudio Basics,2133.77
229,Zudio Kids Women Tops #229,Women,Tops,Zudio Kids,2047.12
230,Zudio Denim Women Hoodies #230,Women,Hoodies,Zudio Denim,1888.82
231,Zudio Active Men Tops #231,Men,Tops,Zudio Active,462.63
232,Zudio Kids Kids Dresses #232,kids,Dresses,Zudio Kids,2317.18
233,Zudio Basics Men Tops #233,Men,Tops,Zudio Basics,1943.97
234,Zudio Active Women Jeans #234,Women,Jeans,Zudio Active,1762.85
235,Zudio Kids Kids Tops #235,Kids,Tops,Zudio Kids,1835.46
236,Zudio Active Kids T-shirts #236,Kids,T-shirts,Zudio Active,2245.5
237,Zudio Kids Women Sweaters #237,Women,Sweaters,Zudio Kids,334.01
238,Zudio Basics Women Pants #238,Women,Pants,Zudio Basics,1218.47
239,Zudio Trend Women T-shirts #239,Women,T-shirts,Zudio Trend,1343.7
240,Zudio Kids Kids Jeans #240,Kids,Jeans,Zudio Kids,2080.03
241,Zudio Trend Women Hoodies #241,Women,Hoodies,Zudio Trend,1183.04
242,Zudio Trend Kids Tops #242,Kids,Tops,Zudio Trend,1622.59
243,Zudio Kids Women Dresses #243,Women,Dresses,Zudio Kids,2491.38
244,Zudio Trend Men Pants #244,Men,Pants,Zudio Trend,2271.24
245,Zudio Denim Kids Shoes #245,Kids,Shoes,Zudio Denim,1702.14
246,Zudio Denim Women Tops #246,Women,Tops,Zudio Denim,688.3
247,Zudio Active Women Dresses #247,Women,Dresses,Zudio Active,2159.78
248,Zudio Basics Kids T-shirts #248,Kids,T-shirts,Zudio Basics,1388.92
249,Zudio Basics Kids T-shirts #249,Kids,T-shirts,Zudio Basics,1733.2
250,Zudio Denim Women Jackets #250,Women,Jackets,Zudio Denim,944.89
251,Zudio Trend Women Sweaters #251,Women,Sweaters,Zudio Trend,813.51
252,Zudio Basics Women Hoodies #252,Women,Hoodies,Zudio Basics,935.87
253,Zudio Basics Women Dresses #253,Women,Dresses,Zudio Basics,1676.16
254,Zudio Kids Women Sweaters #254,Women,Sweaters,Zudio Kids,1506.6
255,Zudio Denim Women T-shirts #255,Women,T-shirts,Zudio Denim,462.28
256,Zudio Trend Women Hoodies #256,Women,Hoodies,Zudio Trend,2422.54
257,Zudio Denim Kids Jeans #257,Kids,Jeans,Zudio Denim,989.06
258,Zudio Trend Kids Pants #258,Kids,Pants,Zudio Trend,1146.79
259,Zudio Kids Women Hoodies #259,Women,Hoodies,Zudio Kids,1883.79
260,Zudio Basics Women Jeans #260,Women,Jeans,Zudio Basics,675.51
261,Zudio Denim Men T-shirts #261,Men,T-shirts,Zudio Denim,1041.67
262,Zudio Denim Men Shirts #262,MEN,Shirts,Zudio Denim,2355.95
263,Zudio Trend Kids Tops #263,Kids,Tops,Zudio Trend,1268.66
264,Zudio Denim Kids Shirts #264,Kids,Shirts,Zudio Denim,1750.1
265,Zudio Active Women Sweaters #265,Women,Sweaters,Zudio Active,1290.39
266,Zudio Kids Kids Jackets #266,Kids,Jackets,Zudio Kids,1363.84
267,Zudio Kids Women Jackets #267,Women,Jackets,Zudio Kids,448.97
268,Zudio Active Kids T-shirts #268,Kids,T-shirts,Zudio Active,2252.23
269,Zudio Basics Women Shoes #269,Women,Shoes,Zudio Basics,1241.52
270,Zudio Basics Kids Skirts #270,Kids,Skirts,Zudio Basics,557.33
271,Zudio Basics Kids Jackets #271,Kids,Jackets,Zudio Basics,2366.53
272,Zudio Basics Women Tops #272,Women,Tops,Zudio Basics,754.05
273,Zudio Denim Kids Skirts #273,Kids,Skirts,Zudio Denim,1487.75
274,Zudio Denim Kids Jeans #274,Kids,Jeans,Zudio Denim,734.79
275,Zudio Kids Women Shoes #275,Women,Shoes,Zudio Kids,1080.4
276,Zudio Denim Women Jeans #276,Women,Jeans,Zudio Denim,1164.59
277,Zudio Denim Kids T-shirts #277,Kids,T-shirts,Zudio Denim,1496.16
278,Zudio Trend Women Tops #278,Women,Tops,Zudio Trend,1957.1
279,Zudio Denim Men Jeans #279,Men,Jeans,Zudio Denim,2002.5
280,Zudio Denim Kids Jackets #280,Kids,Jackets,Zudio Denim,2020.32
281,Zudio Basics Kids Jeans #281,Kids,Jeans,Zudio Basics,2229.05
282,Zudio Denim Women Shirts #282,Women,Shirts,Zudio Denim,1673.65
283,Zudio Trend Men T-shirts #283,Men,T-shirts,Zudio Trend,1469.84
284,Zudio Basics Kids Jackets #284,Kids,Jackets,Zudio Basics,452.44
285,Zudio Denim Women Shoes #285,Women,Shoes,Zudio Denim,-979.38
286,Zudio Trend Women Shoes #286,Women,Shoes,Zudio Trend,592.26
287,Zudio Denim Kids T-shirts #287,Kids,T-shirts,Zudio Denim,459.45
288,Zudio Trend Men Dresses #288,Men,Dresses,Zudio Trend,809.57
289,Zudio Kids Kids Tops #289,Kids,Tops,Zudio Kids,436.86
290,Zudio Denim Kids Tops #290,Kids,Tops,Zudio Denim,1614.62
291,Zudio Kids Kids T-shirts #291,Kids,T-shirts,Zudio Kids,1362.72
292,Zudio Denim Women Sweaters #292,Women,Sweaters,Zudio Denim,991.89
293,Zudio Basics Kids Dresses #293,Kids,Dresses,Zudio Basics,1913.56
294,Zudio Trend Men Pants #294,Men,Pants,Zudio Trend,1187.32
295,Zudio Denim Women Pants #295,Women,Pants,Zudio Denim,508.0
296,Zudio Denim Men Shirts #296,Men,Shirts,Zudio Denim,1983.42
297,Zudio Active Kids Hoodies #297,Kids,Hoodies,Zudio Active,1888.31
298,Zudio Active Women T-shirts #298,Women,T-shirts,Zudio Active,1280.25
299,Zudio Denim Kids Shoes #299,Kids,Shoes,Zudio Denim,787.15
300,Zudio Active Women Pants #300,Women,Pants,Zudio Active,1269.44
301,Zudio Kids Women Skirts #301,Women,Skirts,Zudio Kids,542.34
302,Zudio Basics Men Shoes #302,Men,Shoes,Zudio Basics,881.75
303,Zudio Denim Women Dresses #303,Women,Dresses,Zudio Denim,1130.85
304,Zudio Denim Kids Pants #304,Kids,Pants,Zudio Denim,2035.23
305,Zudio Basics Kids Tops #305,Kids,Tops,Zudio Basics,1959.78
306,Zudio Denim Kids Sweaters #306,Kids,Sweaters,Zudio Denim,810.33
307,Zudio Denim Men Pants #307,Men,Pants,Zudio Denim,447.67
308,Zudio Kids Kids Pants #308,Kids,Pants,Zudio Kids,793.6
309,Zudio Trend Kids Sweaters #309,Kids,Sweaters,Zudio Trend,1502.08
310,Zudio Trend Women Pants #310,Women,Pants,Zudio Trend,1848.08
311,Zudio Kids Kids Jeans #311,Kids,Jeans,Zudio Kids,1484.04
312,Zudio Trend Women Shoes #312,Women,Shoes,Zudio Trend,706.57
313,Zudio Active Men Pants #313,Men,Pants,Zudio Active,1057.55
314,Zudio Trend Men Jackets #314,Men,Jackets,Zudio Trend,927.53
315,Zudio Kids Women Skirts #315,Women,Skirts,Zudio Kids,1958.76
316,Zudio Kids Kids Shirts #316,Kids,Shirts,Zudio Kids,2245.3
317,Zudio Kids Women Jackets #317,Women,Jackets,Zudio Kids,2121.32
318,Zudio Trend Kids Shoes #318,Kids,Shoes,Zudio Trend,372.58
319,Zudio Trend Kids T-shirts #319,Kids,T-shirts,Zudio Trend,1760.76
320,Zudio Kids Kids Jackets #320,Kids,Jackets,Zudio Kids,448.76
321,Zudio Active Kids T-shirts #321,Kids,T-shirts,Zudio Active,1614.05
322,Zudio Basics Women Tops #322,Women,Tops,Zudio Basics,1329.66
323,Zudio Basics Women Jackets #323,Women,Jackets,Zudio Basics,806.39
324,Zudio Kids Kids Jackets #324,Kids,Jackets,Zudio Kids,1346.46
325,Zudio Trend Men Hoodies #325,Men,Hoodies,Zudio Trend,1943.68
326,Zudio Basics Women Shirts #326,Women,Shirts,Zudio Basics,1088.18
327,Zudio Basics Men Pants #327,Men,Pants,Zudio Basics,1673.98
328,Zudio Active Men Hoodies #328,Men,Hoodies,Zudio Active,853.65
329,Zudio Kids Kids Jackets #329,Kids,Jackets,Zudio Kids,674.58
330,Zudio Trend Men Shoes #330,Men,Shoes,Zudio Trend,1858.58
331,Zudio Denim Women T-shirts #331,Women,T-shirts,Zudio Denim,1236.35
332,Zudio Kids Men Dresses #332,Men,Dresses,Zudio Kids,517.79
333,Zudio Kids Women Hoodies #333,Women,Hoodies,Zudio Kids,1160.98
334,Zudio Kids Women Shoes #334,Women,Shoes,Zudio Kids,1500.54
335,Zudio Denim Women T-shirts #335,Women,T-shirts,Zudio Denim,411.62
336,Zudio Active Women T-shirts #336,Women,T-shirts,Zudio Active,1781.96
337,Zudio Basics Men Pants #337,Men,Pants,Zudio Basics,2228.38
338,Zudio Basics Men Hoodies #338,Men,Hoodies,Zudio Basics,702.63
339,Zudio Basics Kids Jeans #339,Kids,Jeans,Zudio Basics,816.17
340,Zudio Trend Women Hoodies #340,Women,Hoodies,Zudio Trend,696.15
341,Zudio Trend Men Skirts #341,MEN,Skirts,Zudio Trend,2491.01
342,Zudio Basics Women Dresses #342,Women,Dresses,Zudio Basics,1585.89
343,Zudio Basics Kids Sweaters #343,Kids,Sweaters,Zudio Basics,2457.03
344,Zudio Kids Women Dresses #344,Women,Dresses,Zudio Kids,2293.08
345,Zudio Active Kids T-shirts #345,Kids,T-shirts,Zudio Active,1892.05
346,Zudio Basics Kids Shoes #346,Kids,Shoes,Zudio Basics,531.71
347,Zudio Basics Women Shoes #347,Women,Shoes,Zudio Basics,657.04
348,Zudio Denim Men Jackets #348,Men,Jackets,Zudio Denim,1619.35
349,Zudio Trend Women Jeans #349,Women,Jeans,Zudio Trend,1213.2
350,Zudio Active Men Jeans #350,Men,Jeans,Zudio Active,1859.72
351,Zudio Kids Women T-shirts #351,Women,T-shirts,Zudio Kids,775.06
352,Zudio Active Women Shoes #352,Women,Shoes,Zudio Active,1146.12
353,Zudio Kids Women Shirts #353,Women,Shirts,Zudio Kids,944.19
354,Zudio Kids Women Pants #354,Women,Pants,Zudio Kids,440.68
355,Zudio Kids Men Skirts #355,Men,Skirts,Zudio Kids,2359.01
356,Zudio Active Kids Tops #356,Kids,Tops,Zudio Active,1199.47
357,Zudio Basics Kids Shoes #357,Kids,Shoes,Zudio Basics,776.98
358,Zudio Kids Kids Hoodies #358,Kids,Hoodies,Zudio Kids,1612.15
359,Zudio Denim Kids Jackets #359,Kids,Jackets,Zudio Denim,1337.9
360,Zudio Denim Kids T-shirts #360,Kids,T-shirts,Zudio Denim,1933.23
361,Zudio Denim Men Pants #361,Men,Pants,Zudio Denim,658.42
362,Zudio Kids Kids Sweaters #362,Kids,Sweaters,Zudio Kids,1997.24
363,Zudio Trend Kids T-shirts #363,Kids,T-shirts,Zudio Trend,1121.96
364,Zudio Denim Kids Sweaters #364,Kids,Sweaters,Zudio Denim,2330.91
365,Zudio Basics Kids Jackets #365,Kids,Jackets,Zudio Basics,1136.4
366,Zudio Basics Men Sweaters #366,Men,Sweaters,Zudio Basics,1404.84
367,Zudio Kids Women Dresses #367,Women,Dresses,Zudio Kids,1905.95
368,Zudio Kids Men Skirts #368,Men,Skirts,Zudio Kids,418.93
369,Zudio Denim Kids Pants #369,Kids,Pants,Zudio Denim,1331.29
370,Zudio Basics Women Sweaters #370,Women,Sweaters,Zudio Basics,1203.84
371,Zudio Active Men T-shirts #371,Men,T-shirts,Zudio Active,597.48
372,Zudio Kids Kids Shirts #372,Kids,Shirts,Zudio Kids,1445.28
373,Zudio Basics Women T-shirts #373,Women,T-shirts,Zudio Basics,2159.87
374,Zudio Active Kids Shirts #374,Kids,Shirts,Zudio Active,1698.35
375,Zudio Denim Kids Shirts #375,Kids,Shirts,Zudio Denim,2020.98
376,Zudio Trend Kids Shoes #376,Kids,Shoes,Zudio Trend,1129.63
377,Zudio Active Men Jackets #377,Men,Jackets,Zudio Active,900.92
378,Zudio Basics Women Dresses #378,Women,Dresses,Zudio Basics,1888.15
379,Zudio Denim Kids Dresses #379,Kids,Dresses,Zudio Denim,659.76
380,Zudio Trend Women Jeans #380,  Women  ,Jeans,Zudio Trend,1608.11
381,Zudio Active Women Pants #381,Women,Pants,Zudio Active,1515.47
382,Zudio Kids Kids Jeans #382,Kids,Jeans,Zudio Kids,2054.17
383,Zudio Active Kids T-shirts #383,Kids,T-shirts,Zudio Active,517.12
384,Zudio Active Women Shoes #384,Women,Shoes,Zudio Active,1109.97
385,Zudio Trend Kids Jeans #385,Kids,Jeans,Zudio Trend,726.03
386,Zudio Denim Men Dresses #386,Men,Dresses,Zudio Denim,1591.13
387,Zudio Denim Kids Shoes #387,Kids,Shoes,Zudio Denim,665.94
388,Zudio Denim Kids Dresses #388,  Kids  ,Dresses,Zudio Denim,1045.45
389,Zudio Kids Men Dresses #389,Men,Dresses,Zudio Kids,1356.81
390,Zudio Kids Women Jackets #390,Women,Jackets,Zudio Kids,1267.9
391,Zudio Active Women Hoodies #391,Women,Hoodies,Zudio Active,2358.15
392,Zudio Basics Men Jackets #392,Men,Jackets,Zudio Basics,2208.45
393,Zudio Active Kids Jackets #393,Kids,Jackets,Zudio Active,1737.46
394,Zudio Active Women Shoes #394,Women,Shoes,Zudio Active,1335.65
395,Zudio Kids Women Jackets #395,Women,Jackets,Zudio Kids,2365.37
396,Zudio Denim Women Pants #396,Women,Pants,Zudio Denim,1183.44
397,Zudio Trend Women Tops #397,Women,Tops,Zudio Trend,
398,Zudio Basics Kids Pants #398,Kids,Pants,Zudio Basics,2417.62
399,Zudio Kids Women Pants #399,WOMEN,Pants,Zudio Kids,1026.21
400,Zudio Active Women Shirts #400,Women,Shirts,Zudio Active,2188.56
401,Zudio Trend Kids Tops #401,Kids,Tops,Zudio Trend,1838.04
402,Zudio Basics Men Jeans #402,Men,Jeans,Zudio Basics,1624.45
403,Zudio Trend Men Shoes #403,Men,Shoes,Zudio Trend,329.16
404,Zudio Kids Men Sweaters #404,Men,Sweaters,Zudio Kids,2325.65
405,Zudio Kids Kids Pants #405,Kids,Pants,Zudio Kids,1584.32
406,Zudio Trend Men Jeans #406,Men,Jeans,Zudio Trend,360.03
407,Zudio Basics Men Dresses #407,Men,Dresses,Zudio Basics,1900.53
408,Zudio Basics Men Dresses #408,Men,Dresses,Zudio Basics,431.26
409,Zudio Denim Men Jackets #409,men,Jackets,Zudio Denim,1843.15
410,Zudio Active Kids Dresses #410,Kids,Dresses,Zudio Active,2300.21
411,Zudio Active Women Pants #411,Women,Pants,Zudio Active,563.17
412,Zudio Trend Women Sweaters #412,Women,Sweaters,Zudio Trend,631.1
413,Zudio Active Men Pants #413,Men,Pants,Zudio Active,2460.06
414,Zudio Active Men T-shirts #414,Men,T-shirts,Zudio Active,391.24
415,Zudio Denim Men Sweaters #415,Men,Sweaters,Zudio Denim,512.03
416,Zudio Denim Kids Shoes #416,Kids,Shoes,Zudio Denim,1392.97
417,Zudio Denim Men T-shirts #417,Men,T-shirts,Zudio Denim,527.95
418,Zudio Trend Men Shoes #418,Men,Shoes,Zudio Trend,728.59
419,Zudio Denim Women Shirts #419,Women,Shirts,Zudio Denim,953.69
420,Zudio Trend Women Hoodies #420,Women,Hoodies,Zudio Trend,1145.95
421,Zudio Trend Kids Shoes #421,Kids,Shoes,Zudio Trend,743.43
422,Zudio Basics Kids Sweaters #422,Kids,Sweaters,Zudio Basics,1756.19
423,Zudio Denim Women Jeans #423,Women,Jeans,Zudio Denim,2313.38
424,Zudio Trend Men Dresses #424,Men,Dresses,Zudio Trend,2106.44
425,Zudio Denim Men T-shirts #425,Men,T-shirts,Zudio Denim,534.86
426,Zudio Active Women Shoes #426,Women,Shoes,Zudio Active,1600.16
427,Zudio Trend Men Tops #427,Men,Tops,Zudio Trend,519.3
428,Zudio Denim Women Shoes #428,women,Shoes,Zudio Denim,528.9
429,Zudio Denim Women Dresses #429,Women,Dresses,Zudio Denim,2316.01
430,Zudio Active Men Hoodies #430,Men,Hoodies,Zudio Active,1688.34
431,Zudio Basics Kids Sweaters #431,Kids,Sweaters,Zudio Basics,848.6
432,Zudio Denim Men Shirts #432,Men,Shirts,Zudio Denim,1882.23
433,Zudio Kids Men Skirts #433,Men,Skirts,Zudio Kids,2222.31
434,Zudio Basics Kids Sweaters #434,kids,Sweaters,Zudio Basics,1611.75
435,Zudio Trend Women Hoodies #435,Women,Hoodies,Zudio Trend,2242.34
436,Zudio Denim Men Tops #436,Men,Tops,Zudio Denim,738.97
437,Zudio Denim Women Sweaters #437,Women,Sweaters,Zudio Denim,1075.44
438,Zudio Kids Men T-shirts #438,Men,T-shirts,Zudio Kids,1197.55
439,Zudio Denim Women Dresses #439,Women,Dresses,Zudio Denim,1925.94
440,Zudio Active Kids T-shirts #440,Kids,T-shirts,Zudio Active,2451.19
441,Zudio Active Women Tops #441,Women,Tops,Zudio Active,1394.63
442,Zudio Basics Kids Jeans #442,Kids,Jeans,Zudio Basics,1888.21
443,Zudio Kids Women Tops #443,Women,Tops,Zudio Kids,919.75
444,Zudio Denim Kids Dresses #444,Kids,Dresses,Zudio Denim,1657.57
445,Zudio Kids Kids Shoes #445,Kids,Shoes,Zudio Kids,1922.88
446,Zudio Active Men Shirts #446,Men,Shirts,Zudio Active,497.18
447,Zudio Kids Women Jeans #447,Women,Jeans,Zudio Kids,1215.13
448,Zudio Active Kids Dresses #448,Kids,Dresses,Zudio Active,1937.9
449,Zudio Denim Kids Sweaters #449,Kids,Sweaters,Zudio Denim,2148.3
450,Zudio Denim Men Jeans #450,Men,Jeans,Zudio Denim,2003.41
451,Zudio Kids Men Hoodies #451,Men,Hoodies,Zudio Kids,2457.79
452,Zudio Kids Kids Jeans #452,Kids,Jeans,Zudio Kids,836.61
453,Zudio Basics Kids Pants #453,Kids,Pants,Zudio Basics,615.81
454,Zudio Kids Kids Pants #454,Kids,Pants,Zudio Kids,460.26
455,Zudio Kids Men Skirts #455,Men,Skirts,Zudio Kids,1508.65
456,Zudio Basics Women Hoodies #456,Women,Hoodies,Zudio Basics,1781.53
457,Zudio Basics Men Pants #457,Men,Pants,Zudio Basics,2028.41
458,Zudio Kids Kids Jackets #458,Kids,Jackets,Zudio Kids,2046.35
459,Zudio Denim Women Tops #459,Women,Tops,Zudio Denim,1187.48
460,Zudio Denim Kids Hoodies #460,Kids,Hoodies,Zudio Denim,
461,Zudio Basics Women Pants #461,Women,Pants,Zudio Basics,791.98
462,Zudio Trend Kids Jeans #462,Kids,Jeans,Zudio Trend,872.57
463,Zudio Active Women Skirts #463,Women,Skirts,Zudio Active,2374.56
464,Zudio Basics Men Pants #464,Men,Pants,Zudio Basics,
465,Zudio Trend Men Jeans #465,Men,Jeans,Zudio Trend,1056.43
466,Zudio Kids Kids Jeans #466,Kids,Jeans,Zudio Kids,2209.66
467,Zudio Denim Kids T-shirts #467,Kids,T-shirts,Zudio Denim,460.83
468,Zudio Trend Kids Skirts #468,Kids,Skirts,Zudio Trend,1679.59
469,Zudio Trend Kids Hoodies #469,Kids,Hoodies,Zudio Trend,572.57
470,Zudio Trend Men Jackets #470,Men,Jackets,Zudio Trend,1405.6
471,Zudio Active Men Shoes #471,Men,Shoes,Zudio Active,2278.61
472,Zudio Active Women Dresses #472,Women,Dresses,Zudio Active,1819.06
473,Zudio Basics Women Skirts #473,Women,Skirts,Zudio Basics,579.72
474,Zudio Kids Men Hoodies #474,Men,Hoodies,Zudio Kids,1872.75
475,Zudio Basics Men Tops #475,Men,Tops,Zudio Basics,1238.11
476,Zudio Denim Women Jackets #476,Women,Jackets,Zudio Denim,1952.91
477,Zudio Basics Kids Hoodies #477,Kids,Hoodies,Zudio Basics,1424.79
478,Zudio Kids Kids Shoes #478,KIDS,Shoes,Zudio Kids,1555.09
479,Zudio Kids Men Sweaters #479,Men,Sweaters,Zudio Kids,1468.12
480,Zudio Active Women Skirts #480,Women,Skirts,Zudio Active,972.6
481,Zudio Trend Kids Dresses #481,Kids,Dresses,Zudio Trend,451.43
482,Zudio Denim Men Jeans #482,Men,Jeans,Zudio Denim,2054.33
483,Zudio Trend Men Dresses #483,Men,Dresses,Zudio Trend,1937.09
484,Zudio Kids Men Jackets #484,Men,Jackets,Zudio Kids,1229.79
485,Zudio Trend Women Jeans #485,Women,Jeans,Zudio Trend,784.45
486,Zudio Trend Kids Shirts #486,Kids,Shirts,Zudio Trend,637.12
487,Zudio Trend Kids Hoodies #487,Kids,Hoodies,Zudio Trend,
488,Zudio Basics Kids Jeans #488,Kids,Jeans,Zudio Basics,683.97
489,Zudio Active Women Hoodies #489,Women,Hoodies,Zudio Active,
490,Zudio Denim Kids Dresses #490,Kids,Dresses,Zudio Denim,640.83
491,Zudio Denim Kids Tops #491,Kids,Tops,Zudio Denim,1384.97
492,Zudio Denim Women Tops #492,Women,Tops,Zudio Denim,1476.83
493,Zudio Kids Women Dresses #493,Women,Dresses,Zudio Kids,2036.68
494,Zudio Trend Women T-shirts #494,Women,T-shirts,Zudio Trend,1595.64
495,Zudio Denim Kids Pants #495,Kids,Pants,Zudio Denim,2264.96
496,Zudio Denim Men Sweaters #496,Men,Sweaters,Zudio Denim,1488.8
497,Zudio Basics Women Hoodies #497,Women,Hoodies,Zudio Basics,1764.41
498,Zudio Basics Women Hoodies #498,Women,Hoodies,Zudio Basics,698.66
499,Zudio Active Kids Shirts #499,Kids,Shirts,Zudio Active,1953.31
500,Zudio Trend Kids T-shirts #500,Kids,T-shirts,Zudio Trend,466.0
501,Zudio Basics Kids Jackets #501,Kids,Jackets,Zudio Basics,2089.56
502,Zudio Active Kids Tops #502,Kids,Tops,Zudio Active,2406.0
503,Zudio Denim Men Dresses #503,Men,Dresses,Zudio Denim,1223.06
504,Zudio Kids Men Skirts #504,Men,Skirts,Zudio Kids,
505,Zudio Trend Women Skirts #505,Women,Skirts,Zudio Trend,1234.8
506,Zudio Basics Kids Skirts #506,Kids,Skirts,Zudio Basics,767.42
507,Zudio Trend Women Pants #507,Women,Pants,Zudio Trend,593.07
508,Zudio Active Men Hoodies #508,Men,Hoodies,Zudio Active,2360.54
509,Zudio Active Men Pants #509,Men,Pants,Zudio Active,610.51
510,Zudio Active Men Jackets #510,Men,Jackets,Zudio Active,1058.79
511,Zudio Basics Kids Jeans #511,Kids,Jeans,Zudio Basics,967.91
512,Zudio Denim Kids Pants #512,Kids,Pants,Zudio Denim,2041.74
513,Zudio Denim Men Skirts #513,Men,Skirts,Zudio Denim,494.4
514,Zudio Kids Men Hoodies #514,Men,Hoodies,Zudio Kids,1733.25
515,Zudio Basics Women Pants #515,Women,Pants,Zudio Basics,1981.46
516,Zudio Basics Women Sweaters #516,Women,Sweaters,Zudio Basics,2467.1
517,Zudio Basics Kids Shoes #517,Kids,Shoes,Zudio Basics,1173.85
518,Zudio Trend Kids Jackets #518,Kids,Jackets,Zudio Trend,399.75
519,Zudio Basics Men T-shirts #519,Men,T-shirts,Zudio Basics,2323.37
520,Zudio Basics Men T-shirts #520,Men,T-shirts,Zudio Basics,529.6
521,Zudio Trend Women T-shirts #521,Women,T-shirts,Zudio Trend,883.58
522,Zudio Trend Kids Shirts #522,Kids,Shirts,Zudio Trend,2349.44
523,Zudio Active Women Jackets #523,Women,Jackets,Zudio Active,
524,Zudio Active Kids Skirts #524,Kids,Skirts,Zudio Active,1620.01
525,Zudio Denim Women Tops #525,Women,Tops,Zudio Denim,2051.55
526,Zudio Kids Men T-shirts #526,MEN,T-shirts,Zudio Kids,1326.06
527,Zudio Kids Kids Sweaters #527,Kids,Sweaters,Zudio Kids,692.44
528,Zudio Kids Men Jeans #528,Men,Jeans,Zudio Kids,1878.78
529,Zudio Denim Men Dresses #529,Men,Dresses,Zudio Denim,1513.33
530,Zudio Kids Men Jackets #530,Men,Jackets,Zudio Kids,1492.96
531,Zudio Trend Men Jeans #531,Men,Jeans,Zudio Trend,1180.84
532,Zudio Kids Kids Dresses #532,Kids,Dresses,Zudio Kids,614.99
533,Zudio Trend Kids Dresses #533,Kids,Dresses,Zudio Trend,2390.54
534,Zudio Basics Kids Jackets #534,Kids,Jackets,Zudio Basics,2478.03
535,Zudio Active Kids Sweaters #535,Kids,Sweaters,Zudio Active,922.67
536,Zudio Active Men Shirts #536,Men,Shirts,Zudio Active,1762.98
537,Zudio Denim Kids T-shirts #537,Kids,T-shirts,Zudio Denim,1147.64
538,Zudio Kids Men Pants #538,Men,Pants,Zudio Kids,349.01
539,Zudio Kids Men Dresses #539,Men,Dresses,Zudio Kids,2438.51
540,Zudio Denim Women Skirts #540,Women,Skirts,Zudio Denim,1804.53
541,Zudio Trend Men T-shirts #541,Men,T-shirts,Zudio Trend,310.98
542,Zudio Active Kids Hoodies #542,Kids,Hoodies,Zudio Active,1681.49
543,Zudio Denim Kids Jackets #543,Kids,Jackets,Zudio Denim,609.46
544,Zudio Basics Kids Skirts #544,Kids,Skirts,Zudio Basics,1998.05
545,Zudio Denim Women Tops #545,Women,Tops,Zudio Denim,619.93
546,Zudio Kids Women Sweaters #546,Women,Sweaters,Zudio Kids,1697.93
547,Zudio Kids Women Jackets #547,Women,Jackets,Zudio Kids,1514.41
548,Zudio Basics Women Jeans #548,Women,Jeans,Zudio Basics,686.09
549,Zudio Trend Women Sweaters #549,Women,Sweaters,Zudio Trend,2443.11
550,Zudio Denim Women Jeans #550,Women,Jeans,Zudio Denim,647.23
551,Zudio Denim Kids Skirts #551,Kids,Skirts,Zudio Denim,1729.67
552,Zudio Basics Women Jeans #552,Women,Jeans,Zudio Basics,476.61
553,Zudio Kids Kids Tops #553,Kids,Tops,Zudio Kids,1858.89
554,Zudio Basics Kids Tops #554,Kids,Tops,Zudio Basics,1501.87
555,Zudio Basics Women Pants #555,Women,Pants,Zudio Basics,715.82
556,Zudio Trend Women Dresses #556,Women,Dresses,Zudio Trend,2439.09
557,Zudio Trend Men Hoodies #557,Men,Hoodies,Zudio Trend,2299.77
558,Zudio Denim Women T-shirts #558,  Women  ,T-shirts,Zudio Denim,1238.17
559,Zudio Trend Men Shoes #559,Men,Shoes,Zudio Trend,887.9
560,Zudio Kids Kids Jackets #560,Kids,Jackets,Zudio Kids,1186.83
561,Zudio Basics Women Jeans #561,Women,Jeans,Zudio Basics,1450.26
562,Zudio Kids Kids Hoodies #562,Kids,Hoodies,Zudio Kids,2154.59
563,Zudio Active Women Jeans #563,Women,Jeans,Zudio Active,632.01
564,Zudio Trend Women Sweaters #564,Women,Sweaters,Zudio Trend,1475.7
565,Zudio Trend Women Shirts #565,Women,Shirts,Zudio Trend,1456.16
566,Zudio Trend Kids Sweaters #566,Kids,Sweaters,Zudio Trend,2349.54
567,Zudio Basics Men Dresses #567,Men,Dresses,Zudio Basics,423.64
568,Zudio Denim Men Shoes #568,Men,Shoes,Zudio Denim,1624.34
569,Zudio Basics Kids Hoodies #569,Kids,Hoodies,Zudio Basics,2273.33
570,Zudio Kids Men Hoodies #570,Men,Hoodies,Zudio Kids,325.68
571,Zudio Denim Women Skirts #571,Women,Skirts,Zudio Denim,2282.37
572,Zudio Active Kids Tops #572,Kids,Tops,Zudio Active,691.33
573,Zudio Basics Men Shoes #573,Men,Shoes,Zudio Basics,627.32
574,Zudio Basics Women Skirts #574,Women,Skirts,Zudio Basics,1302.59
575,Zudio Active Men Skirts #575,Men,Skirts,Zudio Active,1959.44
576,Zudio Active Men Hoodies #576,Men,Hoodies,Zudio Active,2218.32
577,Zudio Trend Kids Sweaters #577,Kids,Sweaters,Zudio Trend,1130.1
578,Zudio Active Men Hoodies #578,Men,Hoodies,Zudio Active,841.08
579,Zudio Basics Women Tops #579,Women,Tops,Zudio Basics,853.98
580,Zudio Basics Kids Skirts #580,Kids,Skirts,Zudio Basics,641.4
581,Zudio Basics Kids Hoodies #581,Kids,Hoodies,Zudio Basics,1343.26
582,Zudio Kids Women Shirts #582,Women,Shirts,Zudio Kids,
583,Zudio Basics Women Shoes #583,Women,Shoes,Zudio Basics,709.22
584,Zudio Denim Women Hoodies #584,Women,Hoodies,Zudio Denim,1274.47
585,Zudio Trend Men Skirts #585,Men,Skirts,Zudio Trend,
586,Zudio Basics Women Tops #586,Women,Tops,Zudio Basics,873.07
587,Zudio Trend Men T-shirts #587,Men,T-shirts,Zudio Trend,1900.12
588,Zudio Active Kids T-shirts #588,Kids,T-shirts,Zudio Active,1349.12
589,Zudio Trend Kids Hoodies #589,Kids,Hoodies,Zudio Trend,1740.76
590,Zudio Active Men Jeans #590,Men,Jeans,Zudio Active,821.24
591,Zudio Active Women Tops #591,Women,Tops,Zudio Active,2027.39
592,Zudio Basics Kids Skirts #592,Kids,Skirts,Zudio Basics,1873.28
593,Zudio Kids Men Hoodies #593,Men,Hoodies,Zudio Kids,702.59
594,Zudio Kids Kids Jackets #594,Kids,Jackets,Zudio Kids,948.02
595,Zudio Trend Kids Pants #595,Kids,Pants,Zudio Trend,1954.28
596,Zudio Active Men Pants #596,Men,Pants,Zudio Active,-1687.16
597,Zudio Trend Men T-shirts #597,Men,T-shirts,Zudio Trend,
598,Zudio Kids Women Tops #598,Women,Tops,Zudio Kids,1770.71
599,Zudio Basics Women Shirts #599,Women,Shirts,Zudio Basics,1639.93
600,Zudio Active Men Shoes #600,Men,Shoes,Zudio Active,1214.31
601,Zudio Denim Kids Jeans #601,Kids,Jeans,Zudio Denim,
602,Zudio Kids Women Jeans #602,Women,Jeans,Zudio Kids,2006.51
603,Zudio Trend Kids Pants #603,Kids,Pants,Zudio Trend,2071.51
604,Zudio Trend Men Pants #604,Men,Pants,Zudio Trend,521.63
605,Zudio Basics Men Jeans #605,Men,Jeans,Zudio Basics,430.57
606,Zudio Kids Men Pants #606,Men,Pants,Zudio Kids,1071.24
607,Zudio Active Kids Dresses #607,Kids,Dresses,Zudio Active,324.92
608,Zudio Basics Women Shoes #608,Women,Shoes,Zudio Basics,2485.9
609,Zudio Trend Men Jeans #609,Men,Jeans,Zudio Trend,
610,Zudio Trend Kids Skirts #610,Kids,Skirts,Zudio Trend,2031.55
611,Zudio Active Women Tops #611,Women,Tops,Zudio Active,538.69
612,Zudio Kids Kids Jackets #612,Kids,Jackets,Zudio Kids,676.63
613,Zudio Basics Men Jeans #613,Men,Jeans,Zudio Basics,1856.71
614,Zudio Trend Men Shoes #614,Men,Shoes,Zudio Trend,636.51
615,Zudio Kids Women Shirts #615,Women,Shirts,Zudio Kids,2190.68
616,Zudio Trend Women Dresses #616,Women,Dresses,Zudio Trend,932.89
617,Zudio Denim Women Hoodies #617,Women,Hoodies,Zudio Denim,2245.17
618,Zudio Basics Kids Sweaters #618,Kids,Sweaters,Zudio Basics,1347.0
619,Zudio Denim Men Jackets #619,Men,Jackets,Zudio Denim,1721.31
620,Zudio Active Kids Jackets #620,Kids,Jackets,Zudio Active,1860.06
621,Zudio Active Men Sweaters #621,Men,Sweaters,Zudio Active,2242.28
622,Zudio Trend Men Dresses #622,Men,Dresses,Zudio Trend,1492.53
623,Zudio Trend Women Hoodies #623,Women,Hoodies,Zudio Trend,877.59
624,Zudio Denim Women Dresses #624,Women,Dresses,Zudio Denim,1805.46
625,Zudio Trend Women Jackets #625,Women,Jackets,Zudio Trend,1437.69
626,Zudio Basics Women T-shirts #626,Women,T-shirts,Zudio Basics,1864.56
627,Zudio Kids Kids Jackets #627,Kids,Jackets,Zudio Kids,565.71
628,Zudio Basics Women Shirts #628,Women,Shirts,Zudio Basics,710.62
629,Zudio Basics Kids Tops #629,Kids,Tops,Zudio Basics,2327.64
630,Zudio Kids Kids Hoodies #630,Kids,Hoodies,Zudio Kids,2179.31
631,Zudio Active Men Shirts #631,Men,Shirts,Zudio Active,
632,Zudio Trend Men Sweaters #632,Men,Sweaters,Zudio Trend,1504.98
633,Zudio Active Women Skirts #633,Women,Skirts,Zudio Active,2073.82
634,Zudio Denim Men Dresses #634,Men,Dresses,Zudio Denim,988.98
635,Zudio Trend Kids Hoodies #635,Kids,Hoodies,Zudio Trend,2102.28
636,Zudio Active Kids Sweaters #636,Kids,Sweaters,Zudio Active,836.5
637,Zudio Active Men Shirts #637,Men,Shirts,Zudio Active,2195.3
638,Zudio Active Men T-shirts #638,Men,T-shirts,Zudio Active,541.3
639,Zudio Basics Women Hoodies #639,Women,Hoodies,Zudio Basics,413.25
640,Zudio Kids Women T-shirts #640,Women,T-shirts,Zudio Kids,1912.15
641,Zudio Basics Women Hoodies #641,Women,Hoodies,Zudio Basics,1173.3
642,Zudio Kids Women Sweaters #642,Women,Sweaters,Zudio Kids,1569.82
643,Zudio Kids Men Skirts #643,Men,Skirts,Zudio Kids,
644,Zudio Active Kids Shoes #644,Kids,Shoes,Zudio Active,787.37
645,Zudio Basics Men Tops #645,men,Tops,Zudio Basics,1457.3
646,Zudio Trend Kids Jackets #646,Kids,Jackets,Zudio Trend,449.19
647,Zudio Denim Men Hoodies #647,Men,Hoodies,Zudio Denim,1107.52
648,Zudio Trend Women Pants #648,Women,Pants,Zudio Trend,2333.2
649,Zudio Kids Men T-shirts #649,Men,T-shirts,Zudio Kids,2056.26
650,Zudio Active Women Shoes #650,Women,Shoes,Zudio Active,591.48
651,Zudio Basics Women Tops #651,Women,Tops,Zudio Basics,1849.91
652,Zudio Denim Men Jeans #652,Men,Jeans,Zudio Denim,2054.83
653,Zudio Trend Kids Hoodies #653,Kids,Hoodies,Zudio Trend,874.59
654,Zudio Basics Kids Jeans #654,Kids,Jeans,Zudio Basics,2000.05
655,Zudio Denim Kids Jeans #655,Kids,Jeans,Zudio Denim,1226.58
656,Zudio Trend Women Sweaters #656,Women,Sweaters,Zudio Trend,1320.9
657,Zudio Denim Women Pants #657,Women,Pants,Zudio Denim,897.68
658,Zudio Trend Women T-shirts #658,Women,T-shirts,Zudio Trend,649.12
659,Zudio Basics Men T-shirts #659,Men,T-shirts,Zudio Basics,1416.24
660,Zudio Denim Women Skirts #660,Women,Skirts,Zudio Denim,2081.63
661,Zudio Basics Men Shirts #661,Men,Shirts,Zudio Basics,753.89
662,Zudio Kids Kids T-shirts #662,Kids,T-shirts,Zudio Kids,836.49
663,Zudio Kids Women Shoes #663,Women,Shoes,Zudio Kids,2316.97
664,Zudio Denim Women Hoodies #664,Women,Hoodies,Zudio Denim,1514.46
665,Zudio Trend Women Dresses #665,Women,Dresses,Zudio Trend,2150.21
666,Zudio Trend Women Jackets #666,Women,Jackets,Zudio Trend,1992.78
667,Zudio Denim Kids Dresses #667,Kids,Dresses,Zudio Denim,1488.55
668,Zudio Trend Men Tops #668,Men,Tops,Zudio Trend,2057.99
669,Zudio Active Kids Skirts #669,Kids,Skirts,Zudio Active,2380.47
670,Zudio Trend Kids T-shirts #670,Kids,T-shirts,Zudio Trend,1190.02
671,Zudio Basics Kids Pants #671,Kids,Pants,Zudio Basics,1220.59
672,Zudio Basics Men Pants #672,Men,Pants,Zudio Basics,2022.3
673,Zudio Denim Men Dresses #673,Men,Dresses,Zudio Denim,1120.59
674,Zudio Kids Kids Shirts #674,Kids,Shirts,Zudio Kids,1024.7
675,Zudio Basics Women Jeans #675,Women,Jeans,Zudio Basics,1794.06
676,Zudio Active Men Shoes #676,Men,Shoes,Zudio Active,2067.79
677,Zudio Basics Kids Shoes #677,Kids,Shoes,Zudio Basics,315.26
678,Zudio Trend Women Sweaters #678,Women,Sweaters,Zudio Trend,1831.06
679,Zudio Basics Kids T-shirts #679,Kids,T-shirts,Zudio Basics,1253.14
680,Zudio Basics Men Pants #680,Men,Pants,Zudio Basics,860.02
681,Zudio Basics Men Skirts #681,Men,Skirts,Zudio Basics,1415.24
682,Zudio Trend Kids Shirts #682,Kids,Shirts,Zudio Trend,1556.1
683,Zudio Basics Women Dresses #683,Women,Dresses,Zudio Basics,897.45
684,Zudio Active Kids Hoodies #684,Kids,Hoodies,Zudio Active,
685,Zudio Trend Women Jackets #685,Women,Jackets,Zudio Trend,578.98
686,Zudio Denim Kids T-shirts #686,Kids,T-shirts,Zudio Denim,509.42
687,Zudio Kids Women T-shirts #687,Women,T-shirts,Zudio Kids,994.39
688,Zudio Basics Men T-shirts #688,Men,T-shirts,Zudio Basics,1100.08
689,Zudio Trend Women Jeans #689,Women,Jeans,Zudio Trend,1319.75
690,Zudio Kids Men Hoodies #690,Men,Hoodies,Zudio Kids,2149.78
691,Zudio Kids Kids Jackets #691,Kids,Jackets,Zudio Kids,1050.4
692,Zudio Active Men T-shirts #692,Men,T-shirts,Zudio Active,794.69
693,Zudio Kids Women Jackets #693,  Women  ,Jackets,Zudio Kids,2177.19
694,Zudio Active Kids Jeans #694,Kids,Jeans,Zudio Active,2248.25
695,Zudio Kids Men Dresses #695,Men,Dresses,Zudio Kids,-1426.45
696,Zudio Kids Women Sweaters #696,Women,Sweaters,Zudio Kids,393.53
697,Zudio Basics Men T-shirts #697,Men,T-shirts,Zudio Basics,2170.59
698,Zudio Kids Women Pants #698,Women,Pants,Zudio Kids,2069.34
699,Zudio Trend Kids Sweaters #699,Kids,Sweaters,Zudio Trend,774.97
700,Zudio Kids Women Pants #700,Women,Pants,Zudio Kids,385.13
701,Zudio Denim Kids Sweaters #701,Kids,Sweaters,Zudio Denim,1908.52
702,Zudio Kids Kids Sweaters #702,Kids,Sweaters,Zudio Kids,375.02
703,Zudio Trend Women Jackets #703,Women,Jackets,Zudio Trend,398.54
704,Zudio Active Men Tops #704,Men,Tops,Zudio Active,1813.12
705,Zudio Kids Women Skirts #705,Women,Skirts,Zudio Kids,847.52
706,Zudio Denim Kids T-shirts #706,Kids,T-shirts,Zudio Denim,1188.39
707,Zudio Basics Men Pants #707,Men,Pants,Zudio Basics,2054.63
708,Zudio Kids Kids Dresses #708,Kids,Dresses,Zudio Kids,1803.48
709,Zudio Basics Women Tops #709,Women,Tops,Zudio Basics,905.82
710,Zudio Active Women Jackets #710,Women,Jackets,Zudio Active,2361.83
711,Zudio Denim Men Skirts #711,Men,Skirts,Zudio Denim,943.07
712,Zudio Denim Women Pants #712,Women,Pants,Zudio Denim,896.78
713,Zudio Denim Men Tops #713,Men,Tops,Zudio Denim,1922.71
714,Zudio Basics Women Shoes #714,Women,Shoes,Zudio Basics,1355.29
715,Zudio Basics Men Pants #715,Men,Pants,Zudio Basics,1398.23
716,Zudio Kids Kids Hoodies #716,Kids,Hoodies,Zudio Kids,1442.06
717,Zudio Active Men Hoodies #717,Men,Hoodies,Zudio Active,2299.19
718,Zudio Denim Kids Pants #718,Kids,Pants,Zudio Denim,2476.83
719,Zudio Basics Men Hoodies #719,Men,Hoodies,Zudio Basics,1108.6
720,Zudio Denim Men Hoodies #720,Men,Hoodies,Zudio Denim,1876.01
721,Zudio Denim Women T-shirts #721,Women,T-shirts,Zudio Denim,1466.16
722,Zudio Active Women Tops #722,Women,Tops,Zudio Active,2008.02
723,Zudio Active Kids Shoes #723,Kids,Shoes,Zudio Active,907.33
724,Zudio Kids Women Jackets #724,Women,Jackets,Zudio Kids,2027.02
725,Zudio Trend Men Shirts #725,Men,Shirts,Zudio Trend,1225.52
726,Zudio Trend Women Pants #726,Women,Pants,Zudio Trend,1776.36
727,Zudio Active Men T-shirts #727,Men,T-shirts,Zudio Active,1729.92
728,Zudio Denim Men T-shirts #728,Men,T-shirts,Zudio Denim,2424.96
729,Zudio Active Men Tops #729,Men,Tops,Zudio Active,2288.02
730,Zudio Kids Men Jeans #730,Men,Jeans,Zudio Kids,582.26
731,Zudio Basics Women Hoodies #731,Women,Hoodies,Zudio Basics,1251.52
732,Zudio Trend Kids Shirts #732,Kids,Shirts,Zudio Trend,2021.65
733,Zudio Active Women Hoodies #733,Women,Hoodies,Zudio Active,895.26
734,Zudio Active Kids Dresses #734,Kids,Dresses,Zudio Active,1002.63
735,Zudio Basics Women T-shirts #735,Women,T-shirts,Zudio Basics,2415.08
736,Zudio Denim Men Jackets #736,Men,Jackets,Zudio Denim,1394.77
737,Zudio Trend Men Shirts #737,Men,Shirts,Zudio Trend,2129.95
738,Zudio Denim Kids Hoodies #738,Kids,Hoodies,Zudio Denim,586.77
739,Zudio Trend Kids Dresses #739,Kids,Dresses,Zudio Trend,731.1
740,Zudio Trend Kids Shoes #740,Kids,Shoes,Zudio Trend,680.71
741,Zudio Denim Women Hoodies #741,Women,Hoodies,Zudio Denim,1912.13
742,Zudio Denim Kids Shoes #742,Kids,Shoes,Zudio Denim,1954.43
743,Zudio Active Men Shirts #743,Men,Shirts,Zudio Active,904.4
744,Zudio Basics Women Sweaters #744,Women,Sweaters,Zudio Basics,1255.03
745,Zudio Basics Women Shirts #745,Women,Shirts,Zudio Basics,2367.03
746,Zudio Basics Men Jackets #746,Men,Jackets,Zudio Basics,325.45
747,Zudio Kids Men Shirts #747,Men,Shirts,Zudio Kids,1495.36
748,Zudio Trend Women Jackets #748,Women,Jackets,Zudio Trend,1624.66
749,Zudio Denim Women Pants #749,Women,Pants,Zudio Denim,2009.8
750,Zudio Basics Women Jackets #750,Women,Jackets,Zudio Basics,1987.81
751,Zudio Active Women Pants #751,Women,Pants,Zudio Active,1719.42
752,Zudio Trend Kids Skirts #752,Kids,Skirts,Zudio Trend,615.25
753,Zudio Basics Kids Hoodies #753,Kids,Hoodies,Zudio Basics,1934.15
754,Zudio Trend Kids Tops #754,kids,Tops,Zudio Trend,2446.02
755,Zudio Basics Men Sweaters #755,Men,Sweaters,Zudio Basics,2164.52
756,Zudio Denim Women Sweaters #756,Women,Sweaters,Zudio Denim,548.48
757,Zudio Active Men Jackets #757,Men,Jackets,Zudio Active,2464.61
758,Zudio Denim Women Pants #758,Women,Pants,Zudio Denim,615.41
759,Zudio Trend Kids Pants #759,Kids,Pants,Zudio Trend,765.65
760,Zudio Active Kids Skirts #760,Kids,Skirts,Zudio Active,2078.46
761,Zudio Basics Men Tops #761,Men,Tops,Zudio Basics,925.66
762,Zudio Basics Women Pants #762,Women,Pants,Zudio Basics,2492.15
763,Zudio Trend Kids T-shirts #763,Kids,T-shirts,Zudio Trend,2303.07
764,Zudio Denim Kids Jackets #764,Kids,Jackets,Zudio Denim,717.7
765,Zudio Denim Men Jackets #765,Men,Jackets,Zudio Denim,1232.39
766,Zudio Kids Kids Sweaters #766,Kids,Sweaters,Zudio Kids,1276.19
767,Zudio Active Kids Skirts #767,Kids,Skirts,Zudio Active,1735.82
768,Zudio Trend Men Pants #768,Men,Pants,Zudio Trend,2484.55
769,Zudio Denim Men Hoodies #769,Men,Hoodies,Zudio Denim,650.06
770,Zudio Basics Kids Jeans #770,Kids,Jeans,Zudio Basics,1315.38
771,Zudio Active Women Pants #771,Women,Pants,Zudio Active,1628.42
772,Zudio Basics Kids Tops #772,Kids,Tops,Zudio Basics,2060.25
773,Zudio Trend Men Skirts #773,Men,Skirts,Zudio Trend,366.88
774,Zudio Active Kids Shirts #774,Kids,Shirts,Zudio Active,1427.52
775,Zudio Trend Women Shoes #775,Women,Shoes,Zudio Trend,1003.94
776,Zudio Kids Women Jackets #776,Women,Jackets,Zudio Kids,1040.94
777,Zudio Basics Women Pants #777,Women,Pants,Zudio Basics,2332.49
778,Zudio Trend Kids Jeans #778,Kids,Jeans,Zudio Trend,2051.68
779,Zudio Trend Women Shirts #779,Women,Shirts,Zudio Trend,1965.65
780,Zudio Active Kids Pants #780,Kids,Pants,Zudio Active,716.37
781,Zudio Kids Men Dresses #781,Men,Dresses,Zudio Kids,1536.86
782,Zudio Denim Kids Shirts #782,Kids,Shirts,Zudio Denim,1829.2
783,Zudio Denim Kids Hoodies #783,Kids,Hoodies,Zudio Denim,539.25
784,Zudio Kids Kids Hoodies #784,kids,Hoodies,Zudio Kids,1052.71
785,Zudio Kids Men Hoodies #785,Men,Hoodies,Zudio Kids,1354.59
786,Zudio Kids Men Sweaters #786,Men,Sweaters,Zudio Kids,2413.77
787,Zudio Active Kids Hoodies #787,Kids,Hoodies,Zudio Active,1681.28
788,Zudio Trend Women Hoodies #788,Women,Hoodies,Zudio Trend,1089.98
789,Zudio Basics Men Jackets #789,Men,Jackets,Zudio Basics,2042.71
790,Zudio Trend Men Hoodies #790,Men,Hoodies,Zudio Trend,1695.45
791,Zudio Active Men T-shirts #791,Men,T-shirts,Zudio Active,1578.18
792,Zudio Basics Kids Pants #792,KIDS,Pants,Zudio Basics,1180.53
793,Zudio Trend Men Shoes #793,Men,Shoes,Zudio Trend,1444.4
794,Zudio Kids Women Sweaters #794,Women,Sweaters,Zudio Kids,503.34
795,Zudio Basics Men T-shirts #795,Men,T-shirts,Zudio Basics,1232.66
796,Zudio Denim Men Skirts #796,Men,Skirts,Zudio Denim,2495.86
797,Zudio Basics Men Shirts #797,Men,Shirts,Zudio Basics,1606.7
798,Zudio Kids Women Shirts #798,Women,Shirts,Zudio Kids,2138.75
799,Zudio Basics Kids Hoodies #799,Kids,Hoodies,Zudio Basics,500.11
800,Zudio Denim Women T-shirts #800,Women,T-shirts,Zudio Denim,585.36
801,Zudio Kids Kids Jeans #801,Kids,Jeans,Zudio Kids,441.0
802,Zudio Kids Women Dresses #802,Women,Dresses,Zudio Kids,2416.46
803,Zudio Denim Men T-shirts #803,MEN,T-shirts,Zudio Denim,0.0
804,Zudio Denim Men Pants #804,Men,Pants,Zudio Denim,1232.38
805,Zudio Active Women T-shirts #805,Women,T-shirts,Zudio Active,1031.11
806,Zudio Kids Men Jeans #806,Men,Jeans,Zudio Kids,885.86
807,Zudio Active Kids Jeans #807,Kids,Jeans,Zudio Active,1435.06
808,Zudio Basics Women Jackets #808,Women,Jackets,Zudio Basics,1100.33
809,Zudio Active Men Pants #809,Men,Pants,Zudio Active,2167.8
810,Zudio Denim Women Hoodies #810,Women,Hoodies,Zudio Denim,1136.69
811,Zudio Trend Kids T-shirts #811,Kids,T-shirts,Zudio Trend,2486.23
812,Zudio Active Women Jeans #812,Women,Jeans,Zudio Active,500.82
813,Zudio Denim Women Shoes #813,Women,Shoes,Zudio Denim,2411.41
814,Zudio Trend Men Tops #814,Men,Tops,Zudio Trend,1369.1
815,Zudio Basics Women Hoodies #815,Women,Hoodies,Zudio Basics,1687.7
816,Zudio Trend Women Shirts #816,Women,Shirts,Zudio Trend,775.92
817,Zudio Basics Men Skirts #817,Men,Skirts,Zudio Basics,1201.54
818,Zudio Denim Women Jackets #818,Women,Jackets,Zudio Denim,676.79
819,Zudio Denim Kids Skirts #819,Kids,Skirts,Zudio Denim,1746.34
820,Zudio Basics Kids Dresses #820,Kids,Dresses,Zudio Basics,1133.64
821,Zudio Kids Kids Sweaters #821,Kids,Sweaters,Zudio Kids,2301.03
822,Zudio Denim Women Jeans #822,Women,Jeans,Zudio Denim,1877.92
823,Zudio Kids Kids Shoes #823,Kids,Shoes,Zudio Kids,789.3
824,Zudio Active Men Pants #824,Men,Pants,Zudio Active,1215.68
825,Zudio Kids Women Tops #825,Women,Tops,Zudio Kids,948.48
826,Zudio Active Women Shoes #826,Women,Shoes,Zudio Active,1950.62
827,Zudio Kids Men T-shirts #827,Men,T-shirts,Zudio Kids,1656.46
828,Zudio Kids Men Pants #828,Men,Pants,Zudio Kids,1502.72
829,Zudio Trend Women Sweaters #829,Women,Sweaters,Zudio Trend,488.77
830,Zudio Trend Men T-shirts #830,Men,T-shirts,Zudio Trend,692.75
831,Zudio Kids Men Sweaters #831,Men,Sweaters,Zudio Kids,2090.66
832,Zudio Active Women Pants #832,Women,Pants,Zudio Active,531.34
833,Zudio Active Kids Jackets #833,Kids,Jackets,Zudio Active,1293.05
834,Zudio Kids Men Hoodies #834,Men,Hoodies,Zudio Kids,414.91
835,Zudio Basics Kids Hoodies #835,Kids,Hoodies,Zudio Basics,910.29
836,Zudio Basics Women Sweaters #836,Women,Sweaters,Zudio Basics,1814.51
837,Zudio Kids Women Sweaters #837,Women,Sweaters,Zudio Kids,642.57
838,Zudio Active Men Jackets #838,Men,Jackets,Zudio Active,1535.02
839,Zudio Basics Kids Skirts #839,Kids,Skirts,Zudio Basics,2158.32
840,Zudio Kids Men Dresses #840,Men,Dresses,Zudio Kids,315.13
841,Zudio Basics Kids Tops #841,Kids,Tops,Zudio Basics,2439.53
842,Zudio Kids Women Hoodies #842,Women,Hoodies,Zudio Kids,848.25
843,Zudio Trend Kids Shoes #843,Kids,Shoes,Zudio Trend,1376.45
844,Zudio Basics Men Tops #844,Men,Tops,Zudio Basics,1028.87
845,Zudio Denim Kids Sweaters #845,Kids,Sweaters,Zudio Denim,369.63
846,Zudio Denim Women Shoes #846,Women,Shoes,Zudio Denim,685.39
847,Zudio Active Men Tops #847,Men,Tops,Zudio Active,914.38
848,Zudio Denim Men T-shirts #848,Men,T-shirts,Zudio Denim,582.07
849,Zudio Trend Men Shoes #849,Men,Shoes,Zudio Trend,409.43
850,Zudio Trend Women Dresses #850,Women,Dresses,Zudio Trend,1011.41
851,Zudio Active Kids Sweaters #851,Kids,Sweaters,Zudio Active,582.57
852,Zudio Basics Women Pants #852,Women,Pants,Zudio Basics,1216.51
853,Zudio Active Kids Shirts #853,Kids,Shirts,Zudio Active,2153.39
854,Zudio Active Kids Pants #854,Kids,Pants,Zudio Active,2427.09
855,Zudio Kids Men Jackets #855,Men,Jackets,Zudio Kids,670.51
856,Zudio Basics Men Jeans #856,Men,Jeans,Zudio Basics,1963.96
857,Zudio Trend Men Jackets #857,Men,Jackets,Zudio Trend,1393.46
858,Zudio Kids Men Hoodies #858,Men,Hoodies,Zudio Kids,833.79
859,Zudio Basics Kids Jackets #859,Kids,Jackets,Zudio Basics,2147.74
860,Zudio Denim Men Dresses #860,Men,Dresses,Zudio Denim,1804.47
861,Zudio Trend Kids Jackets #861,Kids,Jackets,Zudio Trend,432.81
862,Zudio Kids Women Hoodies #862,Women,Hoodies,Zudio Kids,629.41
863,Zudio Denim Kids Shirts #863,Kids,Shirts,Zudio Denim,2391.52
864,Zudio Trend Women Skirts #864,Women,Skirts,Zudio Trend,1803.17
865,Zudio Kids Kids Jeans #865,Kids,Jeans,Zudio Kids,1415.5
866,Zudio Basics Kids Jeans #866,Kids,Jeans,Zudio Basics,1749.34
867,Zudio Trend Men Pants #867,Men,Pants,Zudio Trend,923.3
868,Zudio Denim Men Shirts #868,Men,Shirts,Zudio Denim,940.65
869,Zudio Denim Women Shirts #869,Women,Shirts,Zudio Denim,0.0
870,Zudio Denim Women Sweaters #870,Women,Sweaters,Zudio Denim,1170.12
871,Zudio Denim Kids Jackets #871,Kids,Jackets,Zudio Denim,2209.06
872,Zudio Trend Men T-shirts #872,Men,T-shirts,Zudio Trend,2097.34
873,Zudio Denim Men Shirts #873,Men,Shirts,Zudio Denim,2466.11
874,Zudio Active Women Jackets #874,Women,Jackets,Zudio Active,2357.03
875,Zudio Active Women Tops #875,Women,Tops,Zudio Active,1623.42
876,Zudio Trend Men Dresses #876,Men,Dresses,Zudio Trend,1165.84
877,Zudio Active Women Dresses #877,Women,Dresses,Zudio Active,325.98
878,Zudio Basics Kids Dresses #878,Kids,Dresses,Zudio Basics,
879,Zudio Active Kids Sweaters #879,Kids,Sweaters,Zudio Active,1913.97
880,Zudio Kids Kids Jeans #880,Kids,Jeans,Zudio Kids,1044.22
881,Zudio Basics Kids Jackets #881,Kids,Jackets,Zudio Basics,2293.84
882,Zudio Denim Women Skirts #882,Women,Skirts,Zudio Denim,876.85
883,Zudio Trend Women Sweaters #883,Women,Sweaters,Zudio Trend,997.79
884,Zudio Trend Kids T-shirts #884,Kids,T-shirts,Zudio Trend,2428.36
885,Zudio Basics Men Sweaters #885,Men,Sweaters,Zudio Basics,1467.45
886,Zudio Denim Kids Jeans #886,Kids,Jeans,Zudio Denim,2149.44
887,Zudio Active Women Hoodies #887,Women,Hoodies,Zudio Active,2066.97
888,Zudio Basics Kids Jackets #888,Kids,Jackets,Zudio Basics,413.12
889,Zudio Trend Men Dresses #889,Men,Dresses,Zudio Trend,1761.6
890,Zudio Active Men Hoodies #890,Men,Hoodies,Zudio Active,1820.77
891,Zudio Denim Women Shirts #891,Women,Shirts,Zudio Denim,348.33
892,Zudio Denim Men Hoodies #892,Men,Hoodies,Zudio Denim,2307.33
893,Zudio Denim Men Pants #893,Men,Pants,Zudio Denim,475.7
894,Zudio Basics Women Shirts #894,Women,Shirts,Zudio Basics,1638.35
895,Zudio Trend Men Shoes #895,Men,Shoes,Zudio Trend,602.32
896,Zudio Denim Kids Sweaters #896,Kids,Sweaters,Zudio Denim,1137.8
897,Zudio Basics Men Skirts #897,Men,Skirts,Zudio Basics,1142.76
898,Zudio Denim Kids Dresses #898,Kids,Dresses,Zudio Denim,1533.76
899,Zudio Kids Men Sweaters #899,Men,Sweaters,Zudio Kids,1220.41
900,Zudio Kids Women Shirts #900,Women,Shirts,Zudio Kids,2428.31
901,Zudio Active Men Sweaters #901,Men,Sweaters,Zudio Active,893.97
902,Zudio Denim Kids Shoes #902,  Kids  ,Shoes,Zudio Denim,1430.3
903,Zudio Active Men Jackets #903,Men,Jackets,Zudio Active,697.56
904,Zudio Basics Women Jeans #904,Women,Jeans,Zudio Basics,798.03
905,Zudio Kids Women Jackets #905,Women,Jackets,Zudio Kids,2299.39
906,Zudio Active Men Shoes #906,Men,Shoes,Zudio Active,1546.83
907,Zudio Basics Women Shirts #907,Women,Shirts,Zudio Basics,985.32
908,Zudio Basics Women Hoodies #908,Women,Hoodies,Zudio Basics,2155.68
909,Zudio Trend Kids Hoodies #909,Kids,Hoodies,Zudio Trend,709.8
910,Zudio Denim Men Hoodies #910,Men,Hoodies,Zudio Denim,708.72
911,Zudio Basics Women Jeans #911,Women,Jeans,Zudio Basics,1306.85
912,Zudio Denim Men Dresses #912,Men,Dresses,Zudio Denim,1275.94
913,Zudio Kids Men T-shirts #913,Men,T-shirts,Zudio Kids,2431.05
914,Zudio Kids Men Pants #914,Men,Pants,Zudio Kids,2260.88
915,Zudio Trend Women Hoodies #915,Women,Hoodies,Zudio Trend,1167.31
916,Zudio Kids Men Skirts #916,Men,Skirts,Zudio Kids,438.75
917,Zudio Trend Men Hoodies #917,Men,Hoodies,Zudio Trend,1382.13
918,Zudio Basics Men Pants #918,Men,Pants,Zudio Basics,1394.92
919,Zudio Trend Men Shoes #919,Men,Shoes,Zudio Trend,1787.73
920,Zudio Denim Kids Hoodies #920,Kids,Hoodies,Zudio Denim,718.14
921,Zudio Denim Men Tops #921,Men,Tops,Zudio Denim,1765.93
922,Zudio Trend Women Hoodies #922,Women,Hoodies,Zudio Trend,2070.48
923,Zudio Kids Kids Shirts #923,Kids,Shirts,Zudio Kids,
924,Zudio Basics Kids Tops #924,Kids,Tops,Zudio Basics,1390.57
925,Zudio Denim Men Pants #925,Men,Pants,Zudio Denim,1595.61
926,Zudio Basics Women Shirts #926,Women,Shirts,Zudio Basics,1437.94
927,Zudio Denim Women Tops #927,Women,Tops,Zudio Denim,1976.89
928,Zudio Kids Men T-shirts #928,Men,T-shirts,Zudio Kids,1129.19
929,Zudio Trend Women Jeans #929,Women,Jeans,Zudio Trend,645.73
930,Zudio Basics Kids Shirts #930,Kids,Shirts,Zudio Basics,1204.93
931,Zudio Denim Kids Shoes #931,Kids,Shoes,Zudio Denim,2432.96
932,Zudio Kids Kids Tops #932,Kids,Tops,Zudio Kids,1814.31
933,Zudio Denim Men Tops #933,Men,Tops,Zudio Denim,681.69
934,Zudio Kids Women Shoes #934,Women,Shoes,Zudio Kids,673.43
935,Zudio Basics Women Sweaters #935,Women,Sweaters,Zudio Basics,1603.22
936,Zudio Active Kids Sweaters #936,Kids,Sweaters,Zudio Active,558.29
937,Zudio Kids Men Skirts #937,Men,Skirts,Zudio Kids,319.67
938,Zudio Kids Kids Skirts #938,Kids,Skirts,Zudio Kids,2384.99
939,Zudio Active Men Jackets #939,Men,Jackets,Zudio Active,1216.8
940,Zudio Active Men T-shirts #940,Men,T-shirts,Zudio Active,1391.61
941,Zudio Active Kids Jackets #941,Kids,Jackets,Zudio Active,1591.07
942,Zudio Kids Men Skirts #942,Men,Skirts,Zudio Kids,1937.29
943,Zudio Trend Women Jeans #943,Women,Jeans,Zudio Trend,1617.36
944,Zudio Denim Kids Sweaters #944,Kids,Sweaters,Zudio Denim,1045.45
945,Zudio Basics Women Tops #945,Women,Tops,Zudio Basics,383.56
946,Zudio Active Kids Jeans #946,Kids,Jeans,Zudio Active,1204.59
947,Zudio Denim Women Sweaters #947,Women,Sweaters,Zudio Denim,970.59
948,Zudio Trend Women Pants #948,Women,Pants,Zudio Trend,2195.23
949,Zudio Kids Men Dresses #949,Men,Dresses,Zudio Kids,371.46
950,Zudio Trend Women Jackets #950,Women,Jackets,Zudio Trend,1514.6
951,Zudio Denim Men Shirts #951,men,Shirts,Zudio Denim,482.1
952,Zudio Trend Men Jeans #952,Men,Jeans,Zudio Trend,
953,Zudio Active Women Shirts #953,women,Shirts,Zudio Active,655.57
954,Zudio Denim Kids Sweaters #954,Kids,Sweaters,Zudio Denim,2359.28
955,Zudio Kids Kids Skirts #955,Kids,Skirts,Zudio Kids,1783.24
956,Zudio Denim Women T-shirts #956,Women,T-shirts,Zudio Denim,1277.55
957,Zudio Kids Kids Skirts #957,Kids,Skirts,Zudio Kids,1211.72
958,Zudio Kids Men Dresses #958,Men,Dresses,Zudio Kids,958.99
959,Zudio Kids Kids Skirts #959,Kids,Skirts,Zudio Kids,722.96
960,Zudio Denim Kids Hoodies #960,Kids,Hoodies,Zudio Denim,1243.79
961,Zudio Basics Men Shoes #961,Men,Shoes,Zudio Basics,2406.66
962,Zudio Denim Women Hoodies #962,Women,Hoodies,Zudio Denim,1234.46
963,Zudio Basics Women Sweaters #963,Women,Sweaters,Zudio Basics,2399.21
964,Zudio Kids Women Shoes #964,Women,Shoes,Zudio Kids,905.73
965,Zudio Kids Women Sweaters #965,Women,Sweaters,Zudio Kids,441.62
966,Zudio Basics Men T-shirts #966,Men,T-shirts,Zudio Basics,2372.01
967,Zudio Kids Men Jeans #967,Men,Jeans,Zudio Kids,551.93
968,Zudio Denim Men Shoes #968,Men,Shoes,Zudio Denim,668.74
969,Zudio Trend Women Dresses #969,Women,Dresses,Zudio Trend,772.15
970,Zudio Active Kids Shirts #970,Kids,Shirts,Zudio Active,969.56
971,Zudio Trend Women T-shirts #971,Women,T-shirts,Zudio Trend,2213.63
972,Zudio Basics Kids Sweaters #972,Kids,Sweaters,Zudio Basics,2301.48
973,Zudio Active Men Hoodies #973,Men,Hoodies,Zudio Active,2245.26
974,Zudio Kids Women Jeans #974,Women,Jeans,Zudio Kids,1176.83
975,Zudio Trend Women Dresses #975,Women,Dresses,Zudio Trend,2319.25
976,Zudio Kids Men Jackets #976,Men,Jackets,Zudio Kids,1648.34
977,Zudio Active Women T-shirts #977,Women,T-shirts,Zudio Active,2363.8
978,Zudio Kids Kids Shirts #978,Kids,Shirts,Zudio Kids,642.28
979,Zudio Denim Women Jackets #979,  Women  ,Jackets,Zudio Denim,1890.25
980,Zudio Kids Men Hoodies #980,Men,Hoodies,Zudio Kids,1166.87
981,Zudio Denim Women Tops #981,Women,Tops,Zudio Denim,1503.37
982,Zudio Active Kids Sweaters #982,Kids,Sweaters,Zudio Active,461.61
983,Zudio Trend Men T-shirts #983,Men,T-shirts,Zudio Trend,468.68
984,Zudio Denim Kids T-shirts #984,Kids,T-shirts,Zudio Denim,935.94
985,Zudio Basics Kids Tops #985,Kids,Tops,Zudio Basics,1211.62
986,Zudio Denim Women Sweaters #986,Women,Sweaters,Zudio Denim,1669.21
987,Zudio Basics Kids Skirts #987,Kids,Skirts,Zudio Basics,2422.13
988,Zudio Active Women Dresses #988,Women,Dresses,Zudio Active,680.45
989,Zudio Trend Kids Tops #989,Kids,Tops,Zudio Trend,2010.73
990,Zudio Active Women Hoodies #990,Women,Hoodies,Zudio Active,815.54
991,Zudio Active Women Shoes #991,Women,Shoes,Zudio Active,2330.2
992,Zudio Trend Men Shirts #992,Men,Shirts,Zudio Trend,1716.26
993,Zudio Trend Men Shoes #993,Men,Shoes,Zudio Trend,1230.74
994,Zudio Denim Women Hoodies #994,Women,Hoodies,Zudio Denim,839.07
995,Zudio Active Kids Tops #995,Kids,Tops,Zudio Active,1142.39
996,Zudio Active Men Dresses #996,Men,Dresses,Zudio Active,2365.0
997,Zudio Kids Women Sweaters #997,Women,Sweaters,Zudio Kids,1425.1
998,Zudio Kids Kids Pants #998,Kids,Pants,Zudio Kids,1693.03
999,Zudio Denim Kids Sweaters #999,Kids,Sweaters,Zudio Denim,2076.58
1000,Zudio Basics Men Hoodies #1000,Men,Hoodies,Zudio Basics,1920.14
1001,Zudio Active Kids Pants #1001,Kids,Pants,Zudio Active,956.96
1002,Zudio Denim Men Pants #1002,Men,Pants,Zudio Denim,411.75
1003,Zudio Trend Men Shirts #1003,Men,Shirts,Zudio Trend,1896.9
1004,Zudio Denim Women Shirts #1004,Women,Shirts,Zudio Denim,916.26
1005,Zudio Kids Women Jackets #1005,Women,Jackets,Zudio Kids,2073.19
1006,Zudio Trend Kids Sweaters #1006,Kids,Sweaters,Zudio Trend,1198.06
1007,Zudio Denim Men Shirts #1007,Men,Shirts,Zudio Denim,1433.9
1008,Zudio Active Women Tops #1008,Women,Tops,Zudio Active,1577.46
1009,Zudio Basics Women Skirts #1009,Women,Skirts,Zudio Basics,1922.96
1010,Zudio Kids Kids Skirts #1010,Kids,Skirts,Zudio Kids,1012.97
1011,Zudio Kids Women Jackets #1011,Women,Jackets,Zudio Kids,2381.69
1012,Zudio Trend Men Shoes #1012,Men,Shoes,Zudio Trend,1118.24
1013,Zudio Active Women Skirts #1013,Women,Skirts,Zudio Active,2142.66
1014,Zudio Denim Women Jeans #1014,Women,Jeans,Zudio Denim,874.25
1015,Zudio Active Kids Tops #1015,Kids,Tops,Zudio Active,522.68
1016,Zudio Trend Women Tops #1016,Women,Tops,Zudio Trend,1308.12
1017,Zudio Kids Men Shirts #1017,Men,Shirts,Zudio Kids,913.08
1018,Zudio Active Kids Shoes #1018,Kids,Shoes,Zudio Active,1109.13
1019,Zudio Active Kids Pants #1019,Kids,Pants,Zudio Active,1533.28
1020,Zudio Trend Men T-shirts #1020,Men,T-shirts,Zudio Trend,1622.21
1021,Zudio Kids Women Hoodies #1021,Women,Hoodies,Zudio Kids,326.62
1022,Zudio Denim Men Shirts #1022,Men,Shirts,Zudio Denim,1116.44
1023,Zudio Kids Men Shirts #1023,Men,Shirts,Zudio Kids,1798.04
1024,Zudio Denim Kids T-shirts #1024,Kids,T-shirts,Zudio Denim,1653.23
1025,Zudio Trend Kids Dresses #1025,Kids,Dresses,Zudio Trend,709.55
1026,Zudio Basics Women Skirts #1026,Women,Skirts,Zudio Basics,2083.08
1027,Zudio Kids Women T-shirts #1027,Women,T-shirts,Zudio Kids,1844.29
1028,Zudio Denim Men Shoes #1028,Men,Shoes,Zudio Denim,842.53
1029,Zudio Basics Men T-shirts #1029,Men,T-shirts,Zudio Basics,1059.53
1030,Zudio Kids Women Tops #1030,WOMEN,Tops,Zudio Kids,871.86
1031,Zudio Trend Kids Skirts #1031,Kids,Skirts,Zudio Trend,1695.78
1032,Zudio Active Men Shirts #1032,Men,Shirts,Zudio Active,1977.6
1033,Zudio Active Men Jackets #1033,Men,Jackets,Zudio Active,869.14
1034,Zudio Kids Kids Sweaters #1034,Kids,Sweaters,Zudio Kids,1329.16
1035,Zudio Active Kids Tops #1035,Kids,Tops,Zudio Active,2168.51
1036,Zudio Active Women T-shirts #1036,Women,T-shirts,Zudio Active,1910.29
1037,Zudio Basics Women Jeans #1037,Women,Jeans,Zudio Basics,1884.25
1038,Zudio Kids Women Pants #1038,Women,Pants,Zudio Kids,-1414.21
1039,Zudio Kids Men Hoodies #1039,Men,Hoodies,Zudio Kids,857.87
1040,Zudio Active Men Sweaters #1040,Men,Sweaters,Zudio Active,2378.13
1041,Zudio Kids Kids Hoodies #1041,Kids,Hoodies,Zudio Kids,2346.42
1042,Zudio Active Women Shirts #1042,Women,Shirts,Zudio Active,
1043,Zudio Basics Men Tops #1043,Men,Tops,Zudio Basics,1322.14
1044,Zudio Kids Kids Jeans #1044,Kids,Jeans,Zudio Kids,
1045,Zudio Trend Women Hoodies #1045,Women,Hoodies,Zudio Trend,1195.35
1046,Zudio Kids Women Skirts #1046,Women,Skirts,Zudio Kids,336.08
1047,Zudio Trend Women T-shirts #1047,Women,T-shirts,Zudio Trend,638.15
1048,Zudio Active Women Shoes #1048,Women,Shoes,Zudio Active,1129.82
1049,Zudio Active Men Hoodies #1049,Men,Hoodies,Zudio Active,-1276.34
1050,Zudio Active Kids Shoes #1050,Kids,Shoes,Zudio Active,1825.98
1051,Zudio Basics Kids Skirts #1051,Kids,Skirts,Zudio Basics,2352.41
1052,Zudio Active Kids T-shirts #1052,Kids,T-shirts,Zudio Active,1697.47
1053,Zudio Basics Kids Shoes #1053,Kids,Shoes,Zudio Basics,407.68
1054,Zudio Trend Men Jackets #1054,Men,Jackets,Zudio Trend,2008.5
1055,Zudio Trend Kids Skirts #1055,Kids,Skirts,Zudio Trend,970.88
1056,Zudio Denim Men Jeans #1056,Men,Jeans,Zudio Denim,1249.89
1057,Zudio Basics Kids Shoes #1057,Kids,Shoes,Zudio Basics,2105.73
1058,Zudio Kids Women Sweaters #1058,Women,Sweaters,Zudio Kids,1242.65
1059,Zudio Trend Men Shirts #1059,Men,Shirts,Zudio Trend,2076.48
1060,Zudio Active Kids Hoodies #1060,  Kids  ,Hoodies,Zudio Active,1728.24
1061,Zudio Active Men Shoes #1061,Men,Shoes,Zudio Active,552.04
1062,Zudio Denim Women Jeans #1062,Women,Jeans,Zudio Denim,
1063,Zudio Trend Kids Sweaters #1063,Kids,Sweaters,Zudio Trend,930.23
1064,Zudio Basics Women Jackets #1064,Women,Jackets,Zudio Basics,2195.16
1065,Zudio Trend Men Sweaters #1065,Men,Sweaters,Zudio Trend,1363.84
1066,Zudio Kids Men Dresses #1066,Men,Dresses,Zudio Kids,1472.48
1067,Zudio Basics Men Dresses #1067,Men,Dresses,Zudio Basics,772.44
1068,Zudio Trend Kids Pants #1068,Kids,Pants,Zudio Trend,1463.12
1069,Zudio Kids Kids T-shirts #1069,Kids,T-shirts,Zudio Kids,832.03
1070,Zudio Active Kids Shoes #1070,Kids,Shoes,Zudio Active,1457.36
1071,Zudio Trend Kids Sweaters #1071,Kids,Sweaters,Zudio Trend,741.21
1072,Zudio Denim Men Pants #1072,Men,Pants,Zudio Denim,2455.99
1073,Zudio Kids Women Skirts #1073,Women,Skirts,Zudio Kids,-2198.59
1074,Zudio Active Men T-shirts #1074,Men,T-shirts,Zudio Active,1171.94
1075,Zudio Kids Kids Tops #1075,Kids,Tops,Zudio Kids,480.01
1076,Zudio Denim Women T-shirts #1076,Women,T-shirts,Zudio Denim,333.03
1077,Zudio Basics Women Jeans #1077,Women,Jeans,Zudio Basics,478.21
1078,Zudio Trend Women Sweaters #1078,Women,Sweaters,Zudio Trend,941.47
1079,Zudio Trend Men Hoodies #1079,Men,Hoodies,Zudio Trend,1156.89
1080,Zudio Trend Kids Dresses #1080,Kids,Dresses,Zudio Trend,1657.0
1081,Zudio Trend Men Jeans #1081,Men,Jeans,Zudio Trend,2469.96
1082,Zudio Trend Men Hoodies #1082,MEN,Hoodies,Zudio Trend,2346.79
1083,Zudio Basics Men Skirts #1083,Men,Skirts,Zudio Basics,528.16
1084,Zudio Trend Kids Skirts #1084,Kids,Skirts,Zudio Trend,464.43
1085,Zudio Kids Kids Jackets #1085,Kids,Jackets,Zudio Kids,888.16
1086,Zudio Trend Kids Sweaters #1086,Kids,Sweaters,Zudio Trend,
1087,Zudio Active Kids Tops #1087,Kids,Tops,Zudio Active,658.08
1088,Zudio Denim Men Sweaters #1088,Men,Sweaters,Zudio Denim,431.39
1089,Zudio Kids Kids Jackets #1089,Kids,Jackets,Zudio Kids,711.11
1090,Zudio Denim Women T-shirts #1090,Women,T-shirts,Zudio Denim,2145.33
1091,Zudio Trend Women T-shirts #1091,Women,T-shirts,Zudio Trend,2263.89
1092,Zudio Kids Women Pants #1092,Women,Pants,Zudio Kids,2295.2
1093,Zudio Trend Kids T-shirts #1093,Kids,T-shirts,Zudio Trend,2491.34
1094,Zudio Kids Women Pants #1094,Women,Pants,Zudio Kids,310.7
1095,Zudio Active Kids Jackets #1095,KIDS,Jackets,Zudio Active,2254.49
1096,Zudio Basics Men Jeans #1096,Men,Jeans,Zudio Basics,2481.99
1097,Zudio Active Women Shoes #1097,Women,Shoes,Zudio Active,2236.97
1098,Zudio Basics Women Hoodies #1098,Women,Hoodies,Zudio Basics,777.53
1099,Zudio Denim Men T-shirts #1099,Men,T-shirts,Zudio Denim,889.48
1100,Zudio Denim Women Jackets #1100,Women,Jackets,Zudio Denim,2320.42
1101,Zudio Kids Men Tops #1101,Men,Tops,Zudio Kids,1525.94
1102,Zudio Kids Women Sweaters #1102,Women,Sweaters,Zudio Kids,2400.07
1103,Zudio Active Men Pants #1103,Men,Pants,Zudio Active,598.48
1104,Zudio Basics Women Sweaters #1104,Women,Sweaters,Zudio Basics,697.34
1105,Zudio Trend Kids Pants #1105,Kids,Pants,Zudio Trend,667.36
1106,Zudio Trend Kids Hoodies #1106,Kids,Hoodies,Zudio Trend,366.71
1107,Zudio Active Men Sweaters #1107,Men,Sweaters,Zudio Active,2049.82
1108,Zudio Basics Women Sweaters #1108,Women,Sweaters,Zudio Basics,2158.58
1109,Zudio Denim Men T-shirts #1109,Men,T-shirts,Zudio Denim,2453.37
1110,Zudio Basics Women Sweaters #1110,Women,Sweaters,Zudio Basics,931.71
1111,Zudio Denim Men Tops #1111,Men,Tops,Zudio Denim,1539.6
1112,Zudio Trend Men Pants #1112,Men,Pants,Zudio Trend,555.0
1113,Zudio Kids Women Shoes #1113,Women,Shoes,Zudio Kids,384.46
1114,Zudio Basics Women Tops #1114,Women,Tops,Zudio Basics,741.57
1115,Zudio Trend Kids Sweaters #1115,kids,Sweaters,Zudio Trend,2294.4
1116,Zudio Active Women Skirts #1116,Women,Skirts,Zudio Active,1400.4
1117,Zudio Basics Men Shoes #1117,Men,Shoes,Zudio Basics,1656.7
1118,Zudio Kids Men Skirts #1118,Men,Skirts,Zudio Kids,1587.56
1119,Zudio Active Women Jeans #1119,Women,Jeans,Zudio Active,960.84
1120,Zudio Denim Men Sweaters #1120,Men,Sweaters,Zudio Denim,1207.16
1121,Zudio Basics Women Tops #1121,Women,Tops,Zudio Basics,669.27
1122,Zudio Kids Kids Sweaters #1122,Kids,Sweaters,Zudio Kids,947.76
1123,Zudio Trend Men Sweaters #1123,Men,Sweaters,Zudio Trend,1596.07
1124,Zudio Active Men Jeans #1124,Men,Jeans,Zudio Active,1528.1
1125,Zudio Active Men Sweaters #1125,Men,Sweaters,Zudio Active,2133.05
1126,Zudio Active Women T-shirts #1126,Women,T-shirts,Zudio Active,2208.41
1127,Zudio Active Women Pants #1127,Women,Pants,Zudio Active,557.79
1128,Zudio Denim Kids Skirts #1128,Kids,Skirts,Zudio Denim,1384.01
1129,Zudio Active Men Hoodies #1129,Men,Hoodies,Zudio Active,850.14
1130,Zudio Kids Women Jeans #1130,Women,Jeans,Zudio Kids,1376.3
1131,Zudio Trend Kids Shoes #1131,Kids,Shoes,Zudio Trend,615.15
1132,Zudio Denim Women Tops #1132,Women,Tops,Zudio Denim,1995.34
1133,Zudio Denim Kids Jeans #1133,Kids,Jeans,Zudio Denim,329.04
1134,Zudio Denim Women Dresses #1134,Women,Dresses,Zudio Denim,2492.72
1135,Zudio Kids Women Pants #1135,Women,Pants,Zudio Kids,2178.51
1136,Zudio Basics Women T-shirts #1136,Women,T-shirts,Zudio Basics,2288.64
1137,Zudio Kids Kids Pants #1137,Kids,Pants,Zudio Kids,2196.57
1138,Zudio Kids Men Hoodies #1138,Men,Hoodies,Zudio Kids,1577.74
1139,Zudio Denim Women T-shirts #1139,Women,T-shirts,Zudio Denim,916.9
1140,Zudio Active Men Hoodies #1140,Men,Hoodies,Zudio Active,1419.47
1141,Zudio Active Women Tops #1141,Women,Tops,Zudio Active,1933.84
1142,Zudio Trend Women Shoes #1142,Women,Shoes,Zudio Trend,
1143,Zudio Kids Kids Jackets #1143,Kids,Jackets,Zudio Kids,952.45
1144,Zudio Trend Kids Jeans #1144,Kids,Jeans,Zudio Trend,715.45
1145,Zudio Active Men Dresses #1145,Men,Dresses,Zudio Active,1282.23
1146,Zudio Kids Men Shoes #1146,Men,Shoes,Zudio Kids,2120.62
1147,Zudio Denim Men Jackets #1147,Men,Jackets,Zudio Denim,
1148,Zudio Active Men Pants #1148,Men,Pants,Zudio Active,1466.26
1149,Zudio Basics Women Dresses #1149,Women,Dresses,Zudio Basics,607.36
1150,Zudio Active Men Hoodies #1150,Men,Hoodies,Zudio Active,2085.53
1151,Zudio Basics Women Dresses #1151,Women,Dresses,Zudio Basics,1921.55
1152,Zudio Basics Kids Dresses #1152,Kids,Dresses,Zudio Basics,2437.45
1153,Zudio Kids Kids Sweaters #1153,Kids,Sweaters,Zudio Kids,2175.51
1154,Zudio Denim Kids Dresses #1154,Kids,Dresses,Zudio Denim,501.79
1155,Zudio Kids Men Shoes #1155,Men,Shoes,Zudio Kids,1058.63
1156,Zudio Basics Kids Pants #1156,Kids,Pants,Zudio Basics,1534.81
1157,Zudio Denim Men Shoes #1157,Men,Shoes,Zudio Denim,1599.4
1158,Zudio Denim Women Sweaters #1158,Women,Sweaters,Zudio Denim,1785.77
1159,Zudio Denim Women T-shirts #1159,Women,T-shirts,Zudio Denim,
1160,Zudio Active Men Sweaters #1160,Men,Sweaters,Zudio Active,2486.74
1161,Zudio Active Kids Shirts #1161,Kids,Shirts,Zudio Active,2259.62
1162,Zudio Active Men Shirts #1162,  Men  ,Shirts,Zudio Active,1304.0
1163,Zudio Active Women Shirts #1163,Women,Shirts,Zudio Active,1485.53
1164,Zudio Kids Women Shirts #1164,Women,Shirts,Zudio Kids,1208.28
1165,Zudio Basics Women Pants #1165,Women,Pants,Zudio Basics,752.94
1166,Zudio Active Kids T-shirts #1166,Kids,T-shirts,Zudio Active,1270.3
1167,Zudio Trend Men Jackets #1167,Men,Jackets,Zudio Trend,1855.96
1168,Zudio Active Men Hoodies #1168,Men,Hoodies,Zudio Active,772.22
1169,Zudio Kids Men Shoes #1169,Men,Shoes,Zudio Kids,1110.6
1170,Zudio Trend Women Hoodies #1170,Women,Hoodies,Zudio Trend,1116.69
1171,Zudio Active Kids Jackets #1171,Kids,Jackets,Zudio Active,905.49
1172,Zudio Trend Men Sweaters #1172,Men,Sweaters,Zudio Trend,2060.42
1173,Zudio Trend Kids Hoodies #1173,Kids,Hoodies,Zudio Trend,1015.57
1174,Zudio Denim Kids Hoodies #1174,Kids,Hoodies,Zudio Denim,2458.48
1175,Zudio Denim Men Jeans #1175,Men,Jeans,Zudio Denim,2433.53
1176,Zudio Denim Women Jackets #1176,Women,Jackets,Zudio Denim,433.67
1177,Zudio Trend Women Jeans #1177,Women,Jeans,Zudio Trend,2443.84
1178,Zudio Kids Women Hoodies #1178,Women,Hoodies,Zudio Kids,339.77
1179,Zudio Active Women Shirts #1179,Women,Shirts,Zudio Active,2168.9
1180,Zudio Active Women Pants #1180,Women,Pants,Zudio Active,472.01
1181,Zudio Trend Kids T-shirts #1181,Kids,T-shirts,Zudio Trend,993.25
1182,Zudio Trend Women Hoodies #1182,Women,Hoodies,Zudio Trend,1186.95
1183,Zudio Trend Women Dresses #1183,Women,Dresses,Zudio Trend,746.83
1184,Zudio Basics Kids Sweaters #1184,Kids,Sweaters,Zudio Basics,1576.09
1185,Zudio Denim Kids Jeans #1185,Kids,Jeans,Zudio Denim,1238.82
1186,Zudio Kids Women Skirts #1186,Women,Skirts,Zudio Kids,1115.33
1187,Zudio Kids Women Shirts #1187,Women,Shirts,Zudio Kids,2335.63
1188,Zudio Kids Kids Dresses #1188,kids,Dresses,Zudio Kids,2139.26
1189,Zudio Basics Men T-shirts #1189,Men,T-shirts,Zudio Basics,1889.38
1190,Zudio Kids Men Tops #1190,men,Tops,Zudio Kids,1101.4
1191,Zudio Active Kids Dresses #1191,Kids,Dresses,Zudio Active,2245.45
1192,Zudio Kids Men Pants #1192,Men,Pants,Zudio Kids,1253.51
1193,Zudio Active Men Shirts #1193,Men,Shirts,Zudio Active,331.11
1194,Zudio Basics Women Pants #1194,Women,Pants,Zudio Basics,1035.01
1195,Zudio Trend Men Hoodies #1195,Men,Hoodies,Zudio Trend,978.76
1196,Zudio Trend Kids Hoodies #1196,KIDS,Hoodies,Zudio Trend,1010.96
1197,Zudio Basics Kids Sweaters #1197,Kids,Sweaters,Zudio Basics,2251.42
1198,Zudio Active Kids Tops #1198,Kids,Tops,Zudio Active,1129.62
1199,Zudio Kids Men Jackets #1199,Men,Jackets,Zudio Kids,533.96
1200,Zudio Denim Men Pants #1200,Men,Pants,Zudio Denim,1396.15
1201,Zudio Denim Kids Hoodies #1201,Kids,Hoodies,Zudio Denim,1475.27
1202,Zudio Active Kids Dresses #1202,Kids,Dresses,Zudio Active,2080.49
1203,Zudio Basics Women Skirts #1203,Women,Skirts,Zudio Basics,679.57
1204,Zudio Active Women Shoes #1204,Women,Shoes,Zudio Active,2281.82
1205,Zudio Denim Kids Skirts #1205,Kids,Skirts,Zudio Denim,1384.02
1206,Zudio Kids Kids Skirts #1206,Kids,Skirts,Zudio Kids,684.19
1207,Zudio Denim Men Jeans #1207,Men,Jeans,Zudio Denim,894.39
1208,Zudio Basics Women Jackets #1208,Women,Jackets,Zudio Basics,1508.12
1209,Zudio Basics Men Jackets #1209,Men,Jackets,Zudio Basics,500.37
1210,Zudio Basics Women Pants #1210,Women,Pants,Zudio Basics,846.87
1211,Zudio Basics Kids Tops #1211,Kids,Tops,Zudio Basics,1996.79
1212,Zudio Trend Men Pants #1212,Men,Pants,Zudio Trend,598.79
1213,Zudio Denim Men Hoodies #1213,Men,Hoodies,Zudio Denim,1708.47
1214,Zudio Denim Men Shirts #1214,Men,Shirts,Zudio Denim,1435.06
1215,Zudio Active Men Skirts #1215,  Men  ,Skirts,Zudio Active,1574.75
1216,Zudio Trend Men T-shirts #1216,Men,T-shirts,Zudio Trend,1497.55
1217,Zudio Basics Women Dresses #1217,Women,Dresses,Zudio Basics,1745.88
1218,Zudio Kids Kids Jackets #1218,Kids,Jackets,Zudio Kids,1820.4
1219,Zudio Trend Women Hoodies #1219,Women,Hoodies,Zudio Trend,779.97
1220,Zudio Trend Kids Shirts #1220,Kids,Shirts,Zudio Trend,770.83
1221,Zudio Kids Men Jackets #1221,Men,Jackets,Zudio Kids,1937.81
1222,Zudio Trend Women Tops #1222,Women,Tops,Zudio Trend,1215.77
1223,Zudio Active Men Skirts #1223,Men,Skirts,Zudio Active,2139.13
1224,Zudio Trend Women Skirts #1224,Women,Skirts,Zudio Trend,835.08
1225,Zudio Kids Kids Jackets #1225,Kids,Jackets,Zudio Kids,1697.22
1226,Zudio Kids Women Shirts #1226,Women,Shirts,Zudio Kids,788.67
1227,Zudio Trend Women Jeans #1227,Women,Jeans,Zudio Trend,1580.91
1228,Zudio Kids Men Shirts #1228,Men,Shirts,Zudio Kids,2110.66
1229,Zudio Basics Men Dresses #1229,Men,Dresses,Zudio Basics,810.64
1230,Zudio Basics Kids Skirts #1230,Kids,Skirts,Zudio Basics,2400.95
1231,Zudio Denim Women Jackets #1231,Women,Jackets,Zudio Denim,675.78
1232,Zudio Active Men Shoes #1232,Men,Shoes,Zudio Active,887.75
1233,Zudio Trend Men Sweaters #1233,Men,Sweaters,Zudio Trend,1782.54
1234,Zudio Trend Kids Jackets #1234,Kids,Jackets,Zudio Trend,2034.82
1235,Zudio Basics Women Sweaters #1235,Women,Sweaters,Zudio Basics,1871.85
1236,Zudio Kids Kids Hoodies #1236,Kids,Hoodies,Zudio Kids,1827.64
1237,Zudio Trend Kids Sweaters #1237,Kids,Sweaters,Zudio Trend,1448.68
1238,Zudio Denim Men Skirts #1238,Men,Skirts,Zudio Denim,768.27
1239,Zudio Trend Men Shoes #1239,Men,Shoes,Zudio Trend,2106.21
1240,Zudio Trend Kids Shoes #1240,Kids,Shoes,Zudio Trend,475.42
1241,Zudio Denim Women Skirts #1241,Women,Skirts,Zudio Denim,1665.89
1242,Zudio Denim Women T-shirts #1242,Women,T-shirts,Zudio Denim,1210.39
1243,Zudio Trend Kids Pants #1243,Kids,Pants,Zudio Trend,1084.57
1244,Zudio Kids Kids Shoes #1244,Kids,Shoes,Zudio Kids,2098.93
1245,Zudio Basics Men T-shirts #1245,Men,T-shirts,Zudio Basics,585.32
1246,Zudio Trend Women Dresses #1246,Women,Dresses,Zudio Trend,1522.35
1247,Zudio Trend Kids T-shirts #1247,Kids,T-shirts,Zudio Trend,2379.0
1248,Zudio Denim Men Dresses #1248,Men,Dresses,Zudio Denim,713.69
1249,Zudio Kids Men Jackets #1249,Men,Jackets,Zudio Kids,742.39
1250,Zudio Basics Men Pants #1250,Men,Pants,Zudio Basics,2330.46
1251,Zudio Trend Women Shirts #1251,Women,Shirts,Zudio Trend,2378.11
1252,Zudio Kids Kids Shirts #1252,Kids,Shirts,Zudio Kids,813.21
1253,Zudio Denim Kids Jackets #1253,Kids,Jackets,Zudio Denim,2042.06
1254,Zudio Active Women Dresses #1254,Women,Dresses,Zudio Active,1387.12
1255,Zudio Denim Kids Sweaters #1255,Kids,Sweaters,Zudio Denim,1016.39
1256,Zudio Kids Men Skirts #1256,Men,Skirts,Zudio Kids,482.82
1257,Zudio Kids Men Shoes #1257,Men,Shoes,Zudio Kids,1775.07
1258,Zudio Active Women Jackets #1258,Women,Jackets,Zudio Active,2116.78
1259,Zudio Basics Kids Pants #1259,Kids,Pants,Zudio Basics,1673.79
1260,Zudio Trend Men Skirts #1260,Men,Skirts,Zudio Trend,312.77
1261,Zudio Trend Kids Shoes #1261,Kids,Shoes,Zudio Trend,2012.48
1262,Zudio Trend Men Skirts #1262,Men,Skirts,Zudio Trend,644.1
1263,Zudio Basics Men Shoes #1263,Men,Shoes,Zudio Basics,1223.05
1264,Zudio Kids Men Pants #1264,Men,Pants,Zudio Kids,2251.4
1265,Zudio Active Women Jeans #1265,Women,Jeans,Zudio Active,1701.23
1266,Zudio Kids Men Dresses #1266,Men,Dresses,Zudio Kids,1931.91
1267,Zudio Active Kids Shirts #1267,Kids,Shirts,Zudio Active,543.29
1268,Zudio Denim Men Skirts #1268,Men,Skirts,Zudio Denim,1652.61
1269,Zudio Denim Men Jackets #1269,Men,Jackets,Zudio Denim,2173.55
1270,Zudio Trend Women Tops #1270,Women,Tops,Zudio Trend,2163.47
1271,Zudio Denim Women Hoodies #1271,Women,Hoodies,Zudio Denim,371.51
1272,Zudio Active Women Hoodies #1272,Women,Hoodies,Zudio Active,804.32
1273,Zudio Active Kids Tops #1273,Kids,Tops,Zudio Active,1761.34
1274,Zudio Denim Women Sweaters #1274,Women,Sweaters,Zudio Denim,1080.59
1275,Zudio Kids Kids Tops #1275,Kids,Tops,Zudio Kids,-730.9
1276,Zudio Basics Women Shoes #1276,Women,Shoes,Zudio Basics,576.37
1277,Zudio Kids Women Hoodies #1277,Women,Hoodies,Zudio Kids,1362.04
1278,Zudio Denim Kids Shirts #1278,Kids,Shirts,Zudio Denim,1340.1
1279,Zudio Kids Women Jeans #1279,Women,Jeans,Zudio Kids,2248.75
1280,Zudio Kids Kids Dresses #1280,Kids,Dresses,Zudio Kids,951.88
1281,Zudio Active Women Shirts #1281,Women,Shirts,Zudio Active,1740.26
1282,Zudio Kids Men T-shirts #1282,Men,T-shirts,Zudio Kids,963.67
1283,Zudio Trend Kids Hoodies #1283,Kids,Hoodies,Zudio Trend,1490.05
1284,Zudio Basics Kids Hoodies #1284,Kids,Hoodies,Zudio Basics,855.46
1285,Zudio Basics Men T-shirts #1285,Men,T-shirts,Zudio Basics,2207.9
1286,Zudio Denim Women Jeans #1286,Women,Jeans,Zudio Denim,1588.9
1287,Zudio Trend Women Sweaters #1287,Women,Sweaters,Zudio Trend,2019.67
1288,Zudio Basics Women Shirts #1288,Women,Shirts,Zudio Basics,1673.98
1289,Zudio Basics Kids Pants #1289,Kids,Pants,Zudio Basics,943.23
1290,Zudio Denim Men Hoodies #1290,Men,Hoodies,Zudio Denim,1249.46
1291,Zudio Active Kids Tops #1291,Kids,Tops,Zudio Active,1301.34
1292,Zudio Trend Men Jeans #1292,Men,Jeans,Zudio Trend,1970.53
1293,Zudio Trend Kids Pants #1293,Kids,Pants,Zudio Trend,1070.91
1294,Zudio Active Women T-shirts #1294,Women,T-shirts,Zudio Active,636.02
1295,Zudio Trend Women Dresses #1295,Women,Dresses,Zudio Trend,2336.03
1296,Zudio Active Kids Skirts #1296,Kids,Skirts,Zudio Active,1041.7
1297,Zudio Trend Women Skirts #1297,Women,Skirts,Zudio Trend,769.96
1298,Zudio Basics Kids Tops #1298,Kids,Tops,Zudio Basics,791.82
1299,Zudio Basics Women Skirts #1299,Women,Skirts,Zudio Basics,1045.47
1300,Zudio Kids Women Hoodies #1300,Women,Hoodies,Zudio Kids,1604.95
1301,Zudio Trend Men Skirts #1301,Men,Skirts,Zudio Trend,1064.55
1302,Zudio Basics Men Tops #1302,Men,Tops,Zudio Basics,529.27
1303,Zudio Denim Men Dresses #1303,Men,Dresses,Zudio Denim,-1861.37
1304,Zudio Kids Women Shirts #1304,Women,Shirts,Zudio Kids,1950.93
1305,Zudio Trend Women Jackets #1305,Women,Jackets,Zudio Trend,1489.17
1306,Zudio Active Kids Shirts #1306,Kids,Shirts,Zudio Active,792.41
1307,Zudio Denim Women Jeans #1307,Women,Jeans,Zudio Denim,816.95
1308,Zudio Kids Kids Hoodies #1308,Kids,Hoodies,Zudio Kids,760.12
1309,Zudio Basics Men Jackets #1309,Men,Jackets,Zudio Basics,1244.27
1310,Zudio Kids Kids Jeans #1310,Kids,Jeans,Zudio Kids,1017.51
1311,Zudio Kids Men Sweaters #1311,Men,Sweaters,Zudio Kids,2129.54
1312,Zudio Basics Women Dresses #1312,Women,Dresses,Zudio Basics,2375.04
1313,Zudio Trend Women T-shirts #1313,Women,T-shirts,Zudio Trend,2269.78
1314,Zudio Active Women Skirts #1314,Women,Skirts,Zudio Active,1604.32
1315,Zudio Active Kids Pants #1315,Kids,Pants,Zudio Active,1103.54
1316,Zudio Basics Women Hoodies #1316,Women,Hoodies,Zudio Basics,2262.5
1317,Zudio Active Women Hoodies #1317,Women,Hoodies,Zudio Active,2245.73
1318,Zudio Trend Men Skirts #1318,Men,Skirts,Zudio Trend,1288.73
1319,Zudio Basics Men Dresses #1319,Men,Dresses,Zudio Basics,2447.5
1320,Zudio Denim Men Jeans #1320,Men,Jeans,Zudio Denim,680.7
1321,Zudio Trend Women Sweaters #1321,Women,Sweaters,Zudio Trend,1919.61
1322,Zudio Basics Women Jeans #1322,Women,Jeans,Zudio Basics,2277.28
1323,Zudio Kids Women Sweaters #1323,Women,Sweaters,Zudio Kids,2296.51
1324,Zudio Basics Men Jeans #1324,Men,Jeans,Zudio Basics,1259.15
1325,Zudio Basics Women Dresses #1325,Women,Dresses,Zudio Basics,372.05
1326,Zudio Denim Kids T-shirts #1326,Kids,T-shirts,Zudio Denim,1437.33
1327,Zudio Trend Women Shoes #1327,WOMEN,Shoes,Zudio Trend,964.11
1328,Zudio Trend Kids Skirts #1328,Kids,Skirts,Zudio Trend,1825.74
1329,Zudio Active Kids T-shirts #1329,Kids,T-shirts,Zudio Active,2030.97
1330,Zudio Kids Women Skirts #1330,Women,Skirts,Zudio Kids,2402.71
1331,Zudio Trend Kids Pants #1331,Kids,Pants,Zudio Trend,2085.5
1332,Zudio Active Men Dresses #1332,Men,Dresses,Zudio Active,2263.62
1333,Zudio Basics Kids Dresses #1333,Kids,Dresses,Zudio Basics,877.56
1334,Zudio Trend Men Shirts #1334,Men,Shirts,Zudio Trend,1347.54
1335,Zudio Basics Men Sweaters #1335,Men,Sweaters,Zudio Basics,2360.34
1336,Zudio Active Women Sweaters #1336,Women,Sweaters,Zudio Active,1931.33
1337,Zudio Active Women Skirts #1337,Women,Skirts,Zudio Active,1009.98
1338,Zudio Active Women Jackets #1338,Women,Jackets,Zudio Active,2450.79
1339,Zudio Active Kids Pants #1339,Kids,Pants,Zudio Active,1508.75
1340,Zudio Denim Kids Hoodies #1340,Kids,Hoodies,Zudio Denim,1498.59
1341,Zudio Trend Women Jeans #1341,Women,Jeans,Zudio Trend,1227.7
1342,Zudio Kids Kids Tops #1342,Kids,Tops,Zudio Kids,2254.1
1343,Zudio Denim Men Hoodies #1343,Men,Hoodies,Zudio Denim,2178.95
1344,Zudio Kids Men Shoes #1344,Men,Shoes,Zudio Kids,1817.32
1345,Zudio Basics Kids Dresses #1345,Kids,Dresses,Zudio Basics,1834.78
1346,Zudio Denim Women Pants #1346,Women,Pants,Zudio Denim,337.89
1347,Zudio Denim Men T-shirts #1347,Men,T-shirts,Zudio Denim,1934.21
1348,Zudio Denim Women Dresses #1348,Women,Dresses,Zudio Denim,1883.75
1349,Zudio Denim Kids Dresses #1349,Kids,Dresses,Zudio Denim,353.37
1350,Zudio Denim Women Tops #1350,Women,Tops,Zudio Denim,418.16
1351,Zudio Denim Kids Shoes #1351,Kids,Shoes,Zudio Denim,1213.54
1352,Zudio Trend Men Shoes #1352,Men,Shoes,Zudio Trend,1572.53
1353,Zudio Basics Kids Shoes #1353,Kids,Shoes,Zudio Basics,1572.43
1354,Zudio Denim Kids T-shirts #1354,Kids,T-shirts,Zudio Denim,1235.26
1355,Zudio Trend Men Pants #1355,Men,Pants,Zudio Trend,855.17
1356,Zudio Basics Women Skirts #1356,Women,Skirts,Zudio Basics,1315.55
1357,Zudio Basics Men Sweaters #1357,Men,Sweaters,Zudio Basics,1175.89
1358,Zudio Active Men Sweaters #1358,Men,Sweaters,Zudio Active,503.29
1359,Zudio Basics Kids Hoodies #1359,Kids,Hoodies,Zudio Basics,2470.52
1360,Zudio Trend Women T-shirts #1360,Women,T-shirts,Zudio Trend,1005.98
1361,Zudio Basics Kids Skirts #1361,Kids,Skirts,Zudio Basics,1896.02
1362,Zudio Kids Kids Pants #1362,Kids,Pants,Zudio Kids,865.25
1363,Zudio Denim Men Pants #1363,Men,Pants,Zudio Denim,1671.23
1364,Zudio Trend Men Skirts #1364,Men,Skirts,Zudio Trend,956.28
1365,Zudio Active Men Hoodies #1365,Men,Hoodies,Zudio Active,
1366,Zudio Active Men Dresses #1366,Men,Dresses,Zudio Active,1654.09
1367,Zudio Trend Kids Sweaters #1367,Kids,Sweaters,Zudio Trend,405.68
1368,Zudio Trend Women Skirts #1368,Women,Skirts,Zudio Trend,768.23
1369,Zudio Trend Men Dresses #1369,Men,Dresses,Zudio Trend,1337.73
1370,Zudio Denim Men Jackets #1370,Men,Jackets,Zudio Denim,1879.93
1371,Zudio Basics Women Shirts #1371,Women,Shirts,Zudio Basics,1598.41
1372,Zudio Denim Men Skirts #1372,Men,Skirts,Zudio Denim,1633.82
1373,Zudio Active Men Hoodies #1373,Men,Hoodies,Zudio Active,626.38
1374,Zudio Kids Women Tops #1374,Women,Tops,Zudio Kids,2202.19
1375,Zudio Denim Men Pants #1375,Men,Pants,Zudio Denim,1977.62
1376,Zudio Basics Kids Jeans #1376,Kids,Jeans,Zudio Basics,441.69
1377,Zudio Trend Men T-shirts #1377,Men,T-shirts,Zudio Trend,1365.5
1378,Zudio Active Kids Jackets #1378,Kids,Jackets,Zudio Active,1616.63
1379,Zudio Active Women T-shirts #1379,Women,T-shirts,Zudio Active,548.55
1380,Zudio Denim Men Shirts #1380,Men,Shirts,Zudio Denim,1420.5
1381,Zudio Basics Men Jackets #1381,Men,Jackets,Zudio Basics,387.09
1382,Zudio Trend Men Shirts #1382,Men,Shirts,Zudio Trend,1688.88
1383,Zudio Denim Kids Jackets #1383,Kids,Jackets,Zudio Denim,581.39
1384,Zudio Basics Women T-shirts #1384,Women,T-shirts,Zudio Basics,2392.54
1385,Zudio Denim Women Shoes #1385,Women,Shoes,Zudio Denim,1517.95
1386,Zudio Basics Kids Dresses #1386,Kids,Dresses,Zudio Basics,1779.98
1387,Zudio Denim Kids Hoodies #1387,Kids,Hoodies,Zudio Denim,2474.02
1388,Zudio Active Men Jackets #1388,Men,Jackets,Zudio Active,
1389,Zudio Kids Kids Hoodies #1389,Kids,Hoodies,Zudio Kids,1075.19
1390,Zudio Denim Women Jeans #1390,Women,Jeans,Zudio Denim,417.21
1391,Zudio Basics Kids Jeans #1391,Kids,Jeans,Zudio Basics,1489.92
1392,Zudio Active Women T-shirts #1392,Women,T-shirts,Zudio Active,440.92
1393,Zudio Basics Women Dresses #1393,  Women  ,Dresses,Zudio Basics,1657.54
1394,Zudio Basics Kids Shoes #1394,Kids,Shoes,Zudio Basics,1912.47
1395,Zudio Trend Men Sweaters #1395,Men,Sweaters,Zudio Trend,1142.05
1396,Zudio Denim Kids T-shirts #1396,Kids,T-shirts,Zudio Denim,1876.62
1397,Zudio Denim Men Tops #1397,Men,Tops,Zudio Denim,917.43
1398,Zudio Denim Men Jeans #1398,Men,Jeans,Zudio Denim,625.14
1399,Zudio Active Men Hoodies #1399,Men,Hoodies,Zudio Active,1943.93
1400,Zudio Denim Men T-shirts #1400,Men,T-shirts,Zudio Denim,1653.82
1401,Zudio Denim Men Dresses #1401,Men,Dresses,Zudio Denim,810.39
1402,Zudio Basics Men Hoodies #1402,Men,Hoodies,Zudio Basics,2211.69
1403,Zudio Denim Women Skirts #1403,Women,Skirts,Zudio Denim,938.32
1404,Zudio Kids Kids Tops #1404,Kids,Tops,Zudio Kids,399.25
1405,Zudio Trend Men Shoes #1405,Men,Shoes,Zudio Trend,1763.43
1406,Zudio Active Kids Pants #1406,Kids,Pants,Zudio Active,
1407,Zudio Active Kids Sweaters #1407,Kids,Sweaters,Zudio Active,555.37
1408,Zudio Active Kids Pants #1408,Kids,Pants,Zudio Active,2031.15
1409,Zudio Denim Women Hoodies #1409,Women,Hoodies,Zudio Denim,1140.09
1410,Zudio Trend Women Hoodies #1410,Women,Hoodies,Zudio Trend,1143.13
1411,Zudio Trend Women Jackets #1411,Women,Jackets,Zudio Trend,1782.57
1412,Zudio Denim Women Shirts #1412,Women,Shirts,Zudio Denim,1179.5
1413,Zudio Kids Women Hoodies #1413,Women,Hoodies,Zudio Kids,498.17
1414,Zudio Basics Women Hoodies #1414,Women,Hoodies,Zudio Basics,2325.42
1415,Zudio Active Men Pants #1415,Men,Pants,Zudio Active,1590.89
1416,Zudio Denim Men Sweaters #1416,Men,Sweaters,Zudio Denim,2191.54
1417,Zudio Denim Women Skirts #1417,Women,Skirts,Zudio Denim,307.36
1418,Zudio Kids Kids Shoes #1418,Kids,Shoes,Zudio Kids,905.83
1419,Zudio Kids Kids Tops #1419,Kids,Tops,Zudio Kids,2471.37
1420,Zudio Active Women Skirts #1420,Women,Skirts,Zudio Active,1865.84
1421,Zudio Basics Men Dresses #1421,Men,Dresses,Zudio Basics,321.52
1422,Zudio Denim Women Pants #1422,Women,Pants,Zudio Denim,2000.93
1423,Zudio Kids Men Dresses #1423,Men,Dresses,Zudio Kids,2032.06
1424,Zudio Denim Men Shoes #1424,Men,Shoes,Zudio Denim,2066.58
1425,Zudio Basics Women Hoodies #1425,Women,Hoodies,Zudio Basics,2135.86
1426,Zudio Basics Women Shirts #1426,Women,Shirts,Zudio Basics,2345.2
1427,Zudio Active Women Jeans #1427,Women,Jeans,Zudio Active,1996.56
1428,Zudio Basics Men Shirts #1428,Men,Shirts,Zudio Basics,2226.56
1429,Zudio Kids Women Skirts #1429,Women,Skirts,Zudio Kids,855.58
1430,Zudio Active Men Jackets #1430,Men,Jackets,Zudio Active,959.15
1431,Zudio Basics Men Hoodies #1431,Men,Hoodies,Zudio Basics,2337.3
1432,Zudio Denim Men Sweaters #1432,Men,Sweaters,Zudio Denim,1306.82
1433,Zudio Denim Kids Shirts #1433,Kids,Shirts,Zudio Denim,1380.04
1434,Zudio Kids Kids Pants #1434,Kids,Pants,Zudio Kids,2257.92
1435,Zudio Trend Women Skirts #1435,Women,Skirts,Zudio Trend,321.47
1436,Zudio Trend Women Jeans #1436,Women,Jeans,Zudio Trend,1165.21
1437,Zudio Basics Kids Jackets #1437,Kids,Jackets,Zudio Basics,685.16
1438,Zudio Denim Kids Pants #1438,Kids,Pants,Zudio Denim,1733.75
1439,Zudio Denim Women Hoodies #1439,Women,Hoodies,Zudio Denim,1730.56
1440,Zudio Basics Men Tops #1440,Men,Tops,Zudio Basics,1798.66
1441,Zudio Active Women Skirts #1441,Women,Skirts,Zudio Active,1946.21
1442,Zudio Active Men Shoes #1442,Men,Shoes,Zudio Active,788.28
1443,Zudio Active Women T-shirts #1443,Women,T-shirts,Zudio Active,2324.94
1444,Zudio Basics Women T-shirts #1444,Women,T-shirts,Zudio Basics,437.96
1445,Zudio Kids Women Jackets #1445,Women,Jackets,Zudio Kids,1402.26
1446,Zudio Basics Men Pants #1446,Men,Pants,Zudio Basics,1100.83
1447,Zudio Kids Women Shoes #1447,Women,Shoes,Zudio Kids,2366.86
1448,Zudio Active Men Hoodies #1448,Men,Hoodies,Zudio Active,2049.68
1449,Zudio Kids Women Dresses #1449,Women,Dresses,Zudio Kids,1267.41
1450,Zudio Active Women T-shirts #1450,Women,T-shirts,Zudio Active,1015.4
1451,Zudio Active Women Shirts #1451,Women,Shirts,Zudio Active,724.56
1452,Zudio Kids Women Sweaters #1452,Women,Sweaters,Zudio Kids,2497.16
1453,Zudio Trend Kids Jeans #1453,Kids,Jeans,Zudio Trend,1851.88
1454,Zudio Denim Kids Skirts #1454,Kids,Skirts,Zudio Denim,637.87
1455,Zudio Kids Men Jeans #1455,Men,Jeans,Zudio Kids,1459.88
1456,Zudio Kids Kids Shirts #1456,Kids,Shirts,Zudio Kids,1457.89
1457,Zudio Basics Women Pants #1457,Women,Pants,Zudio Basics,1916.81
1458,Zudio Active Women Hoodies #1458,Women,Hoodies,Zudio Active,1452.49
1459,Zudio Trend Men Skirts #1459,Men,Skirts,Zudio Trend,1951.85
1460,Zudio Kids Women Dresses #1460,Women,Dresses,Zudio Kids,2296.84
1461,Zudio Trend Kids Shirts #1461,Kids,Shirts,Zudio Trend,358.91
1462,Zudio Trend Kids Jeans #1462,Kids,Jeans,Zudio Trend,2263.19
1463,Zudio Basics Men Sweaters #1463,Men,Sweaters,Zudio Basics,1969.53
1464,Zudio Trend Women Shoes #1464,Women,Shoes,Zudio Trend,2153.26
1465,Zudio Kids Kids Skirts #1465,Kids,Skirts,Zudio Kids,680.09
1466,Zudio Active Men Sweaters #1466,Men,Sweaters,Zudio Active,928.5
1467,Zudio Trend Women Jeans #1467,Women,Jeans,Zudio Trend,2333.38
1468,Zudio Basics Men Jeans #1468,Men,Jeans,Zudio Basics,2236.77
1469,Zudio Kids Kids Tops #1469,Kids,Tops,Zudio Kids,1942.59
1470,Zudio Active Kids Jeans #1470,Kids,Jeans,Zudio Active,749.06
1471,Zudio Denim Men Pants #1471,Men,Pants,Zudio Denim,323.36
1472,Zudio Denim Kids Pants #1472,Kids,Pants,Zudio Denim,1927.31
1473,Zudio Denim Men Hoodies #1473,Men,Hoodies,Zudio Denim,507.21
1474,Zudio Kids Kids Dresses #1474,Kids,Dresses,Zudio Kids,1502.95
1475,Zudio Trend Kids Jeans #1475,  Kids  ,Jeans,Zudio Trend,2267.95
1476,Zudio Denim Men Tops #1476,Men,Tops,Zudio Denim,1740.97
1477,Zudio Denim Women Sweaters #1477,Women,Sweaters,Zudio Denim,495.23
1478,Zudio Kids Kids T-shirts #1478,Kids,T-shirts,Zudio Kids,1618.32
1479,Zudio Kids Women Skirts #1479,Women,Skirts,Zudio Kids,529.86
1480,Zudio Denim Women Sweaters #1480,Women,Sweaters,Zudio Denim,2335.94
1481,Zudio Basics Men Shoes #1481,Men,Shoes,Zudio Basics,1092.11
1482,Zudio Basics Women Shirts #1482,Women,Shirts,Zudio Basics,2031.66
1483,Zudio Denim Women Hoodies #1483,Women,Hoodies,Zudio Denim,1360.6
1484,Zudio Denim Men Dresses #1484,MEN,Dresses,Zudio Denim,2327.92
1485,Zudio Active Kids Skirts #1485,Kids,Skirts,Zudio Active,1213.71
1486,Zudio Basics Men Shirts #1486,men,Shirts,Zudio Basics,1711.59
1487,Zudio Denim Kids Jackets #1487,Kids,Jackets,Zudio Denim,1090.94
1488,Zudio Denim Women Dresses #1488,Women,Dresses,Zudio Denim,1258.52
1489,Zudio Trend Men Jeans #1489,Men,Jeans,Zudio Trend,1084.52
1490,Zudio Trend Women Jeans #1490,Women,Jeans,Zudio Trend,735.62
1491,Zudio Denim Men Sweaters #1491,Men,Sweaters,Zudio Denim,1857.9
1492,Zudio Denim Kids Shoes #1492,Kids,Shoes,Zudio Denim,1719.25
1493,Zudio Denim Men Jackets #1493,Men,Jackets,Zudio Denim,911.08
1494,Zudio Kids Women Shoes #1494,Women,Shoes,Zudio Kids,1360.88
1495,Zudio Trend Kids Shoes #1495,Kids,Shoes,Zudio Trend,1419.77
1496,Zudio Active Kids Dresses #1496,Kids,Dresses,Zudio Active,1879.83
1497,Zudio Denim Kids Jackets #1497,Kids,Jackets,Zudio Denim,1897.25
1498,Zudio Kids Kids Shoes #1498,Kids,Shoes,Zudio Kids,2140.25
1499,Zudio Basics Men Skirts #1499,Men,Skirts,Zudio Basics,785.65
1500,Zudio Trend Women Dresses #1500,Women,Dresses,Zudio Trend,1162.82
1501,Zudio Active Women Dresses #1501,Women,Dresses,Zudio Active,553.45
1502,Zudio Kids Women Jackets #1502,Women,Jackets,Zudio Kids,1432.08
1503,Zudio Trend Men T-shirts #1503,Men,T-shirts,Zudio Trend,657.41
1504,Zudio Kids Women Dresses #1504,Women,Dresses,Zudio Kids,618.27
1505,Zudio Basics Kids Skirts #1505,Kids,Skirts,Zudio Basics,2459.17
1506,Zudio Basics Men Shirts #1506,Men,Shirts,Zudio Basics,
1507,Zudio Active Kids T-shirts #1507,Kids,T-shirts,Zudio Active,874.95
1508,Zudio Kids Women Skirts #1508,Women,Skirts,Zudio Kids,1928.04
1509,Zudio Trend Men T-shirts #1509,Men,T-shirts,Zudio Trend,1762.87
1510,Zudio Basics Men Shoes #1510,Men,Shoes,Zudio Basics,564.12
1511,Zudio Denim Kids Hoodies #1511,Kids,Hoodies,Zudio Denim,406.91
1512,Zudio Trend Men Jeans #1512,Men,Jeans,Zudio Trend,840.84
1513,Zudio Denim Kids Shoes #1513,Kids,Shoes,Zudio Denim,2292.55
1514,Zudio Active Women Jackets #1514,Women,Jackets,Zudio Active,1043.6
1515,Zudio Kids Men Skirts #1515,Men,Skirts,Zudio Kids,2193.91
1516,Zudio Basics Women Sweaters #1516,Women,Sweaters,Zudio Basics,833.31
1517,Zudio Denim Kids Pants #1517,Kids,Pants,Zudio Denim,2241.87
1518,Zudio Denim Kids Jackets #1518,Kids,Jackets,Zudio Denim,2409.74
1519,Zudio Active Men Shirts #1519,Men,Shirts,Zudio Active,341.16
1520,Zudio Kids Kids Shirts #1520,Kids,Shirts,Zudio Kids,317.92
1521,Zudio Trend Men T-shirts #1521,Men,T-shirts,Zudio Trend,1547.45
1522,Zudio Trend Kids Shoes #1522,Kids,Shoes,Zudio Trend,1548.15
1523,Zudio Kids Women Dresses #1523,Women,Dresses,Zudio Kids,1523.86
1524,Zudio Denim Women Dresses #1524,Women,Dresses,Zudio Denim,2155.97
1525,Zudio Kids Women Shoes #1525,WOMEN,Shoes,Zudio Kids,1631.07
1526,Zudio Active Men Dresses #1526,Men,Dresses,Zudio Active,1040.25
1527,Zudio Denim Men Sweaters #1527,Men,Sweaters,Zudio Denim,2384.19
1528,Zudio Basics Women Jackets #1528,Women,Jackets,Zudio Basics,2489.65
1529,Zudio Kids Women Shirts #1529,Women,Shirts,Zudio Kids,2141.73
1530,Zudio Trend Women Jeans #1530,Women,Jeans,Zudio Trend,569.86
1531,Zudio Basics Women Jeans #1531,WOMEN,Jeans,Zudio Basics,1824.41
1532,Zudio Kids Women Pants #1532,Women,Pants,Zudio Kids,1909.34
1533,Zudio Denim Men Jackets #1533,Men,Jackets,Zudio Denim,2413.34
1534,Zudio Kids Men Dresses #1534,Men,Dresses,Zudio Kids,1970.62
1535,Zudio Kids Kids Sweaters #1535,Kids,Sweaters,Zudio Kids,1336.37
1536,Zudio Basics Kids Hoodies #1536,Kids,Hoodies,Zudio Basics,614.42
1537,Zudio Denim Men Shoes #1537,Men,Shoes,Zudio Denim,2271.66
1538,Zudio Kids Men Skirts #1538,Men,Skirts,Zudio Kids,1644.07
1539,Zudio Denim Men Sweaters #1539,Men,Sweaters,Zudio Denim,2362.95
1540,Zudio Active Women Jeans #1540,Women,Jeans,Zudio Active,869.41
1541,Zudio Trend Men Tops #1541,Men,Tops,Zudio Trend,486.17
1542,Zudio Trend Kids Tops #1542,Kids,Tops,Zudio Trend,438.18
1543,Zudio Kids Kids Sweaters #1543,Kids,Sweaters,Zudio Kids,2431.15
1544,Zudio Basics Men Tops #1544,Men,Tops,Zudio Basics,1813.61
1545,Zudio Trend Kids Dresses #1545,Kids,Dresses,Zudio Trend,884.42
1546,Zudio Active Women T-shirts #1546,Women,T-shirts,Zudio Active,2249.39
1547,Zudio Kids Women Sweaters #1547,Women,Sweaters,Zudio Kids,1787.69
1548,Zudio Kids Kids Shirts #1548,Kids,Shirts,Zudio Kids,2197.47
1549,Zudio Kids Kids Skirts #1549,Kids,Skirts,Zudio Kids,399.71
1550,Zudio Trend Kids T-shirts #1550,Kids,T-shirts,Zudio Trend,1024.88
1551,Zudio Denim Kids Tops #1551,Kids,Tops,Zudio Denim,1501.22
1552,Zudio Basics Men Jeans #1552,Men,Jeans,Zudio Basics,726.14
1553,Zudio Basics Women Jeans #1553,Women,Jeans,Zudio Basics,1987.21
1554,Zudio Basics Kids Sweaters #1554,Kids,Sweaters,Zudio Basics,1917.44
1555,Zudio Kids Kids Sweaters #1555,Kids,Sweaters,Zudio Kids,726.69
1556,Zudio Kids Men Skirts #1556,Men,Skirts,Zudio Kids,941.68
1557,Zudio Active Men Tops #1557,Men,Tops,Zudio Active,2164.81
1558,Zudio Trend Men Shoes #1558,Men,Shoes,Zudio Trend,1156.6
1559,Zudio Trend Men T-shirts #1559,Men,T-shirts,Zudio Trend,2371.38
1560,Zudio Active Kids Dresses #1560,Kids,Dresses,Zudio Active,1401.43
1561,Zudio Denim Kids Tops #1561,Kids,Tops,Zudio Denim,2495.44
1562,Zudio Trend Women Shoes #1562,Women,Shoes,Zudio Trend,1423.45
1563,Zudio Active Men Shoes #1563,Men,Shoes,Zudio Active,1926.14
1564,Zudio Kids Kids Shoes #1564,Kids,Shoes,Zudio Kids,894.88
1565,Zudio Active Men Shirts #1565,Men,Shirts,Zudio Active,1151.26
1566,Zudio Active Men Jackets #1566,Men,Jackets,Zudio Active,2135.08
1567,Zudio Kids Women Tops #1567,Women,Tops,Zudio Kids,2072.83
1568,Zudio Active Men Shoes #1568,Men,Shoes,Zudio Active,2456.4
1569,Zudio Kids Men Jackets #1569,Men,Jackets,Zudio Kids,370.22
1570,Zudio Denim Men Pants #1570,Men,Pants,Zudio Denim,1440.91
1571,Zudio Basics Men Sweaters #1571,Men,Sweaters,Zudio Basics,1711.43
1572,Zudio Denim Kids T-shirts #1572,Kids,T-shirts,Zudio Denim,1012.98
1573,Zudio Kids Kids Shirts #1573,Kids,Shirts,Zudio Kids,457.33
1574,Zudio Denim Women Tops #1574,Women,Tops,Zudio Denim,907.16
1575,Zudio Trend Kids Jackets #1575,Kids,Jackets,Zudio Trend,1338.04
1576,Zudio Basics Men Sweaters #1576,Men,Sweaters,Zudio Basics,1747.31
1577,Zudio Trend Women Shoes #1577,Women,Shoes,Zudio Trend,1979.05
1578,Zudio Trend Kids Skirts #1578,Kids,Skirts,Zudio Trend,1885.25
1579,Zudio Basics Kids Jackets #1579,Kids,Jackets,Zudio Basics,1306.88
1580,Zudio Trend Kids Jeans #1580,Kids,Jeans,Zudio Trend,1499.72
1581,Zudio Basics Women Tops #1581,Women,Tops,Zudio Basics,1175.96
1582,Zudio Denim Women T-shirts #1582,Women,T-shirts,Zudio Denim,
1583,Zudio Trend Kids Skirts #1583,Kids,Skirts,Zudio Trend,2276.62
1584,Zudio Kids Men Shirts #1584,Men,Shirts,Zudio Kids,1284.43
1585,Zudio Kids Kids Pants #1585,Kids,Pants,Zudio Kids,956.75
1586,Zudio Basics Women Hoodies #1586,Women,Hoodies,Zudio Basics,2110.87
1587,Zudio Basics Kids Shoes #1587,Kids,Shoes,Zudio Basics,2191.53
1588,Zudio Active Women T-shirts #1588,Women,T-shirts,Zudio Active,409.08
1589,Zudio Kids Men Pants #1589,Men,Pants,Zudio Kids,872.24
1590,Zudio Kids Men Skirts #1590,Men,Skirts,Zudio Kids,1295.56
1591,Zudio Trend Kids Jeans #1591,Kids,Jeans,Zudio Trend,962.33
1592,Zudio Denim Men Skirts #1592,Men,Skirts,Zudio Denim,1943.03
1593,Zudio Denim Women T-shirts #1593,Women,T-shirts,Zudio Denim,692.07
1594,Zudio Basics Men Shirts #1594,Men,Shirts,Zudio Basics,935.06
1595,Zudio Kids Men Dresses #1595,Men,Dresses,Zudio Kids,896.67
1596,Zudio Denim Kids Shirts #1596,Kids,Shirts,Zudio Denim,1266.73
1597,Zudio Kids Kids Sweaters #1597,Kids,Sweaters,Zudio Kids,1490.63
1598,Zudio Active Kids T-shirts #1598,Kids,T-shirts,Zudio Active,1860.38
1599,Zudio Kids Women Jeans #1599,Women,Jeans,Zudio Kids,666.08
1600,Zudio Kids Men Sweaters #1600,Men,Sweaters,Zudio Kids,1232.01
1601,Zudio Kids Men Hoodies #1601,Men,Hoodies,Zudio Kids,413.18
1602,Zudio Basics Women Pants #1602,Women,Pants,Zudio Basics,663.74
1603,Zudio Kids Men Pants #1603,Men,Pants,Zudio Kids,1851.95
1604,Zudio Trend Women Sweaters #1604,Women,Sweaters,Zudio Trend,1383.26
1605,Zudio Trend Women Jackets #1605,Women,Jackets,Zudio Trend,913.96
1606,Zudio Active Kids Skirts #1606,Kids,Skirts,Zudio Active,928.52
1607,Zudio Active Men Tops #1607,Men,Tops,Zudio Active,425.73
1608,Zudio Basics Women Shirts #1608,Women,Shirts,Zudio Basics,706.71
1609,Zudio Basics Women Hoodies #1609,Women,Hoodies,Zudio Basics,608.42
1610,Zudio Kids Kids Skirts #1610,Kids,Skirts,Zudio Kids,1296.48
1611,Zudio Basics Men T-shirts #1611,Men,T-shirts,Zudio Basics,466.87
1612,Zudio Denim Kids Jackets #1612,Kids,Jackets,Zudio Denim,1574.2
1613,Zudio Active Men Hoodies #1613,Men,Hoodies,Zudio Active,1086.04
1614,Zudio Kids Women Jackets #1614,Women,Jackets,Zudio Kids,1910.63
1615,Zudio Basics Men Jackets #1615,Men,Jackets,Zudio Basics,1938.7
1616,Zudio Basics Men Sweaters #1616,Men,Sweaters,Zudio Basics,1274.77
1617,Zudio Denim Men Jeans #1617,Men,Jeans,Zudio Denim,2089.17
1618,Zudio Active Men Hoodies #1618,Men,Hoodies,Zudio Active,1874.01
1619,Zudio Basics Kids Skirts #1619,Kids,Skirts,Zudio Basics,
1620,Zudio Kids Kids Skirts #1620,KIDS,Skirts,Zudio Kids,585.36
1621,Zudio Active Women Dresses #1621,Women,Dresses,Zudio Active,1880.06
1622,Zudio Trend Kids Dresses #1622,Kids,Dresses,Zudio Trend,1972.99
1623,Zudio Denim Women Shirts #1623,Women,Shirts,Zudio Denim,2225.58
1624,Zudio Basics Kids Shirts #1624,Kids,Shirts,Zudio Basics,1404.54
1625,Zudio Denim Men Shirts #1625,Men,Shirts,Zudio Denim,1111.1
1626,Zudio Active Kids Tops #1626,Kids,Tops,Zudio Active,1694.15
1627,Zudio Active Kids T-shirts #1627,Kids,T-shirts,Zudio Active,1973.11
1628,Zudio Trend Kids Dresses #1628,Kids,Dresses,Zudio Trend,1044.07
1629,Zudio Trend Women Shoes #1629,Women,Shoes,Zudio Trend,1652.93
1630,Zudio Kids Kids Jeans #1630,Kids,Jeans,Zudio Kids,1806.94
1631,Zudio Denim Women Jeans #1631,Women,Jeans,Zudio Denim,2415.18
1632,Zudio Denim Kids Jackets #1632,Kids,Jackets,Zudio Denim,2440.71
1633,Zudio Kids Kids Skirts #1633,Kids,Skirts,Zudio Kids,1591.4
1634,Zudio Basics Kids Shirts #1634,Kids,Shirts,Zudio Basics,2064.2
1635,Zudio Active Men Sweaters #1635,Men,Sweaters,Zudio Active,2480.85
1636,Zudio Kids Women Dresses #1636,Women,Dresses,Zudio Kids,2122.93
1637,Zudio Denim Women Dresses #1637,Women,Dresses,Zudio Denim,1197.24
1638,Zudio Active Kids Dresses #1638,Kids,Dresses,Zudio Active,2134.57
1639,Zudio Denim Men Shoes #1639,Men,Shoes,Zudio Denim,2223.8
1640,Zudio Kids Kids Hoodies #1640,Kids,Hoodies,Zudio Kids,931.5
1641,Zudio Trend Women T-shirts #1641,Women,T-shirts,Zudio Trend,531.0
1642,Zudio Kids Women Pants #1642,Women,Pants,Zudio Kids,1786.7
1643,Zudio Active Men Jeans #1643,Men,Jeans,Zudio Active,681.55
1644,Zudio Active Men Sweaters #1644,Men,Sweaters,Zudio Active,1337.79
1645,Zudio Active Men Pants #1645,Men,Pants,Zudio Active,690.69
1646,Zudio Denim Women Jackets #1646,Women,Jackets,Zudio Denim,1590.71
1647,Zudio Denim Kids Jeans #1647,Kids,Jeans,Zudio Denim,2167.29
1648,Zudio Kids Women T-shirts #1648,Women,T-shirts,Zudio Kids,948.4
1649,Zudio Denim Kids Jeans #1649,Kids,Jeans,Zudio Denim,2381.82
1650,Zudio Active Men Shoes #1650,Men,Shoes,Zudio Active,1890.03
1651,Zudio Trend Kids Jeans #1651,Kids,Jeans,Zudio Trend,772.92
1652,Zudio Denim Men Pants #1652,Men,Pants,Zudio Denim,1136.35
1653,Zudio Denim Women Skirts #1653,Women,Skirts,Zudio Denim,1974.59
1654,Zudio Active Kids Sweaters #1654,Kids,Sweaters,Zudio Active,1223.5
1655,Zudio Trend Men Sweaters #1655,Men,Sweaters,Zudio Trend,499.45
1656,Zudio Active Kids Hoodies #1656,Kids,Hoodies,Zudio Active,1085.35
1657,Zudio Denim Men T-shirts #1657,Men,T-shirts,Zudio Denim,360.26
1658,Zudio Kids Kids Shirts #1658,Kids,Shirts,Zudio Kids,1676.03
1659,Zudio Trend Kids Shoes #1659,Kids,Shoes,Zudio Trend,1795.94
1660,Zudio Kids Kids Jeans #1660,Kids,Jeans,Zudio Kids,1981.29
1661,Zudio Denim Men Shoes #1661,Men,Shoes,Zudio Denim,780.23
1662,Zudio Basics Men Jackets #1662,Men,Jackets,Zudio Basics,2287.6
1663,Zudio Active Kids Pants #1663,KIDS,Pants,Zudio Active,2095.97
1664,Zudio Active Women Dresses #1664,Women,Dresses,Zudio Active,514.74
1665,Zudio Trend Men Jackets #1665,Men,Jackets,Zudio Trend,2447.85
1666,Zudio Kids Women Shirts #1666,Women,Shirts,Zudio Kids,2404.04
1667,Zudio Kids Women Jackets #1667,Women,Jackets,Zudio Kids,1163.3
1668,Zudio Kids Kids Tops #1668,Kids,Tops,Zudio Kids,2109.28
1669,Zudio Trend Women Skirts #1669,Women,Skirts,Zudio Trend,897.29
1670,Zudio Kids Women Pants #1670,Women,Pants,Zudio Kids,1635.57
1671,Zudio Kids Men Shirts #1671,Men,Shirts,Zudio Kids,504.65
1672,Zudio Basics Women T-shirts #1672,Women,T-shirts,Zudio Basics,1362.63
1673,Zudio Active Kids Shoes #1673,Kids,Shoes,Zudio Active,656.19
1674,Zudio Denim Men Dresses #1674,men,Dresses,Zudio Denim,1044.92
1675,Zudio Kids Men Jeans #1675,Men,Jeans,Zudio Kids,2120.93
1676,Zudio Denim Women Shirts #1676,Women,Shirts,Zudio Denim,2355.4
1677,Zudio Kids Women Sweaters #1677,Women,Sweaters,Zudio Kids,1342.65
1678,Zudio Basics Women Shoes #1678,Women,Shoes,Zudio Basics,595.4
1679,Zudio Active Kids Sweaters #1679,Kids,Sweaters,Zudio Active,1741.43
1680,Zudio Active Kids Jackets #1680,Kids,Jackets,Zudio Active,981.81
1681,Zudio Kids Kids T-shirts #1681,Kids,T-shirts,Zudio Kids,483.82
1682,Zudio Basics Women Skirts #1682,Women,Skirts,Zudio Basics,2067.16
1683,Zudio Denim Women Pants #1683,Women,Pants,Zudio Denim,561.63
1684,Zudio Denim Women Tops #1684,Women,Tops,Zudio Denim,1256.4
1685,Zudio Denim Men Sweaters #1685,Men,Sweaters,Zudio Denim,588.96
1686,Zudio Active Kids Sweaters #1686,kids,Sweaters,Zudio Active,2371.47
1687,Zudio Basics Women Dresses #1687,Women,Dresses,Zudio Basics,1482.69
1688,Zudio Basics Kids Dresses #1688,Kids,Dresses,Zudio Basics,1632.86
1689,Zudio Kids Women Jackets #1689,Women,Jackets,Zudio Kids,897.7
1690,Zudio Denim Kids Shoes #1690,Kids,Shoes,Zudio Denim,1887.83
1691,Zudio Denim Men Skirts #1691,Men,Skirts,Zudio Denim,1719.38
1692,Zudio Trend Women Sweaters #1692,Women,Sweaters,Zudio Trend,1266.78
1693,Zudio Basics Kids Skirts #1693,Kids,Skirts,Zudio Basics,1141.47
1694,Zudio Active Women Shirts #1694,Women,Shirts,Zudio Active,1213.55
1695,Zudio Trend Men T-shirts #1695,MEN,T-shirts,Zudio Trend,325.63
1696,Zudio Denim Kids Sweaters #1696,Kids,Sweaters,Zudio Denim,2374.24
1697,Zudio Active Women T-shirts #1697,Women,T-shirts,Zudio Active,2258.19
1698,Zudio Trend Men Sweaters #1698,Men,Sweaters,Zudio Trend,848.44
1699,Zudio Trend Kids Skirts #1699,Kids,Skirts,Zudio Trend,1545.12
1700,Zudio Denim Men Dresses #1700,Men,Dresses,Zudio Denim,485.61
1701,Zudio Active Kids Hoodies #1701,Kids,Hoodies,Zudio Active,2183.1
1702,Zudio Kids Men Jeans #1702,Men,Jeans,Zudio Kids,830.18
1703,Zudio Kids Kids Tops #1703,Kids,Tops,Zudio Kids,1809.37
1704,Zudio Active Men Pants #1704,Men,Pants,Zudio Active,-1759.91
1705,Zudio Trend Kids Sweaters #1705,Kids,Sweaters,Zudio Trend,537.03
1706,Zudio Active Men Shoes #1706,Men,Shoes,Zudio Active,1167.89
1707,Zudio Denim Women Shoes #1707,Women,Shoes,Zudio Denim,1678.05
1708,Zudio Trend Women Dresses #1708,Women,Dresses,Zudio Trend,2497.81
1709,Zudio Denim Kids Skirts #1709,Kids,Skirts,Zudio Denim,2394.41
1710,Zudio Trend Women Skirts #1710,Women,Skirts,Zudio Trend,1396.69
1711,Zudio Trend Men Sweaters #1711,Men,Sweaters,Zudio Trend,2003.51
1712,Zudio Active Men Skirts #1712,Men,Skirts,Zudio Active,2277.77
1713,Zudio Active Kids Tops #1713,Kids,Tops,Zudio Active,2245.31
1714,Zudio Active Men T-shirts #1714,Men,T-shirts,Zudio Active,559.89
1715,Zudio Active Men Jeans #1715,Men,Jeans,Zudio Active,2144.99
1716,Zudio Active Kids Jackets #1716,Kids,Jackets,Zudio Active,1650.07
1717,Zudio Kids Kids Dresses #1717,Kids,Dresses,Zudio Kids,1779.38
1718,Zudio Kids Men Tops #1718,Men,Tops,Zudio Kids,2048.68
1719,Zudio Basics Kids Jackets #1719,Kids,Jackets,Zudio Basics,2065.56
1720,Zudio Active Kids Shirts #1720,Kids,Shirts,Zudio Active,846.65
1721,Zudio Kids Women Hoodies #1721,Women,Hoodies,Zudio Kids,1723.26
1722,Zudio Active Men Hoodies #1722,Men,Hoodies,Zudio Active,531.88
1723,Zudio Denim Women Jeans #1723,Women,Jeans,Zudio Denim,713.51
1724,Zudio Active Men Pants #1724,Men,Pants,Zudio Active,1977.62
1725,Zudio Trend Men Jackets #1725,Men,Jackets,Zudio Trend,-755.72
1726,Zudio Basics Men Sweaters #1726,Men,Sweaters,Zudio Basics,1962.49
1727,Zudio Active Men Tops #1727,Men,Tops,Zudio Active,2011.1
1728,Zudio Denim Men Sweaters #1728,Men,Sweaters,Zudio Denim,1651.28
1729,Zudio Kids Women Tops #1729,Women,Tops,Zudio Kids,488.62
1730,Zudio Basics Kids Sweaters #1730,Kids,Sweaters,Zudio Basics,1811.76
1731,Zudio Trend Women T-shirts #1731,Women,T-shirts,Zudio Trend,1380.45
1732,Zudio Denim Kids Hoodies #1732,Kids,Hoodies,Zudio Denim,878.24
1733,Zudio Kids Women Skirts #1733,Women,Skirts,Zudio Kids,536.54
1734,Zudio Kids Kids Shoes #1734,Kids,Shoes,Zudio Kids,1356.93
1735,Zudio Kids Women Jeans #1735,  Women  ,Jeans,Zudio Kids,893.33
1736,Zudio Active Kids Jeans #1736,Kids,Jeans,Zudio Active,481.79
1737,Zudio Denim Kids Tops #1737,Kids,Tops,Zudio Denim,1258.44
1738,Zudio Kids Women Shoes #1738,Women,Shoes,Zudio Kids,329.11
1739,Zudio Denim Women Hoodies #1739,Women,Hoodies,Zudio Denim,793.89
1740,Zudio Active Men Hoodies #1740,Men,Hoodies,Zudio Active,369.75
1741,Zudio Trend Women Jackets #1741,Women,Jackets,Zudio Trend,493.7
1742,Zudio Trend Women Shirts #1742,Women,Shirts,Zudio Trend,1169.93
1743,Zudio Trend Women Shoes #1743,Women,Shoes,Zudio Trend,2235.88
1744,Zudio Kids Kids Dresses #1744,Kids,Dresses,Zudio Kids,1325.0
1745,Zudio Basics Kids Dresses #1745,Kids,Dresses,Zudio Basics,924.44
1746,Zudio Denim Men T-shirts #1746,Men,T-shirts,Zudio Denim,1406.35
1747,Zudio Active Men Tops #1747,Men,Tops,Zudio Active,1588.76
1748,Zudio Trend Kids T-shirts #1748,Kids,T-shirts,Zudio Trend,2078.48
1749,Zudio Kids Kids Sweaters #1749,Kids,Sweaters,Zudio Kids,1262.18
1750,Zudio Denim Kids Dresses #1750,Kids,Dresses,Zudio Denim,772.0
1751,Zudio Active Kids Tops #1751,Kids,Tops,Zudio Active,1574.82
1752,Zudio Active Men Skirts #1752,Men,Skirts,Zudio Active,2062.81
1753,Zudio Trend Women Shoes #1753,Women,Shoes,Zudio Trend,434.81
1754,Zudio Trend Kids Jackets #1754,Kids,Jackets,Zudio Trend,879.6
1755,Zudio Active Men Jackets #1755,Men,Jackets,Zudio Active,2399.82
1756,Zudio Basics Men Hoodies #1756,Men,Hoodies,Zudio Basics,611.59
1757,Zudio Active Kids Tops #1757,Kids,Tops,Zudio Active,599.06
1758,Zudio Denim Kids Sweaters #1758,Kids,Sweaters,Zudio Denim,2244.07
1759,Zudio Denim Men Jeans #1759,Men,Jeans,Zudio Denim,-2191.96
1760,Zudio Trend Men Tops #1760,Men,Tops,Zudio Trend,896.57
1761,Zudio Trend Women Tops #1761,Women,Tops,Zudio Trend,1594.33
1762,Zudio Kids Kids Skirts #1762,Kids,Skirts,Zudio Kids,1469.82
1763,Zudio Basics Women Tops #1763,Women,Tops,Zudio Basics,343.49
1764,Zudio Denim Women Jeans #1764,Women,Jeans,Zudio Denim,1740.27
1765,Zudio Active Kids Jackets #1765,Kids,Jackets,Zudio Active,738.55
1766,Zudio Trend Men Shirts #1766,Men,Shirts,Zudio Trend,2240.6
1767,Zudio Kids Men Hoodies #1767,Men,Hoodies,Zudio Kids,622.86
1768,Zudio Active Women Shirts #1768,Women,Shirts,Zudio Active,1430.07
1769,Zudio Basics Women Hoodies #1769,Women,Hoodies,Zudio Basics,972.2
1770,Zudio Active Kids Sweaters #1770,Kids,Sweaters,Zudio Active,1724.66
1771,Zudio Kids Kids Pants #1771,Kids,Pants,Zudio Kids,911.23
1772,Zudio Trend Women Hoodies #1772,Women,Hoodies,Zudio Trend,2059.35
1773,Zudio Trend Women Tops #1773,Women,Tops,Zudio Trend,1405.14
1774,Zudio Denim Women Shoes #1774,Women,Shoes,Zudio Denim,2093.92
1775,Zudio Denim Kids Sweaters #1775,Kids,Sweaters,Zudio Denim,2077.34
1776,Zudio Kids Women Hoodies #1776,Women,Hoodies,Zudio Kids,1040.83
1777,Zudio Active Women Shirts #1777,Women,Shirts,Zudio Active,611.45
1778,Zudio Kids Men Hoodies #1778,Men,Hoodies,Zudio Kids,569.88
1779,Zudio Denim Kids Sweaters #1779,Kids,Sweaters,Zudio Denim,932.8
1780,Zudio Basics Women Pants #1780,Women,Pants,Zudio Basics,1405.6
1781,Zudio Kids Men Shirts #1781,Men,Shirts,Zudio Kids,1307.98
1782,Zudio Trend Kids Pants #1782,Kids,Pants,Zudio Trend,1895.71
1783,Zudio Trend Kids Sweaters #1783,Kids,Sweaters,Zudio Trend,-2277.39
1784,Zudio Denim Men Jackets #1784,Men,Jackets,Zudio Denim,1491.34
1785,Zudio Trend Men Shirts #1785,Men,Shirts,Zudio Trend,1367.13
1786,Zudio Kids Kids Shoes #1786,Kids,Shoes,Zudio Kids,1834.29
1787,Zudio Denim Men Hoodies #1787,Men,Hoodies,Zudio Denim,826.26
1788,Zudio Denim Women Jackets #1788,Women,Jackets,Zudio Denim,1072.81
1789,Zudio Trend Kids Jackets #1789,Kids,Jackets,Zudio Trend,1796.0
1790,Zudio Denim Men Jeans #1790,Men,Jeans,Zudio Denim,1550.36
1791,Zudio Trend Men T-shirts #1791,  Men  ,T-shirts,Zudio Trend,984.91
1792,Zudio Trend Kids Hoodies #1792,Kids,Hoodies,Zudio Trend,1959.63
1793,Zudio Kids Kids Pants #1793,Kids,Pants,Zudio Kids,2059.43
1794,Zudio Active Men Shoes #1794,Men,Shoes,Zudio Active,334.41
1795,Zudio Denim Women Tops #1795,Women,Tops,Zudio Denim,1050.85
1796,Zudio Active Men Shoes #1796,Men,Shoes,Zudio Active,394.28
1797,Zudio Basics Men Shoes #1797,Men,Shoes,Zudio Basics,2349.12
1798,Zudio Active Kids Sweaters #1798,Kids,Sweaters,Zudio Active,1834.23
1799,Zudio Denim Men Dresses #1799,Men,Dresses,Zudio Denim,1191.77
1800,Zudio Active Women Shirts #1800,Women,Shirts,Zudio Active,304.83
1801,Zudio Denim Men Tops #1801,Men,Tops,Zudio Denim,461.61
1802,Zudio Active Men Shoes #1802,Men,Shoes,Zudio Active,1476.68
1803,Zudio Denim Men Jeans #1803,Men,Jeans,Zudio Denim,2063.18
1804,Zudio Kids Men Shirts #1804,Men,Shirts,Zudio Kids,670.93
1805,Zudio Basics Women Hoodies #1805,Women,Hoodies,Zudio Basics,1362.52
1806,Zudio Active Kids Jeans #1806,Kids,Jeans,Zudio Active,511.82
1807,Zudio Basics Women Tops #1807,Women,Tops,Zudio Basics,955.53
1808,Zudio Denim Women T-shirts #1808,Women,T-shirts,Zudio Denim,1601.53
1809,Zudio Trend Men Pants #1809,Men,Pants,Zudio Trend,764.24
1810,Zudio Trend Women Hoodies #1810,Women,Hoodies,Zudio Trend,1801.09
1811,Zudio Basics Kids Skirts #1811,Kids,Skirts,Zudio Basics,442.53
1812,Zudio Trend Kids Skirts #1812,Kids,Skirts,Zudio Trend,1949.32
1813,Zudio Kids Kids Shoes #1813,Kids,Shoes,Zudio Kids,458.1
1814,Zudio Basics Men Hoodies #1814,MEN,Hoodies,Zudio Basics,1474.35
1815,Zudio Denim Men Shoes #1815,Men,Shoes,Zudio Denim,1387.27
1816,Zudio Basics Women Sweaters #1816,Women,Sweaters,Zudio Basics,1718.54
1817,Zudio Denim Women Jackets #1817,Women,Jackets,Zudio Denim,919.76
1818,Zudio Denim Men Skirts #1818,Men,Skirts,Zudio Denim,307.08
1819,Zudio Active Kids Jackets #1819,Kids,Jackets,Zudio Active,1279.12
1820,Zudio Active Kids Jeans #1820,Kids,Jeans,Zudio Active,1811.92
1821,Zudio Basics Men Tops #1821,Men,Tops,Zudio Basics,661.67
1822,Zudio Active Women Shirts #1822,Women,Shirts,Zudio Active,774.17
1823,Zudio Trend Men Pants #1823,Men,Pants,Zudio Trend,1648.36
1824,Zudio Denim Kids Sweaters #1824,Kids,Sweaters,Zudio Denim,1119.93
1825,Zudio Trend Men Dresses #1825,Men,Dresses,Zudio Trend,488.46
1826,Zudio Active Men Shoes #1826,Men,Shoes,Zudio Active,
1827,Zudio Active Kids Tops #1827,Kids,Tops,Zudio Active,1664.55
1828,Zudio Active Women Shoes #1828,Women,Shoes,Zudio Active,1581.17
1829,Zudio Kids Kids Pants #1829,Kids,Pants,Zudio Kids,1598.74
1830,Zudio Trend Kids Tops #1830,Kids,Tops,Zudio Trend,1387.27
1831,Zudio Denim Women Jeans #1831,Women,Jeans,Zudio Denim,1183.41
1832,Zudio Trend Men Tops #1832,Men,Tops,Zudio Trend,2234.44
1833,Zudio Trend Women Jeans #1833,Women,Jeans,Zudio Trend,1558.13
1834,Zudio Trend Women Jeans #1834,Women,Jeans,Zudio Trend,765.88
1835,Zudio Kids Kids Tops #1835,Kids,Tops,Zudio Kids,1236.31
1836,Zudio Denim Women Shoes #1836,women,Shoes,Zudio Denim,2281.8
1837,Zudio Kids Kids Jackets #1837,Kids,Jackets,Zudio Kids,839.5
1838,Zudio Denim Kids Pants #1838,Kids,Pants,Zudio Denim,557.61
1839,Zudio Denim Women Dresses #1839,Women,Dresses,Zudio Denim,1946.84
1840,Zudio Basics Men Jeans #1840,Men,Jeans,Zudio Basics,1931.76
1841,Zudio Denim Kids Tops #1841,Kids,Tops,Zudio Denim,666.38
1842,Zudio Active Women Hoodies #1842,Women,Hoodies,Zudio Active,2125.42
1843,Zudio Denim Women Skirts #1843,Women,Skirts,Zudio Denim,1609.71
1844,Zudio Trend Kids Shoes #1844,Kids,Shoes,Zudio Trend,1204.52
1845,Zudio Kids Women Shirts #1845,Women,Shirts,Zudio Kids,1052.12
1846,Zudio Denim Men Jeans #1846,Men,Jeans,Zudio Denim,1274.43
1847,Zudio Active Men Tops #1847,Men,Tops,Zudio Active,1366.2
1848,Zudio Active Kids Tops #1848,Kids,Tops,Zudio Active,1055.95
1849,Zudio Trend Women Jackets #1849,Women,Jackets,Zudio Trend,2369.74
1850,Zudio Basics Men Dresses #1850,Men,Dresses,Zudio Basics,1412.66
1851,Zudio Trend Women Pants #1851,Women,Pants,Zudio Trend,2069.2
1852,Zudio Basics Women Hoodies #1852,Women,Hoodies,Zudio Basics,1672.56
1853,Zudio Kids Kids Sweaters #1853,Kids,Sweaters,Zudio Kids,1656.71
1854,Zudio Trend Men Jackets #1854,Men,Jackets,Zudio Trend,1768.58
1855,Zudio Active Kids Dresses #1855,Kids,Dresses,Zudio Active,2150.88
1856,Zudio Kids Women Hoodies #1856,Women,Hoodies,Zudio Kids,1289.69
1857,Zudio Active Women Skirts #1857,Women,Skirts,Zudio Active,1958.66
1858,Zudio Kids Women Shirts #1858,Women,Shirts,Zudio Kids,1841.96
1859,Zudio Kids Kids Shoes #1859,Kids,Shoes,Zudio Kids,748.01
1860,Zudio Denim Women Tops #1860,women,Tops,Zudio Denim,827.03
1861,Zudio Denim Women T-shirts #1861,WOMEN,T-shirts,Zudio Denim,1426.9
1862,Zudio Kids Kids Hoodies #1862,Kids,Hoodies,Zudio Kids,1324.01
1863,Zudio Denim Women Tops #1863,Women,Tops,Zudio Denim,1167.24
1864,Zudio Trend Men Pants #1864,Men,Pants,Zudio Trend,2452.88
1865,Zudio Trend Kids Sweaters #1865,Kids,Sweaters,Zudio Trend,771.1
1866,Zudio Denim Women Hoodies #1866,Women,Hoodies,Zudio Denim,1096.01
1867,Zudio Denim Men Skirts #1867,Men,Skirts,Zudio Denim,-892.66
1868,Zudio Trend Women Tops #1868,Women,Tops,Zudio Trend,1844.51
1869,Zudio Trend Women Sweaters #1869,WOMEN,Sweaters,Zudio Trend,1468.06
1870,Zudio Kids Kids Shirts #1870,Kids,Shirts,Zudio Kids,1161.44
1871,Zudio Denim Men Dresses #1871,Men,Dresses,Zudio Denim,2183.03
1872,Zudio Kids Women Jeans #1872,Women,Jeans,Zudio Kids,2166.36
1873,Zudio Denim Women T-shirts #1873,Women,T-shirts,Zudio Denim,1251.26
1874,Zudio Kids Women Jackets #1874,Women,Jackets,Zudio Kids,1263.66
1875,Zudio Trend Kids Shoes #1875,Kids,Shoes,Zudio Trend,2496.37
1876,Zudio Basics Women Pants #1876,Women,Pants,Zudio Basics,2025.26
1877,Zudio Active Men Shirts #1877,Men,Shirts,Zudio Active,1681.92
1878,Zudio Trend Kids Shoes #1878,Kids,Shoes,Zudio Trend,1045.28
1879,Zudio Kids Women Pants #1879,Women,Pants,Zudio Kids,1913.17
1880,Zudio Active Women Shirts #1880,WOMEN,Shirts,Zudio Active,1297.94
1881,Zudio Kids Kids Pants #1881,Kids,Pants,Zudio Kids,2428.2
1882,Zudio Trend Women Jeans #1882,Women,Jeans,Zudio Trend,2145.31
1883,Zudio Trend Kids Jackets #1883,Kids,Jackets,Zudio Trend,1436.52
1884,Zudio Active Kids Skirts #1884,Kids,Skirts,Zudio Active,848.92
1885,Zudio Basics Kids Dresses #1885,Kids,Dresses,Zudio Basics,2118.15
1886,Zudio Active Kids Dresses #1886,Kids,Dresses,Zudio Active,941.95
1887,Zudio Denim Men Hoodies #1887,Men,Hoodies,Zudio Denim,0.0
1888,Zudio Basics Women Jeans #1888,Women,Jeans,Zudio Basics,1437.3
1889,Zudio Active Kids Jackets #1889,Kids,Jackets,Zudio Active,2076.27
1890,Zudio Kids Kids Shoes #1890,Kids,Shoes,Zudio Kids,1848.97
1891,Zudio Kids Women Hoodies #1891,Women,Hoodies,Zudio Kids,527.09
1892,Zudio Kids Women Jackets #1892,Women,Jackets,Zudio Kids,0.0
1893,Zudio Trend Kids Skirts #1893,Kids,Skirts,Zudio Trend,1360.96
1894,Zudio Trend Kids Hoodies #1894,Kids,Hoodies,Zudio Trend,1451.98
1895,Zudio Basics Men Pants #1895,Men,Pants,Zudio Basics,1584.33
1896,Zudio Denim Kids Hoodies #1896,Kids,Hoodies,Zudio Denim,843.34
1897,Zudio Basics Men Skirts #1897,Men,Skirts,Zudio Basics,1416.16
1898,Zudio Trend Women Jeans #1898,Women,Jeans,Zudio Trend,2405.06
1899,Zudio Kids Women Tops #1899,Women,Tops,Zudio Kids,2296.3
1900,Zudio Active Women Skirts #1900,Women,Skirts,Zudio Active,1281.45
1901,Zudio Trend Women Pants #1901,Women,Pants,Zudio Trend,1053.97
1902,Zudio Basics Women Sweaters #1902,Women,Sweaters,Zudio Basics,1284.31
1903,Zudio Active Kids Skirts #1903,Kids,Skirts,Zudio Active,851.79
1904,Zudio Trend Women Sweaters #1904,Women,Sweaters,Zudio Trend,957.35
1905,Zudio Basics Kids Pants #1905,Kids,Pants,Zudio Basics,858.43
1906,Zudio Trend Kids Shoes #1906,Kids,Shoes,Zudio Trend,567.34
1907,Zudio Kids Men Jeans #1907,Men,Jeans,Zudio Kids,2040.99
1908,Zudio Active Kids Sweaters #1908,Kids,Sweaters,Zudio Active,1448.14
1909,Zudio Active Women Sweaters #1909,Women,Sweaters,Zudio Active,902.04
1910,Zudio Denim Men Dresses #1910,Men,Dresses,Zudio Denim,490.72
1911,Zudio Basics Women Skirts #1911,Women,Skirts,Zudio Basics,2014.34
1912,Zudio Active Women Hoodies #1912,Women,Hoodies,Zudio Active,781.62
1913,Zudio Trend Women Dresses #1913,Women,Dresses,Zudio Trend,0.0
1914,Zudio Active Kids Skirts #1914,Kids,Skirts,Zudio Active,1201.89
1915,Zudio Denim Kids Shoes #1915,Kids,Shoes,Zudio Denim,445.29
1916,Zudio Active Men T-shirts #1916,Men,T-shirts,Zudio Active,2481.83
1917,Zudio Active Kids Tops #1917,Kids,Tops,Zudio Active,1716.24
1918,Zudio Trend Men Sweaters #1918,Men,Sweaters,Zudio Trend,2410.53
1919,Zudio Kids Men Hoodies #1919,Men,Hoodies,Zudio Kids,1304.55
1920,Zudio Basics Men Shoes #1920,Men,Shoes,Zudio Basics,332.61
1921,Zudio Kids Men Jeans #1921,Men,Jeans,Zudio Kids,1787.43
1922,Zudio Trend Kids Jeans #1922,Kids,Jeans,Zudio Trend,1626.33
1923,Zudio Active Men Shirts #1923,Men,Shirts,Zudio Active,626.54
1924,Zudio Denim Men Pants #1924,Men,Pants,Zudio Denim,750.66
1925,Zudio Kids Women Shoes #1925,Women,Shoes,Zudio Kids,576.24
1926,Zudio Active Women Shirts #1926,Women,Shirts,Zudio Active,2287.96
1927,Zudio Trend Women Shirts #1927,Women,Shirts,Zudio Trend,0.0
1928,Zudio Active Men Tops #1928,Men,Tops,Zudio Active,2439.36
1929,Zudio Trend Kids Pants #1929,Kids,Pants,Zudio Trend,776.06
1930,Zudio Basics Women Jeans #1930,Women,Jeans,Zudio Basics,2014.33
1931,Zudio Denim Women Jackets #1931,Women,Jackets,Zudio Denim,532.49
1932,Zudio Basics Men Jeans #1932,Men,Jeans,Zudio Basics,462.57
1933,Zudio Active Men Hoodies #1933,Men,Hoodies,Zudio Active,302.09
1934,Zudio Kids Kids Jeans #1934,Kids,Jeans,Zudio Kids,2415.6
1935,Zudio Kids Kids Jackets #1935,Kids,Jackets,Zudio Kids,1598.42
1936,Zudio Kids Kids Hoodies #1936,Kids,Hoodies,Zudio Kids,1149.86
1937,Zudio Kids Women Skirts #1937,Women,Skirts,Zudio Kids,1781.25
1938,Zudio Active Kids Dresses #1938,Kids,Dresses,Zudio Active,1561.52
1939,Zudio Basics Kids Hoodies #1939,Kids,Hoodies,Zudio Basics,1748.78
1940,Zudio Basics Kids Pants #1940,Kids,Pants,Zudio Basics,565.55
1941,Zudio Kids Kids Jackets #1941,Kids,Jackets,Zudio Kids,325.35
1942,Zudio Basics Kids Dresses #1942,Kids,Dresses,Zudio Basics,590.43
1943,Zudio Active Kids Sweaters #1943,Kids,Sweaters,Zudio Active,2487.44
1944,Zudio Trend Women Tops #1944,Women,Tops,Zudio Trend,2257.02
1945,Zudio Denim Men Jeans #1945,Men,Jeans,Zudio Denim,2414.02
1946,Zudio Trend Kids Skirts #1946,Kids,Skirts,Zudio Trend,1950.76
1947,Zudio Trend Kids Shoes #1947,Kids,Shoes,Zudio Trend,455.22
1948,Zudio Kids Kids Sweaters #1948,Kids,Sweaters,Zudio Kids,2211.01
1949,Zudio Kids Women Dresses #1949,Women,Dresses,Zudio Kids,509.58
1950,Zudio Basics Kids Shirts #1950,Kids,Shirts,Zudio Basics,2041.9
1951,Zudio Kids Kids Sweaters #1951,Kids,Sweaters,Zudio Kids,808.61
1952,Zudio Trend Kids Tops #1952,Kids,Tops,Zudio Trend,
1953,Zudio Denim Women Pants #1953,Women,Pants,Zudio Denim,349.71
1954,Zudio Kids Kids Skirts #1954,Kids,Skirts,Zudio Kids,760.17
1955,Zudio Trend Men Jackets #1955,Men,Jackets,Zudio Trend,819.5
1956,Zudio Denim Men Dresses #1956,Men,Dresses,Zudio Denim,2282.17
1957,Zudio Basics Kids Jackets #1957,  Kids  ,Jackets,Zudio Basics,2415.46
1958,Zudio Denim Men Pants #1958,Men,Pants,Zudio Denim,1578.74
1959,Zudio Kids Kids Shirts #1959,Kids,Shirts,Zudio Kids,1215.68
1960,Zudio Basics Kids Dresses #1960,Kids,Dresses,Zudio Basics,1686.42
1961,Zudio Active Kids Shoes #1961,Kids,Shoes,Zudio Active,564.16
1962,Zudio Basics Women Pants #1962,Women,Pants,Zudio Basics,1306.26
1963,Zudio Active Men Hoodies #1963,Men,Hoodies,Zudio Active,1984.59
1964,Zudio Active Kids Dresses #1964,Kids,Dresses,Zudio Active,2320.1
1965,Zudio Kids Kids Skirts #1965,Kids,Skirts,Zudio Kids,829.07
1966,Zudio Active Men Hoodies #1966,Men,Hoodies,Zudio Active,2133.02
1967,Zudio Denim Women Sweaters #1967,Women,Sweaters,Zudio Denim,1825.48
1968,Zudio Basics Women Sweaters #1968,Women,Sweaters,Zudio Basics,1477.04
1969,Zudio Basics Women Hoodies #1969,Women,Hoodies,Zudio Basics,2030.41
1970,Zudio Kids Kids Dresses #1970,Kids,Dresses,Zudio Kids,2100.62
1971,Zudio Kids Women Jackets #1971,  Women  ,Jackets,Zudio Kids,1289.69
1972,Zudio Active Kids Jeans #1972,Kids,Jeans,Zudio Active,1035.94
1973,Zudio Denim Men Hoodies #1973,Men,Hoodies,Zudio Denim,852.51
1974,Zudio Kids Women T-shirts #1974,Women,T-shirts,Zudio Kids,387.21
1975,Zudio Kids Women Pants #1975,Women,Pants,Zudio Kids,748.75
1976,Zudio Active Men Pants #1976,Men,Pants,Zudio Active,717.65
1977,Zudio Denim Men Skirts #1977,Men,Skirts,Zudio Denim,452.11
1978,Zudio Basics Men Jackets #1978,Men,Jackets,Zudio Basics,581.06
1979,Zudio Denim Women Sweaters #1979,Women,Sweaters,Zudio Denim,702.51
1980,Zudio Trend Kids Shoes #1980,Kids,Shoes,Zudio Trend,948.41
1981,Zudio Basics Men Hoodies #1981,Men,Hoodies,Zudio Basics,631.11
1982,Zudio Denim Women Dresses #1982,WOMEN,Dresses,Zudio Denim,328.01
1983,Zudio Denim Women Shirts #1983,Women,Shirts,Zudio Denim,1985.58
1984,Zudio Denim Women Jeans #1984,Women,Jeans,Zudio Denim,1927.74
1985,Zudio Trend Kids Hoodies #1985,Kids,Hoodies,Zudio Trend,1457.86
1986,Zudio Kids Kids Dresses #1986,Kids,Dresses,Zudio Kids,1169.7
1987,Zudio Active Women Skirts #1987,Women,Skirts,Zudio Active,1259.83
1988,Zudio Basics Kids Dresses #1988,Kids,Dresses,Zudio Basics,486.1
1989,Zudio Basics Kids Pants #1989,Kids,Pants,Zudio Basics,781.79
1990,Zudio Active Men Dresses #1990,Men,Dresses,Zudio Active,2037.17
1991,Zudio Denim Kids Pants #1991,Kids,Pants,Zudio Denim,1741.51
1992,Zudio Kids Kids Shoes #1992,Kids,Shoes,Zudio Kids,1437.11
1993,Zudio Kids Women T-shirts #1993,Women,T-shirts,Zudio Kids,496.95
1994,Zudio Active Kids Dresses #1994,Kids,Dresses,Zudio Active,1623.41
1995,Zudio Active Kids Pants #1995,Kids,Pants,Zudio Active,1375.37
1996,Zudio Trend Women Shirts #1996,Women,Shirts,Zudio Trend,1891.44
1997,Zudio Basics Men Jackets #1997,Men,Jackets,Zudio Basics,2438.97
1998,Zudio Active Men Pants #1998,Men,Pants,Zudio Active,2170.06
1999,Zudio Kids Men Hoodies #1999,Men,Hoodies,Zudio Kids,2330.04
2000,Zudio Trend Kids Shirts #2000,Kids,Shirts,Zudio Trend,
208,Zudio Active Men Hoodies #208,Men,Hoodies,Zudio Active,931.55
757,Zudio Active Men Jackets #757,Men,Jackets,Zudio Active,2464.61
290,Zudio Denim Kids Tops #290,Kids,Tops,Zudio Denim,1614.62
1693,Zudio Basics Kids Skirts #1693,Kids,Skirts,Zudio Basics,1141.47
867,Zudio Trend Men Pants #867,Men,Pants,Zudio Trend,923.3
