store_id,store_name,city,state,tier,phone,email,open_date,selling_area_sqft,staff_count
1,Zudio - Rajkot Mall 1,Rajkot,Gujarat,2,9322855666,store1@zudio.in,2018-02-18,3112,22
2,Zudio - Kolkata Mall 2,Kolkata,West Bengal,3,8445813310,store2@zudio.in,2018-08-22,3000,12
3,Zudio - Noida Central 3,Noida,Uttar Pradesh,2,9525735062,store3@zudio.in,2026-01-14,2709,32
4,Zudio - Udaipur Central 4,Udaipur,Rajasthan,3,7745920608,store4@zudio.in,2022-12-03,4298,32
5,Zudio - Pune Mall 5,Pune,Maharashtra,2,,store5@zudio.in,2023-02-18,2302,13
6,Zudio - Tiruchirapalli Central 6,Tiruchirapalli,Tamil Nadu,3,9025466268,store6@zudio.in,2019-01-24,3484,14
7,Zudio - Ahmedabad Mall 7,Ahmedabad,Gujarat,1,9088962546,store7@zudio.in,2023-12-11,4236,34
8,Zudio - Hubli Central 8,Hubli,Karnataka,3,9771239916,store8@zudio.in,2021-07-29,3168,22
9,Zudio - Durgapur Central 9,Durgapur,West Bengal,1,8702840370,store9@zudio.in,2025-09-06,3479,25
10,Zudio - Rohini Central 10,Rohini,Delhi,2,8714256624,store10@zudio.in,2023-08-12,2451,10
11,Zudio - Agra Central 11,Agra,Uttar Pradesh,2,9713743345,store11@zudio.in,2021-09-23,3468,19
12,Zudio - Kolhapur Central 12,  Kolhapur  ,Maharashtra,2,7866236749,store12@zudio.in,2021-04-22,2953,25
13,Zudio - Surat Mall 13,Surat,Gujarat,1,7515876908,store13@zudio.in,2026-01-19,2665,24
14,Zudio - Kolhapur Mall 14,Kolhapur,Maharashtra,2,9285722868,store14@zudio.in,2021-02-18,4165,24
15,Zudio - Mysuru Central 15,Mysuru,Karnataka,2,8467012753,store15@zudio.in,2025-06-11,2069,29
16,Zudio - Rohini Mall 16,Rohini,Delhi,3,9902760270,store16@zudio.in,2025-06-13,1630,20
17,Zudio - Mysuru Central 17,Mysuru,Karnataka,3,8114877308,store17@zudio.in,2020-07-24,3507,24
18,Zudio - Howrah Central 18,Howrah,West Bengal,2,8039452924,store18@zudio.in,2020-06-05,3175,13
19,Zudio - Jodhpur Mall 19,Jodhpur,Rajasthan,2,9283391508,store19@zudio.in,2018-07-22,3956,27
20,Zudio - Nagpur Central 20,Nagpur,Maharashtra,2,9109243067,store20@zudio.in,2018-01-01,2599,9
21,Zudio - Mysuru Central 21,Mysuru,Karnataka,3,9191147378,store21@zudio.in,2025-09-30,2402,25
22,Zudio - Nagpur Mall 22,Nagpur,Maharashtra,1,8074128299,store22@zudio.in,2023-03-22,3462,22
23,Zudio - Durgapur Central 23,Durgapur,West Bengal,2,9511912198,store23@zudio.in,2022-02-22,2688,30
24,Zudio - Ghaziabad Central 24,Ghaziabad,Uttar Pradesh,2,7584343772,store24@zudio.in,2022-04-01,2993,29
25,Zudio - Pune Mall 25,Pune,Maharashtra,1,9247378670,store25@zudio.in,2026-02-10,2239,13
26,Zudio - Mangaluru Central 26,Mangaluru,Karnataka,2,8825158694,store26@zudio.in,2018-07-23,3965,23
27,Zudio - Lucknow Central 27,Lucknow,Uttar Pradesh,2,7729794664,store27@zudio.in,2018-08-15,2294,21
28,Zudio - Jodhpur Central 28,Jodhpur,Rajasthan,2,8504095967,store28@zudio.in,2023-07-20,3660,25
29,Zudio - Salem Mall 29,Salem,Tamil Nadu,1,9345250009,store29@zudio.in,2023-01-27,3631,9
30,Zudio - Howrah Mall 30,Howrah,West Bengal,3,9850247473,store30@zudio.in,2018-01-31,3100,25
31,Zudio - Noida Central 31,Noida,Uttar Pradesh,2,8647979609,store31@zudio.in,2025-01-22,3762,34
32,Zudio - Durgapur Mall 32,Durgapur,West Bengal,2,7838996359,store32@zudio.in,2023-09-14,3793,13
33,Zudio - New Delhi Central 33,New Delhi,Delhi,1,7854658539,store33@zudio.in,2026-01-13,2589,13
34,Zudio - Rohini Central 34,Rohini,Delhi,3,8853733384,store34@zudio.in,2025-09-23,2398,25
35,Zudio - Bengaluru Central 35,Bengaluru,Karnataka,2,7390844162,store35@zudio.in,2022-03-03,3884,24
36,Zudio - Salem Central 36,Salem,Tamil Nadu,3,9786949385,store36@zudio.in,2021-11-16,2659,24
37,Zudio - Siliguri Mall 37,Siliguri,West Bengal,2,9257617837,store37@zudio.in,2021-07-30,2209,25
38,Zudio - Aurangabad Mall 38,Aurangabad,Maharashtra,2,7143714384,store38@zudio.in,2021-06-23,4516,34
39,Zudio - Howrah Central 39,Howrah,West Bengal,3,8850695836,store39@zudio.in,2021-01-15,4423,19
40,Zudio - Dwarka Central 40,Dwarka,Delhi,3,9774785415,store40@zudio.in,2018-03-01,1294,22
41,Zudio - Howrah Mall 41,Howrah,West Bengal,3,9836014829,store41@zudio.in,2018-05-24,3031,16
42,Zudio - Varanasi Central 42,Varanasi,Uttar Pradesh,3,9831420476,store42@zudio.in,2022-02-16,4804,34
43,Zudio - Bengaluru Mall 43,Bengaluru,Karnataka,2,8864477951,store43@zudio.in,2018-07-12,3467,19
44,Zudio - Varanasi Central 44,Varanasi,Uttar Pradesh,2,9109977013,store44@zudio.in,2020-11-14,3600,29
45,Zudio - Kolhapur Central 45,Kolhapur,Maharashtra,3,9575490590,store45@zudio.in,2019-12-04,2828,23
46,Zudio - Nashik Central 46,Nashik,Maharashtra,3,7877880271,store46@zudio.in,2025-02-14,2518,17
47,Zudio - Bengaluru Central 47,Bengaluru,Karnataka,2,9983983173,store47@zudio.in,2018-09-09,3046,17
48,Zudio - Coimbatore Mall 48,Coimbatore,Tamil Nadu,2,7419421033,store48@zudio.in,2025-09-27,4035,14
49,Zudio - Jodhpur Mall 49,Jodhpur,Rajasthan,2,7833316885,store49@zudio.in,2021-01-28,2850,22
50,Zudio - Hubli Central 50,Hubli,Karnataka,2,7049614946,store50@zudio.in,2024-03-19,3028,15
51,Zudio - Howrah Central 51,Howrah,West Bengal,2,9979490930,store51@zudio.in,2020-07-18,2780,29
52,Zudio - Rajkot Mall 52,Rajkot,Gujarat,1,7623568376,store52@zudio.in,2022-01-20,3055,28
53,Zudio - Ahmedabad Mall 53,Ahmedabad,Gujarat,2,9565625966,store53@zudio.in,2019-05-26,1897,9
54,Zudio - Surat Mall 54,Surat,Gujarat,1,9817074944,store54@zudio.in,2021-05-30,4002,29
55,Zudio - Nashik Central 55,Nashik,Maharashtra,3,9787680365,store55@zudio.in,2023-12-06,3503,20
56,Zudio - Pune Mall 56,Pune,Maharashtra,2,8808332372,store56@zudio.in,2024-12-18,3283,27
57,Zudio - Udaipur Central 57,Udaipur,Rajasthan,3,7260114741,,2018-11-27,3718,19
58,Zudio - Ahmedabad Central 58,ahmedabad,Gujarat,2,9869952873,store58@zudio.in,2020-01-18,3389,30
59,Zudio - Kolhapur Mall 59,Kolhapur,Maharashtra,2,8393032747,store59@zudio.in,2023-03-21,2985,8
60,Zudio - Bengaluru Mall 60,Bengaluru,Karnataka,1,7079369275,store60@zudio.in,2021-07-10,3414,27
61,Zudio - Vadodara Mall 61,Vadodara,Gujarat,2,9011881374,store61@zudio.in,2024-02-13,2323,21
62,Zudio - Kolkata Central 62,Kolkata,West Bengal,3,7315266119,store62@zudio.in,2024-07-17,2219,10
63,Zudio - Delhi Central 63,Delhi,Delhi,2,8048544467,store63@zudio.in,2022-05-11,4016,14
64,Zudio - Hubli Central 64,Hubli,Karnataka,1,8814055532,store64@zudio.in,2024-05-24,2764,30
65,Zudio - Jodhpur Central 65,Jodhpur,Rajasthan,2,9481735100,store65@zudio.in,2024-01-01,3498,14
66,Zudio - Madurai Mall 66,Madurai,Tamil Nadu,2,7711398403,store66@zudio.in,2025-08-06,3482,8
67,Zudio - Mumbai Mall 67,Mumbai,Maharashtra,2,9113436736,store67@zudio.in,2025-03-13,2475,28
68,Zudio - Jaipur Central 68,Jaipur,Rajasthan,1,7208075706,store68@zudio.in,2026-01-22,3694,18
69,Zudio - Bengaluru Central 69,Bengaluru,Karnataka,2,7315577129,store69@zudio.in,2018-10-17,2787,12
70,Zudio - Rohini Central 70,Rohini,Delhi,2,8965971594,store70@zudio.in,2019-04-27,0,18
71,Zudio - Jaipur Central 71,Jaipur,Rajasthan,2,8048319612,store71@zudio.in,2020-01-15,2847,16
72,Zudio - Mangaluru Mall 72,Mangaluru,Karnataka,3,8888976388,store72@zudio.in,2024-10-16,3567,31
73,Zudio - New Delhi Central 73,New Delhi,Delhi,3,8710083188,store73@zudio.in,2021-11-25,3522,9
74,Zudio - Howrah Central 74,Howrah,West Bengal,2,7887069453,store74@zudio.in,2023-03-31,3366,31
75,Zudio - Bengaluru Mall 75,Bengaluru,Karnataka,2,8705177923,store75@zudio.in,2019-09-18,2046,9
76,Zudio - Bengaluru Mall 76,Bengaluru,Karnataka,1,9894617427,store76@zudio.in,2019-03-21,3822,23
77,Zudio - Bengaluru Central 77,BENGALURU,Karnataka,3,9625325123,store77@zudio.in,2019-05-22,3639,14
78,Zudio - Nashik Central 78,Nashik,Maharashtra,1,9058515916,store78@zudio.in,2021-08-23,3040,11
79,Zudio - Nashik Central 79,Nashik,Maharashtra,1,9889716108,store79@zudio.in,2024-03-15,4806,13
80,Zudio - Ghaziabad Central 80,Ghaziabad,Uttar Pradesh,1,8998150070,store80@zudio.in,2021-05-28,3926,20
81,Zudio - Tiruchirapalli Mall 81,Tiruchirapalli,Tamil Nadu,1,7186844620,store81@zudio.in,2019-06-04,2482,28
82,Zudio - Udaipur Central 82,Udaipur,Rajasthan,3,7499971629,store82@zudio.in,2024-03-06,0,27
83,Zudio - Ahmedabad Central 83,Ahmedabad,Gujarat,2,7286561645,store83@zudio.in,2024-09-28,2810,34
84,Zudio - Aurangabad Mall 84,Aurangabad,Maharashtra,2,8595835311,store84@zudio.in,2025-11-07,0,27
85,Zudio - Howrah Central 85,Howrah,West Bengal,2,8024538703,store85@zudio.in,2022-04-26,2213,33
86,Zudio - Durgapur Mall 86,Durgapur,West Bengal,3,8418325481,store86@zudio.in,2025-09-25,3655,23
87,Zudio - Varanasi Mall 87,Varanasi,Uttar Pradesh,1,7736317611,store87@zudio.in,2020-03-11,3767,26
88,Zudio - Surat Mall 88,Surat,Gujarat,3,8964897294,store88@zudio.in,2019-07-18,3562,20
89,Zudio - Siliguri Central 89,siliguri,West Bengal,1,7914671689,store89@zudio.in,2023-05-11,2573,32
90,Zudio - Lucknow Mall 90,Lucknow,Uttar Pradesh,2,9843935471,store90@zudio.in,2023-02-20,1855,24
91,Zudio - Jaipur Mall 91,Jaipur,Rajasthan,2,9116087817,store91@zudio.in,2023-05-08,3470,16
92,Zudio - Delhi Central 92,Delhi,Delhi,2,9084673999,store92@zudio.in,2023-01-06,2551,8
93,Zudio - Hubli Mall 93,Hubli,Karnataka,3,7297152987,store93@zudio.in,2024-10-12,1694,8
94,Zudio - Hubli Central 94,Hubli,Karnataka,3,8134643719,store94@zudio.in,2020-11-12,2730,15
95,Zudio - Dwarka Central 95,Dwarka,Delhi,2,7287166698,store95@zudio.in,2022-04-23,3283,30
96,Zudio - Tiruchirapalli Central 96,Tiruchirapalli,Tamil Nadu,2,8444490585,store96@zudio.in,2024-11-01,3200,24
97,Zudio - Chennai Central 97,Chennai,Tamil Nadu,1,7439451215,store97@zudio.in,2024-10-30,3724,14
98,Zudio - Siliguri Central 98,Siliguri,West Bengal,1,9391057702,store98@zudio.in,2019-10-03,2451,15
99,Zudio - Rajkot Central 99,Rajkot,Gujarat,2,7114076218,store99@zudio.in,2018-06-08,2879,18
100,Zudio - Kota Mall 100,Kota,Rajasthan,3,8442315582,store100@zudio.in,2020-02-23,5440,20
101,Zudio - Mysuru Central 101,Mysuru,Karnataka,3,7285377049,store101@zudio.in,2019-05-26,3940,17
102,Zudio - Aurangabad Central 102,Aurangabad,Maharashtra,1,9229669618,store102@zudio.in,2021-12-30,3098,22
103,Zudio - Udaipur Central 103,Udaipur,Rajasthan,2,9216936757,store103@zudio.in,2023-01-12,2450,33
104,Zudio - Kanpur Central 104,Kanpur,Uttar Pradesh,2,9971376997,store104@zudio.in,2020-11-03,3156,27
105,Zudio - Dwarka Central 105,Dwarka,Delhi,1,9745868949,store105@zudio.in,2021-03-20,5291,9
106,Zudio - Rajkot Central 106,Rajkot,Gujarat,1,8849888007,store106@zudio.in,2022-01-11,2331,19
107,Zudio - Nashik Mall 107,Nashik,Maharashtra,2,9917389651,store107@zudio.in,2023-09-02,3078,29
108,Zudio - Varanasi Mall 108,Varanasi,Uttar Pradesh,1,8361378763,store108@zudio.in,2020-02-22,2016,29
109,Zudio - Ahmedabad Mall 109,Ahmedabad,Gujarat,2,9598561202,store109@zudio.in,2021-03-14,2714,9
110,Zudio - Durgapur Central 110,Durgapur,West Bengal,1,8289677707,store110@zudio.in,2023-10-30,3214,12
111,Zudio - Mangaluru Mall 111,Mangaluru,Karnataka,3,7228247170,store111@zudio.in,2022-10-12,2525,33
112,Zudio - Rajkot Central 112,Rajkot,Gujarat,3,8823939710,store112@zudio.in,2018-12-01,2609,20
113,Zudio - Kanpur Mall 113,Kanpur,Uttar Pradesh,3,7853540116,store113@zudio.in,2024-03-13,2462,18
114,Zudio - Kanpur Central 114,Kanpur,Uttar Pradesh,2,9501141644,store114@zudio.in,2024-04-06,3210,21
115,Zudio - Aurangabad Central 115,Aurangabad,Maharashtra,1,8194418198,store115@zudio.in,2025-06-10,5053,27
116,Zudio - Varanasi Mall 116,Varanasi,Uttar Pradesh,1,9151398718,store116@zudio.in,2021-04-05,3144,17
117,Zudio - New Delhi Mall 117,New Delhi,Delhi,2,8353441983,store117@zudio.in,2021-02-18,1200,8
118,Zudio - Chennai Central 118,Chennai,Tamil Nadu,1,8664717051,store118@zudio.in,2024-11-20,3937,18
119,Zudio - Durgapur Mall 119,Durgapur,West Bengal,1,7481893334,store119@zudio.in,2021-07-07,3382,14
120,Zudio - Howrah Central 120,Howrah,West Bengal,2,8983134156,store120@zudio.in,2021-02-05,2764,13
121,Zudio - Nagpur Central 121,Nagpur,Maharashtra,3,9022580328,store121@zudio.in,2019-11-21,2997,20
122,Zudio - Dwarka Central 122,Dwarka,Delhi,3,9201536680,store122@zudio.in,2022-10-16,3807,24
123,Zudio - Pune Central 123,Pune,Maharashtra,2,7645219498,store123@zudio.in,2018-02-22,4255,16
124,Zudio - Dwarka Central 124,Dwarka,Delhi,1,,store124@zudio.in,2018-04-25,3328,17
125,Zudio - Coimbatore Central 125,Coimbatore,Tamil Nadu,1,8947272613,store125@zudio.in,2022-08-25,2636,21
126,Zudio - Coimbatore Central 126,Coimbatore,Tamil Nadu,3,9273894132,store126@zudio.in,2019-05-19,2290,21
127,Zudio - Varanasi Mall 127,  Varanasi  ,Uttar Pradesh,2,9723720644,store127@zudio.in,2024-08-22,3369,31
128,Zudio - New Delhi Mall 128,New Delhi,Delhi,2,7764553888,store128@zudio.in,2019-11-06,4205,23
129,Zudio - Ghaziabad Central 129,Ghaziabad,Uttar Pradesh,1,8519572371,store129@zudio.in,2022-11-01,2952,9
130,Zudio - Kolkata Mall 130,Kolkata,West Bengal,2,9717841815,store130@zudio.in,2019-06-24,4320,13
131,Zudio - Dwarka Mall 131,Dwarka,Delhi,2,7444162638,store131@zudio.in,2023-11-01,2127,26
132,Zudio - Nagpur Central 132,Nagpur,Maharashtra,3,9952791165,store132@zudio.in,2022-12-05,3937,28
133,Zudio - Kota Central 133,Kota,Rajasthan,3,9158743941,store133@zudio.in,2022-01-06,3124,16
134,Zudio - Tiruchirapalli Central 134,Tiruchirapalli,Tamil Nadu,2,9046793344,store134@zudio.in,2019-03-06,3592,25
135,Zudio - Tiruchirapalli Central 135,Tiruchirapalli,Tamil Nadu,2,7905567804,store135@zudio.in,2021-07-25,4093,8
136,Zudio - Udaipur Central 136,Udaipur,Rajasthan,2,7565941201,store136@zudio.in,2022-03-14,4165,12
137,Zudio - Jodhpur Central 137,Jodhpur,Rajasthan,2,9600434832,store137@zudio.in,2023-12-18,4046,17
138,Zudio - Nagpur Central 138,Nagpur,Maharashtra,1,,store138@zudio.in,2018-02-15,3573,34
139,Zudio - Udaipur Mall 139,Udaipur,Rajasthan,2,7634230570,store139@zudio.in,2018-01-23,4952,32
140,Zudio - Durgapur Central 140,Durgapur,West Bengal,2,8016970112,store140@zudio.in,2019-08-11,2792,25
141,Zudio - New Delhi Central 141,New Delhi,Delhi,2,8081653072,store141@zudio.in,2018-03-05,2814,23
142,Zudio - Nagpur Mall 142,Nagpur,Maharashtra,2,7401448380,store142@zudio.in,2020-04-07,4183,31
143,Zudio - Nashik Central 143,Nashik,Maharashtra,3,8179380621,store143@zudio.in,2022-09-26,2915,33
144,Zudio - Kolhapur Mall 144,Kolhapur,Maharashtra,2,8043315299,store144@zudio.in,2025-12-22,4190,31
145,Zudio - Chennai Central 145,CHENNAI,Tamil Nadu,2,9587987790,store145@zudio.in,2024-01-18,3872,13
146,Zudio - Ghaziabad Central 146,Ghaziabad,Uttar Pradesh,1,7654270669,store146@zudio.in,2019-12-30,3634,30
147,Zudio - Delhi Mall 147,Delhi,Delhi,1,7769765771,store147@zudio.in,2018-11-05,3194,12
148,Zudio - Delhi Mall 148,DELHI,Delhi,3,7379537925,store148@zudio.in,2023-05-15,2956,32
149,Zudio - Dwarka Mall 149,Dwarka,Delhi,2,9160399384,store149@zudio.in,2020-08-20,3101,13
150,Zudio - Nashik Central 150,Nashik,Maharashtra,1,7769468960,store150@zudio.in,2024-12-27,4293,11
151,Zudio - Rohini Mall 151,Rohini,Delhi,3,9501377567,store151@zudio.in,2020-03-21,2780,11
152,Zudio - Vadodara Mall 152,Vadodara,Gujarat,2,7983882513,store152@zudio.in,2024-08-28,4034,20
153,Zudio - Lucknow Central 153,Lucknow,Uttar Pradesh,3,9263413050,store153@zudio.in,2022-07-28,1529,10
154,Zudio - Ahmedabad Central 154,Ahmedabad,Gujarat,2,8802821667,store154@zudio.in,2025-10-06,3846,32
155,Zudio - Dwarka Central 155,Dwarka,Delhi,1,9398819132,store155@zudio.in,2020-11-11,3575,22
156,Zudio - Aurangabad Central 156,Aurangabad,Maharashtra,1,9173070507,store156@zudio.in,2023-02-23,4087,11
157,Zudio - Lucknow Central 157,Lucknow,Uttar Pradesh,3,8261397839,store157@zudio.in,2026-01-28,4524,34
158,Zudio - Pune Mall 158,Pune,Maharashtra,3,8444276535,store158@zudio.in,2025-05-18,1660,10
159,Zudio - Mangaluru Central 159,Mangaluru,Karnataka,1,9354155468,store159@zudio.in,2025-08-19,4269,32
160,Zudio - Chennai Mall 160,Chennai,Tamil Nadu,2,9752334488,store160@zudio.in,2018-11-20,3292,24
161,Zudio - Pune Mall 161,Pune,Maharashtra,3,7264617845,store161@zudio.in,2018-09-06,3433,12
162,Zudio - Dwarka Central 162,Dwarka,Delhi,2,9636873497,store162@zudio.in,2022-06-04,3615,24
163,Zudio - Mangaluru Mall 163,Mangaluru,Karnataka,1,8148046165,store163@zudio.in,2024-01-21,1200,11
164,Zudio - Delhi Mall 164,Delhi,Delhi,3,9217531358,store164@zudio.in,2023-09-08,2501,31
165,Zudio - Jaipur Central 165,Jaipur,Rajasthan,2,8139935481,store165@zudio.in,2019-05-14,3838,28
166,Zudio - Mysuru Mall 166,Mysuru,Karnataka,3,8478966250,store166@zudio.in,2022-02-03,4540,14
167,Zudio - Rohini Mall 167,Rohini,Delhi,2,9024938705,store167@zudio.in,2020-09-22,4462,16
168,Zudio - Noida Mall 168,Noida,Uttar Pradesh,2,8016582976,store168@zudio.in,2019-11-03,3660,11
169,Zudio - Howrah Mall 169,Howrah,West Bengal,1,7162396033,store169@zudio.in,2024-12-20,3780,15
170,Zudio - Nashik Central 170,Nashik,Maharashtra,1,7685120134,store170@zudio.in,2018-12-03,4302,29
171,Zudio - Ghaziabad Mall 171,Ghaziabad,Uttar Pradesh,3,9080278583,store171@zudio.in,2022-11-12,4084,22
172,Zudio - Pune Central 172,Pune,Maharashtra,1,9133816085,store172@zudio.in,2025-12-20,3775,15
173,Zudio - New Delhi Mall 173,New Delhi,Delhi,3,8163030573,store173@zudio.in,2024-03-04,4089,19
174,Zudio - Ahmedabad Mall 174,Ahmedabad,Gujarat,1,8328788246,store174@zudio.in,2024-04-22,3790,21
175,Zudio - Delhi Mall 175,Delhi,Delhi,2,9467216474,store175@zudio.in,2019-02-14,3011,15
176,Zudio - Rohini Central 176,Rohini,Delhi,3,8482261592,store176@zudio.in,2020-12-19,4323,10
177,Zudio - Howrah Central 177,Howrah,West Bengal,1,8252997063,store177@zudio.in,2024-01-28,3344,17
178,Zudio - Hubli Central 178,Hubli,Karnataka,2,8662486904,store178@zudio.in,2024-07-13,2685,15
179,Zudio - Coimbatore Mall 179,Coimbatore,Tamil Nadu,3,7896376568,store179@zudio.in,2018-11-24,2024,24
180,Zudio - Mysuru Central 180,Mysuru,Karnataka,3,9347142021,store180@zudio.in,2024-10-09,3820,26
181,Zudio - Kota Mall 181,Kota,Rajasthan,1,,store181@zudio.in,2018-08-12,3071,25
182,Zudio - Howrah Mall 182,Howrah,West Bengal,2,8316816947,store182@zudio.in,2019-03-25,3464,9
183,Zudio - Agra Central 183,Agra,Uttar Pradesh,1,8076188340,store183@zudio.in,2019-08-07,3197,22
184,Zudio - Rohini Mall 184,Rohini,Delhi,3,8468851794,store184@zudio.in,2018-08-29,1827,29
185,Zudio - Durgapur Central 185,Durgapur,West Bengal,2,8843311781,store185@zudio.in,2018-02-27,2629,16
186,Zudio - Hubli Central 186,Hubli,Karnataka,2,7625816948,store186@zudio.in,2024-09-28,3371,25
187,Zudio - Coimbatore Mall 187,Coimbatore,Tamil Nadu,1,9651530714,,2024-05-01,4626,25
188,Zudio - Kota Mall 188,Kota,Rajasthan,1,8857136171,store188@zudio.in,2019-11-18,2294,28
189,Zudio - Hubli Mall 189,Hubli,Karnataka,2,8254087676,store189@zudio.in,2020-06-26,1704,34
190,Zudio - Chennai Central 190,Chennai,Tamil Nadu,1,8433997682,store190@zudio.in,2023-04-19,2869,29
191,Zudio - Udaipur Central 191,Udaipur,Rajasthan,2,7510797857,store191@zudio.in,2024-08-12,2215,13
192,Zudio - Jaipur Mall 192,Jaipur,Rajasthan,3,7204559950,store192@zudio.in,2018-10-18,3712,27
193,Zudio - Aurangabad Mall 193,Aurangabad,Maharashtra,3,8029217346,,2019-10-06,2600,31
194,Zudio - Howrah Mall 194,Howrah,West Bengal,2,7521418346,store194@zudio.in,2020-10-27,2035,18
195,Zudio - Dwarka Central 195,Dwarka,Delhi,2,8947215078,store195@zudio.in,2018-08-18,3791,12
196,Zudio - Hubli Central 196,Hubli,Karnataka,2,7330521541,store196@zudio.in,2021-12-19,2773,31
197,Zudio - Kanpur Mall 197,Kanpur,Uttar Pradesh,2,9897130588,store197@zudio.in,2024-01-17,3435,19
198,Zudio - Delhi Mall 198,Delhi,Delhi,1,8869963470,store198@zudio.in,2025-08-21,4714,14
199,Zudio - Durgapur Mall 199,Durgapur,West Bengal,2,7401957489,store199@zudio.in,2024-01-15,3390,12
200,Zudio - Jodhpur Central 200,Jodhpur,Rajasthan,2,7873646851,store200@zudio.in,2024-02-29,3350,10
201,Zudio - Nashik Mall 201,Nashik,Maharashtra,2,9716946114,store201@zudio.in,2020-05-19,3828,22
202,Zudio - Kanpur Mall 202,Kanpur,Uttar Pradesh,1,8197454957,store202@zudio.in,2022-03-14,3602,27
203,Zudio - Durgapur Mall 203,Durgapur,West Bengal,1,8502653946,store203@zudio.in,2018-06-29,3346,33
204,Zudio - Kota Mall 204,Kota,Rajasthan,2,7113246680,store204@zudio.in,2025-09-09,2436,20
205,Zudio - Tiruchirapalli Central 205,Tiruchirapalli,Tamil Nadu,1,8194747566,store205@zudio.in,2018-11-14,4000,10
206,Zudio - Howrah Central 206,Howrah,West Bengal,2,7814782573,store206@zudio.in,2025-09-04,5062,26
207,Zudio - Dwarka Mall 207,Dwarka,Delhi,2,7434660298,store207@zudio.in,2024-02-05,4473,24
208,Zudio - Siliguri Central 208,Siliguri,West Bengal,3,7716495699,store208@zudio.in,2023-06-01,4837,23
209,Zudio - Agra Central 209,Agra,Uttar Pradesh,2,9704515362,store209@zudio.in,2019-12-11,2940,23
210,Zudio - Lucknow Mall 210,Lucknow,Uttar Pradesh,1,7748128050,store210@zudio.in,2021-05-17,3790,11
211,Zudio - New Delhi Central 211,New Delhi,Delhi,2,7304247898,store211@zudio.in,2019-07-24,1976,12
212,Zudio - Surat Central 212,Surat,Gujarat,1,8576948490,store212@zudio.in,2022-12-31,1782,31
213,Zudio - Noida Mall 213,Noida,Uttar Pradesh,2,7300673610,store213@zudio.in,2020-07-06,4063,19
214,Zudio - Madurai Mall 214,Madurai,Tamil Nadu,3,7990758118,store214@zudio.in,2020-04-28,3081,19
215,Zudio - Ghaziabad Mall 215,Ghaziabad,Uttar Pradesh,2,8873019716,store215@zudio.in,2018-09-19,3134,13
216,Zudio - Tiruchirapalli Mall 216,Tiruchirapalli,Tamil Nadu,3,8106879612,store216@zudio.in,2023-03-10,3112,29
217,Zudio - Jaipur Mall 217,Jaipur,Rajasthan,3,7413076300,store217@zudio.in,2022-10-03,3706,24
218,Zudio - Coimbatore Central 218,Coimbatore,Tamil Nadu,2,7439421445,store218@zudio.in,2018-10-09,2397,29
219,Zudio - Aurangabad Mall 219,Aurangabad,Maharashtra,3,7314916604,store219@zudio.in,2022-11-03,2512,12
220,Zudio - Dwarka Central 220,Dwarka,Delhi,3,7395783209,store220@zudio.in,2018-12-19,3526,15
221,Zudio - Agra Central 221,Agra,Uttar Pradesh,1,8960418648,store221@zudio.in,2019-06-14,2619,16
222,Zudio - Jaipur Central 222,Jaipur,Rajasthan,2,9616855533,store222@zudio.in,2023-11-30,3618,18
223,Zudio - Mumbai Central 223,Mumbai,Maharashtra,3,7340914314,store223@zudio.in,2021-06-07,2497,18
224,Zudio - Mangaluru Mall 224,Mangaluru,Karnataka,2,8767633740,store224@zudio.in,2023-10-16,2989,14
225,Zudio - Bengaluru Mall 225,Bengaluru,Karnataka,2,8251426105,store225@zudio.in,2022-01-28,2751,27
226,Zudio - Nagpur Mall 226,Nagpur,Maharashtra,3,7555920613,store226@zudio.in,2018-12-31,2369,18
227,Zudio - Tiruchirapalli Mall 227,Tiruchirapalli,Tamil Nadu,3,8135552150,store227@zudio.in,2025-03-06,4333,32
228,Zudio - Nagpur Mall 228,Nagpur,Maharashtra,2,7589553698,store228@zudio.in,2018-12-24,3933,11
229,Zudio - Rajkot Mall 229,Rajkot,Gujarat,2,7558393720,store229@zudio.in,2022-03-31,2291,19
230,Zudio - Vadodara Central 230,Vadodara,Gujarat,1,9029663896,store230@zudio.in,2019-01-15,2701,12
231,Zudio - Varanasi Mall 231,Varanasi,Uttar Pradesh,2,8959465649,store231@zudio.in,2018-06-23,2580,17
232,Zudio - Chennai Mall 232,Chennai,Tamil Nadu,2,7266085747,,2023-01-30,2547,26
233,Zudio - Mumbai Central 233,Mumbai,Maharashtra,2,9743026614,store233@zudio.in,2021-04-21,3284,9
234,Zudio - Kolhapur Mall 234,Kolhapur,Maharashtra,2,8586384028,store234@zudio.in,2024-04-17,3791,34
235,Zudio - Vadodara Mall 235,Vadodara,Gujarat,3,8380994511,store235@zudio.in,2021-11-01,2456,28
236,Zudio - Nagpur Mall 236,Nagpur,Maharashtra,3,9921078250,store236@zudio.in,2022-07-16,1990,23
237,Zudio - Dwarka Central 237,  Dwarka  ,Delhi,1,8581529540,store237@zudio.in,2019-05-05,3580,25
238,Zudio - Kota Central 238,Kota,Rajasthan,1,7322553635,store238@zudio.in,2020-03-22,3343,15
239,Zudio - Varanasi Mall 239,Varanasi,Uttar Pradesh,2,8322947544,store239@zudio.in,2023-03-09,3420,28
240,Zudio - Lucknow Central 240,Lucknow,Uttar Pradesh,2,9314225709,store240@zudio.in,2025-07-01,3704,15
241,Zudio - Mysuru Central 241,Mysuru,Karnataka,3,9839445464,store241@zudio.in,2025-03-31,3012,27
242,Zudio - Mangaluru Central 242,Mangaluru,Karnataka,1,9098338150,store242@zudio.in,2021-02-06,3304,10
243,Zudio - Aurangabad Central 243,Aurangabad,Maharashtra,2,9499098109,store243@zudio.in,2022-12-25,2317,27
244,Zudio - Nagpur Central 244,Nagpur,Maharashtra,3,7451355673,store244@zudio.in,2019-11-29,5073,15
245,Zudio - Aurangabad Central 245,Aurangabad,Maharashtra,3,9752033785,store245@zudio.in,2018-07-11,2488,15
246,Zudio - Ahmedabad Central 246,Ahmedabad,Gujarat,3,7168777598,store246@zudio.in,2018-02-17,4059,29
247,Zudio - Kanpur Mall 247,Kanpur,Uttar Pradesh,2,8059713282,store247@zudio.in,2018-10-09,3228,8
248,Zudio - Rajkot Mall 248,Rajkot,Gujarat,1,8757868052,store248@zudio.in,2021-03-07,4301,23
249,Zudio - Surat Mall 249,Surat,Gujarat,3,7955349884,store249@zudio.in,2019-12-26,4065,29
250,Zudio - Kolkata Central 250,Kolkata,West Bengal,2,8487063521,store250@zudio.in,2020-09-08,1846,29
251,Zudio - Bengaluru Mall 251,Bengaluru,Karnataka,2,7776791244,store251@zudio.in,2021-09-01,4347,17
252,Zudio - Rajkot Mall 252,Rajkot,Gujarat,3,7643326247,store252@zudio.in,2024-10-08,3882,11
253,Zudio - Howrah Central 253,Howrah,West Bengal,3,8834873573,store253@zudio.in,2025-05-07,2354,14
254,Zudio - Kota Mall 254,Kota,Rajasthan,2,7839910647,store254@zudio.in,2023-02-25,2122,13
255,Zudio - Mumbai Mall 255,Mumbai,Maharashtra,2,8746967117,store255@zudio.in,2018-02-18,2794,11
256,Zudio - Jaipur Central 256,Jaipur,Rajasthan,1,9246866987,store256@zudio.in,2018-09-29,4811,10
257,Zudio - Howrah Central 257,Howrah,West Bengal,2,8242735175,store257@zudio.in,2025-09-23,4004,11
258,Zudio - Siliguri Mall 258,Siliguri,West Bengal,1,9791820157,store258@zudio.in,2022-03-30,2988,29
259,Zudio - Durgapur Mall 259,Durgapur,West Bengal,3,8831841168,store259@zudio.in,2024-12-23,4398,27
260,Zudio - Aurangabad Central 260,Aurangabad,Maharashtra,3,9898588322,store260@zudio.in,2021-12-20,1969,13
261,Zudio - Salem Mall 261,Salem,Tamil Nadu,1,8039021271,store261@zudio.in,2019-07-10,2789,11
262,Zudio - Mangaluru Central 262,Mangaluru,Karnataka,1,7468591578,store262@zudio.in,2021-01-13,3018,20
263,Zudio - Mysuru Central 263,Mysuru,Karnataka,3,9953526157,store263@zudio.in,2023-07-29,2608,11
264,Zudio - Mysuru Central 264,Mysuru,Karnataka,2,9668131073,store264@zudio.in,2024-08-11,0,17
265,Zudio - Lucknow Central 265,Lucknow,Uttar Pradesh,1,9130610807,store265@zudio.in,2019-07-05,4025,26
266,Zudio - Kanpur Mall 266,Kanpur,Uttar Pradesh,2,9242835493,store266@zudio.in,2023-04-13,3773,23
267,Zudio - Kota Mall 267,Kota,Rajasthan,3,7134815857,store267@zudio.in,2020-06-18,3613,9
268,Zudio - Varanasi Mall 268,Varanasi,Uttar Pradesh,2,8175631486,store268@zudio.in,2021-06-18,1909,24
269,Zudio - Jodhpur Central 269,Jodhpur,Rajasthan,3,7367712785,store269@zudio.in,2022-03-05,4319,22
270,Zudio - Mangaluru Central 270,Mangaluru,Karnataka,2,7867710997,store270@zudio.in,2021-04-05,3586,30
271,Zudio - Mumbai Central 271,Mumbai,Maharashtra,2,9273536061,store271@zudio.in,2020-10-22,2935,34
272,Zudio - Jaipur Central 272,Jaipur,Rajasthan,2,9228138570,store272@zudio.in,2023-06-17,2522,25
273,Zudio - Rohini Mall 273,Rohini,Delhi,2,9946634677,store273@zudio.in,2018-11-18,2363,14
274,Zudio - Agra Central 274,Agra,Uttar Pradesh,2,8180348299,store274@zudio.in,2021-09-10,2411,15
275,Zudio - Kolhapur Mall 275,Kolhapur,Maharashtra,3,7949831499,store275@zudio.in,2022-09-29,2572,27
276,Zudio - Mysuru Mall 276,Mysuru,Karnataka,2,9223270287,,2020-05-20,2381,34
277,Zudio - Mysuru Central 277,Mysuru,Karnataka,2,9395180147,store277@zudio.in,2019-10-12,4057,14
278,Zudio - Dwarka Central 278,Dwarka,Delhi,1,8243440999,store278@zudio.in,2018-08-27,3506,9
279,Zudio - Mysuru Central 279,Mysuru,Karnataka,1,,store279@zudio.in,2024-10-23,4360,30
280,Zudio - Rohini Mall 280,Rohini,Delhi,2,8681255082,store280@zudio.in,2019-10-23,5676,18
281,Zudio - Howrah Central 281,Howrah,West Bengal,2,9736979685,store281@zudio.in,2019-10-10,3114,20
282,Zudio - Chennai Central 282,Chennai,Tamil Nadu,3,7765483265,store282@zudio.in,2019-02-23,4497,8
283,Zudio - Siliguri Mall 283,Siliguri,West Bengal,1,7303210388,,2019-11-02,4129,24
284,Zudio - Howrah Central 284,Howrah,West Bengal,1,8249465736,store284@zudio.in,2025-02-13,4321,27
285,Zudio - Jaipur Mall 285,Jaipur,Rajasthan,3,9584859222,store285@zudio.in,2018-06-11,2687,33
286,Zudio - Rajkot Central 286,Rajkot,Gujarat,1,9496922736,store286@zudio.in,2018-06-29,3202,30
287,Zudio - Varanasi Mall 287,Varanasi,Uttar Pradesh,2,7054082879,store287@zudio.in,2023-10-01,2704,20
288,Zudio - Dwarka Mall 288,Dwarka,Delhi,2,8003767851,store288@zudio.in,2018-11-11,4182,20
289,Zudio - Chennai Central 289,Chennai,Tamil Nadu,2,7885386598,store289@zudio.in,2026-02-05,3711,13
290,Zudio - Dwarka Central 290,Dwarka,Delhi,2,9016215702,store290@zudio.in,2024-04-01,1843,27
291,Zudio - Jaipur Mall 291,Jaipur,Rajasthan,2,9340115977,store291@zudio.in,2019-04-28,2515,9
292,Zudio - Kota Central 292,Kota,Rajasthan,2,7114284000,store292@zudio.in,2018-10-07,4533,16
293,Zudio - Kolkata Central 293,Kolkata,West Bengal,3,9049530396,store293@zudio.in,2024-07-20,3169,17
294,Zudio - Tiruchirapalli Central 294,Tiruchirapalli,Tamil Nadu,2,8251856354,store294@zudio.in,2023-01-14,4189,9
295,Zudio - Siliguri Central 295,Siliguri,West Bengal,3,9169545556,store295@zudio.in,2023-07-10,1495,23
296,Zudio - Noida Central 296,Noida,Uttar Pradesh,1,9552045884,store296@zudio.in,2020-05-10,3484,33
297,Zudio - Salem Central 297,Salem,Tamil Nadu,2,7067789807,store297@zudio.in,2022-06-11,3816,26
298,Zudio - Dwarka Mall 298,Dwarka,Delhi,2,9248424451,store298@zudio.in,2024-07-13,2881,23
299,Zudio - New Delhi Central 299,New Delhi,Delhi,1,9517438391,store299@zudio.in,2024-10-08,2987,23
300,Zudio - Jaipur Mall 300,Jaipur,Rajasthan,2,9823966197,store300@zudio.in,2023-12-21,3039,10
301,Zudio - Hubli Central 301,Hubli,Karnataka,2,9951379637,store301@zudio.in,2025-04-22,3366,17
302,Zudio - Mysuru Central 302,Mysuru,Karnataka,1,9842681238,store302@zudio.in,2022-06-08,3146,33
303,Zudio - Lucknow Central 303,Lucknow,Uttar Pradesh,3,9047670121,store303@zudio.in,2023-05-14,3804,17
304,Zudio - Aurangabad Central 304,Aurangabad,Maharashtra,1,9390096293,store304@zudio.in,2023-05-18,1763,23
305,Zudio - Mangaluru Central 305,Mangaluru,Karnataka,2,8435533986,store305@zudio.in,2025-06-19,3691,19
306,Zudio - Kota Mall 306,Kota,Rajasthan,3,7673792376,store306@zudio.in,2020-10-16,4094,11
307,Zudio - Udaipur Central 307,Udaipur,Rajasthan,2,7632857252,store307@zudio.in,2021-02-23,4243,30
308,Zudio - Kanpur Central 308,Kanpur,Uttar Pradesh,3,8536624152,store308@zudio.in,2023-06-21,3560,26
309,Zudio - Kolhapur Central 309,Kolhapur,Maharashtra,2,9974789699,store309@zudio.in,2018-08-25,4036,16
310,Zudio - Hubli Central 310,Hubli,Karnataka,2,8053566720,store310@zudio.in,2021-10-28,2643,8
311,Zudio - Durgapur Central 311,Durgapur,West Bengal,2,8017437147,store311@zudio.in,2024-02-07,3911,13
312,Zudio - Agra Central 312,Agra,Uttar Pradesh,2,8852827290,store312@zudio.in,2024-01-03,2116,16
313,Zudio - Varanasi Mall 313,Varanasi,Uttar Pradesh,2,7356138393,store313@zudio.in,2018-11-07,4714,32
314,Zudio - Varanasi Central 314,Varanasi,Uttar Pradesh,2,8873715245,store314@zudio.in,2025-04-20,2899,21
315,Zudio - Jodhpur Central 315,Jodhpur,Rajasthan,2,8194792334,store315@zudio.in,2019-05-14,2353,22
316,Zudio - Rohini Central 316,Rohini,Delhi,2,7169115963,store316@zudio.in,2023-01-13,2269,13
317,Zudio - Varanasi Central 317,Varanasi,Uttar Pradesh,1,9534653608,store317@zudio.in,2018-08-20,3869,30
318,Zudio - Bengaluru Mall 318,Bengaluru,Karnataka,3,7331640223,store318@zudio.in,2021-08-25,2125,10
319,Zudio - Salem Mall 319,Salem,Tamil Nadu,3,7035657950,store319@zudio.in,2021-11-09,2662,11
320,Zudio - Madurai Central 320,Madurai,Tamil Nadu,1,8306924435,store320@zudio.in,2025-11-22,4404,30
321,Zudio - Delhi Mall 321,Delhi,Delhi,2,8432517276,store321@zudio.in,2021-05-04,3313,20
322,Zudio - Pune Central 322,Pune,Maharashtra,2,9249760285,store322@zudio.in,2025-10-01,1726,23
323,Zudio - Nashik Mall 323,Nashik,Maharashtra,1,8564718824,store323@zudio.in,2018-05-22,3998,26
324,Zudio - Aurangabad Central 324,Aurangabad,Maharashtra,2,9409114423,store324@zudio.in,2020-04-19,3173,13
325,Zudio - Dwarka Central 325,Dwarka,Delhi,2,8906465184,store325@zudio.in,2022-03-12,1670,18
326,Zudio - Howrah Central 326,Howrah,West Bengal,1,7203617731,store326@zudio.in,2020-05-05,3211,11
327,Zudio - Kota Mall 327,Kota,Rajasthan,1,7021437673,store327@zudio.in,2025-04-18,4224,30
328,Zudio - Jaipur Central 328,Jaipur,Rajasthan,3,9867965081,store328@zudio.in,2022-07-28,3154,9
329,Zudio - Kota Central 329,Kota,Rajasthan,2,9634935446,store329@zudio.in,2020-01-30,3138,14
330,Zudio - Mumbai Central 330,Mumbai,Maharashtra,1,8533417005,store330@zudio.in,2024-08-06,2404,28
331,Zudio - Tiruchirapalli Mall 331,Tiruchirapalli,Tamil Nadu,1,9006038873,store331@zudio.in,2021-07-17,4067,12
332,Zudio - Siliguri Central 332,Siliguri,West Bengal,3,7403019612,store332@zudio.in,2021-03-18,5507,8
333,Zudio - Kolhapur Central 333,Kolhapur,Maharashtra,3,9064319639,store333@zudio.in,2020-06-11,1200,29
334,Zudio - Kolkata Mall 334,Kolkata,West Bengal,1,7867475526,store334@zudio.in,2022-12-22,3964,31
335,Zudio - Agra Mall 335,Agra,Uttar Pradesh,2,8157427240,store335@zudio.in,2020-04-25,4424,12
336,Zudio - Chennai Central 336,Chennai,Tamil Nadu,1,9718471900,store336@zudio.in,2025-03-08,2894,13
337,Zudio - Udaipur Central 337,Udaipur,Rajasthan,1,8374152327,store337@zudio.in,2023-01-20,3738,32
338,Zudio - Surat Mall 338,Surat,Gujarat,1,8139094508,store338@zudio.in,2023-05-09,3167,31
339,Zudio - Kolkata Mall 339,Kolkata,West Bengal,3,8212538427,store339@zudio.in,2022-08-29,2894,29
340,Zudio - Nagpur Mall 340,Nagpur,Maharashtra,3,9203032754,store340@zudio.in,2025-01-18,0,22
341,Zudio - Hubli Mall 341,Hubli,Karnataka,2,8140111392,store341@zudio.in,2020-04-10,4875,9
342,Zudio - Vadodara Mall 342,Vadodara,Gujarat,1,8664532522,store342@zudio.in,2018-08-21,4061,16
343,Zudio - Tiruchirapalli Central 343,Tiruchirapalli,Tamil Nadu,2,9684959611,store343@zudio.in,2022-08-09,3548,34
344,Zudio - Nagpur Mall 344,Nagpur,Maharashtra,2,9101284734,store344@zudio.in,2022-08-08,3316,28
345,Zudio - Pune Central 345,Pune,Maharashtra,2,7053136747,store345@zudio.in,2021-08-07,3864,11
346,Zudio - Vadodara Mall 346,Vadodara,Gujarat,2,7258625155,store346@zudio.in,2019-11-16,3397,26
347,Zudio - Agra Central 347,Agra,Uttar Pradesh,1,8368367412,store347@zudio.in,2024-03-15,4198,15
348,Zudio - Kota Mall 348,Kota,Rajasthan,2,9837234144,store348@zudio.in,2021-09-13,4248,26
349,Zudio - New Delhi Mall 349,New Delhi,Delhi,1,7992368945,store349@zudio.in,2025-08-04,2757,12
350,Zudio - Mangaluru Mall 350,Mangaluru,Karnataka,2,8898355747,store350@zudio.in,2018-04-20,3117,13
351,Zudio - Delhi Mall 351,Delhi,Delhi,3,8529249567,store351@zudio.in,2022-11-11,3684,31
352,Zudio - Surat Mall 352,Surat,Gujarat,3,7015489431,store352@zudio.in,2022-12-23,4674,25
353,Zudio - Jodhpur Central 353,Jodhpur,Rajasthan,3,9180063272,store353@zudio.in,2018-04-27,2748,14
354,Zudio - Howrah Mall 354,Howrah,West Bengal,2,9417213535,store354@zudio.in,2022-03-29,3230,17
355,Zudio - Ghaziabad Central 355,Ghaziabad,Uttar Pradesh,1,7377421005,store355@zudio.in,2024-05-08,2713,32
356,Zudio - Jodhpur Mall 356,Jodhpur,Rajasthan,3,8612337353,store356@zudio.in,2024-12-18,4658,34
357,Zudio - Bengaluru Mall 357,Bengaluru,Karnataka,1,8455632849,store357@zudio.in,2023-05-09,2665,25
358,Zudio - Nashik Central 358,Nashik,Maharashtra,3,7225616513,store358@zudio.in,2025-12-08,2688,11
359,Zudio - Aurangabad Central 359,AURANGABAD,Maharashtra,2,7387047855,store359@zudio.in,2026-02-21,3456,25
360,Zudio - Madurai Mall 360,Madurai,Tamil Nadu,3,9827620487,store360@zudio.in,2021-08-23,2488,32
361,Zudio - Tiruchirapalli Mall 361,Tiruchirapalli,Tamil Nadu,2,7241645345,store361@zudio.in,2021-02-06,3389,14
362,Zudio - Bengaluru Mall 362,Bengaluru,Karnataka,2,8017193213,store362@zudio.in,2019-12-31,4067,11
363,Zudio - Coimbatore Central 363,Coimbatore,Tamil Nadu,2,7737186367,store363@zudio.in,2020-05-23,0,17
364,Zudio - Rohini Mall 364,Rohini,Delhi,2,8989749713,store364@zudio.in,2025-03-24,4569,25
365,Zudio - Delhi Central 365,Delhi,Delhi,3,8320670055,store365@zudio.in,2021-05-13,3478,23
366,Zudio - Kolkata Central 366,Kolkata,West Bengal,3,7052368499,store366@zudio.in,2026-01-09,2423,29
367,Zudio - Vadodara Central 367,Vadodara,Gujarat,1,9579787254,store367@zudio.in,2022-08-14,2946,8
368,Zudio - Durgapur Mall 368,Durgapur,West Bengal,2,7939283988,,2020-12-02,4188,20
369,Zudio - Salem Central 369,Salem,Tamil Nadu,3,8924770290,store369@zudio.in,2019-03-17,3583,16
370,Zudio - Mangaluru Central 370,Mangaluru,Karnataka,2,9636219034,store370@zudio.in,2018-09-22,3792,24
371,Zudio - Siliguri Central 371,Siliguri,West Bengal,1,9453780536,store371@zudio.in,2025-12-23,3080,22
372,Zudio - Dwarka Central 372,Dwarka,Delhi,2,7644932666,store372@zudio.in,2023-05-05,3461,8
373,Zudio - Chennai Central 373,Chennai,Tamil Nadu,3,9703064910,store373@zudio.in,2020-08-13,3917,27
374,Zudio - Siliguri Central 374,Siliguri,West Bengal,3,9121140060,store374@zudio.in,2022-02-11,2390,29
375,Zudio - Aurangabad Mall 375,Aurangabad,Maharashtra,2,8937651364,store375@zudio.in,2025-03-03,2412,29
376,Zudio - Lucknow Mall 376,Lucknow,Uttar Pradesh,3,7715590825,,2023-08-07,2849,18
377,Zudio - Kanpur Mall 377,Kanpur,Uttar Pradesh,2,9973589698,store377@zudio.in,2021-11-28,2689,32
378,Zudio - Kota Central 378,Kota,Rajasthan,1,7543856501,store378@zudio.in,2022-05-23,3302,10
379,Zudio - Tiruchirapalli Central 379,Tiruchirapalli,Tamil Nadu,2,7340026582,store379@zudio.in,2018-03-22,4445,26
380,Zudio - Vadodara Central 380,Vadodara,Gujarat,1,8913075001,store380@zudio.in,2018-07-24,2597,20
381,Zudio - Hubli Mall 381,Hubli,Karnataka,2,7017826718,store381@zudio.in,2022-11-28,3186,21
382,Zudio - Surat Mall 382,Surat,Gujarat,2,7624136211,store382@zudio.in,2018-05-05,4413,15
383,Zudio - Kolkata Mall 383,Kolkata,West Bengal,3,8175880436,store383@zudio.in,2018-01-21,1876,20
384,Zudio - Mumbai Central 384,Mumbai,Maharashtra,1,7150695110,store384@zudio.in,2021-05-03,3892,27
385,Zudio - Rajkot Mall 385,Rajkot,Gujarat,3,9707678095,store385@zudio.in,2025-06-21,3981,33
386,Zudio - Surat Mall 386,Surat,Gujarat,2,8844196490,store386@zudio.in,2021-01-21,3858,21
387,Zudio - Udaipur Mall 387,Udaipur,Rajasthan,3,9759846479,store387@zudio.in,2025-11-04,3128,31
388,Zudio - Udaipur Central 388,Udaipur,Rajasthan,2,7957557087,store388@zudio.in,2019-12-11,2463,27
389,Zudio - Surat Central 389,Surat,Gujarat,1,9174271772,store389@zudio.in,2025-03-08,3132,12
390,Zudio - Jodhpur Mall 390,Jodhpur,Rajasthan,1,9139025075,store390@zudio.in,2020-08-24,2882,8
391,Zudio - Siliguri Central 391,Siliguri,West Bengal,2,7404176424,store391@zudio.in,2018-02-03,3995,30
392,Zudio - Kota Central 392,Kota,Rajasthan,2,7776949000,store392@zudio.in,2023-08-08,3684,16
393,Zudio - Ghaziabad Central 393,Ghaziabad,Uttar Pradesh,1,8487557405,store393@zudio.in,2025-04-21,4601,13
394,Zudio - Mysuru Mall 394,Mysuru,Karnataka,1,7553327847,store394@zudio.in,2019-11-07,4248,34
395,Zudio - Jaipur Mall 395,Jaipur,Rajasthan,1,9083438904,store395@zudio.in,2018-12-02,2899,33
396,Zudio - Chennai Central 396,Chennai,Tamil Nadu,1,7151517732,store396@zudio.in,2020-09-16,3057,30
397,Zudio - Kanpur Central 397,Kanpur,Uttar Pradesh,2,9386821248,store397@zudio.in,2025-06-05,2749,14
398,Zudio - Rohini Mall 398,Rohini,Delhi,3,7693211925,store398@zudio.in,2025-03-05,1325,10
399,Zudio - Salem Central 399,Salem,Tamil Nadu,1,8798826310,store399@zudio.in,2020-01-07,4415,27
400,Zudio - Hubli Central 400,Hubli,Karnataka,1,8513838741,store400@zudio.in,2021-10-30,3441,18
401,Zudio - Nashik Central 401,Nashik,Maharashtra,1,7702562553,store401@zudio.in,2022-02-25,3291,12
402,Zudio - Rohini Mall 402,Rohini,Delhi,3,7954524215,store402@zudio.in,2026-01-31,2796,15
403,Zudio - Madurai Mall 403,Madurai,Tamil Nadu,1,7063924586,store403@zudio.in,2018-05-25,4260,18
404,Zudio - Durgapur Central 404,Durgapur,West Bengal,3,8030387830,store404@zudio.in,2025-02-04,2844,21
405,Zudio - Rajkot Central 405,Rajkot,Gujarat,3,9533568118,store405@zudio.in,2019-04-06,2542,22
406,Zudio - Aurangabad Central 406,aurangabad,Maharashtra,1,9553091798,store406@zudio.in,2020-08-05,3454,8
407,Zudio - Dwarka Central 407,Dwarka,Delhi,1,7653457995,store407@zudio.in,2023-09-23,6000,14
408,Zudio - Tiruchirapalli Central 408,Tiruchirapalli,Tamil Nadu,2,9335924060,store408@zudio.in,2019-10-03,2004,19
409,Zudio - Madurai Central 409,Madurai,Tamil Nadu,1,9200215874,store409@zudio.in,2025-09-01,2874,27
410,Zudio - Chennai Central 410,Chennai,Tamil Nadu,3,7039871296,store410@zudio.in,2020-10-08,3106,28
411,Zudio - Jodhpur Central 411,Jodhpur,Rajasthan,3,7064018303,store411@zudio.in,2023-01-05,3072,33
412,Zudio - Bengaluru Central 412,Bengaluru,Karnataka,2,9625890116,store412@zudio.in,2021-11-10,2549,21
413,Zudio - Udaipur Mall 413,Udaipur,Rajasthan,2,9446665879,store413@zudio.in,2022-10-21,3952,24
414,Zudio - Nashik Mall 414,Nashik,Maharashtra,3,9655258105,store414@zudio.in,2021-01-09,3743,15
415,Zudio - Bengaluru Central 415,Bengaluru,Karnataka,3,8837479385,store415@zudio.in,2022-10-27,3899,32
416,Zudio - Madurai Mall 416,Madurai,Tamil Nadu,2,8982382941,store416@zudio.in,2020-08-04,3512,14
417,Zudio - Ghaziabad Central 417,Ghaziabad,Uttar Pradesh,2,9607282425,store417@zudio.in,2023-05-28,4370,23
418,Zudio - Vadodara Mall 418,Vadodara,Gujarat,3,7556757382,store418@zudio.in,2018-12-20,1599,33
419,Zudio - Mysuru Mall 419,Mysuru,Karnataka,3,8259612107,store419@zudio.in,2020-08-27,3709,11
420,Zudio - Varanasi Mall 420,Varanasi,Uttar Pradesh,2,9967296412,store420@zudio.in,2020-06-04,1874,27
421,Zudio - Chennai Mall 421,Chennai,Tamil Nadu,3,7576642328,store421@zudio.in,2023-11-07,3213,8
422,Zudio - Hubli Central 422,Hubli,Karnataka,2,9609687239,store422@zudio.in,2022-03-26,3539,16
423,Zudio - Mangaluru Central 423,Mangaluru,Karnataka,3,8583266623,store423@zudio.in,2023-05-06,4823,25
424,Zudio - Nashik Mall 424,Nashik,Maharashtra,2,9836957483,store424@zudio.in,2024-12-12,3764,16
425,Zudio - Rohini Central 425,Rohini,Delhi,1,7599285632,store425@zudio.in,2023-02-10,1906,28
426,Zudio - Varanasi Central 426,Varanasi,Uttar Pradesh,3,8287355090,store426@zudio.in,2023-12-06,1735,33
427,Zudio - Vadodara Central 427,Vadodara,Gujarat,1,7910822477,store427@zudio.in,2020-05-11,2957,32
428,Zudio - Hubli Central 428,Hubli,Karnataka,2,7096961357,store428@zudio.in,2024-02-01,1715,34
429,Zudio - Delhi Central 429,Delhi,Delhi,3,8099011360,store429@zudio.in,2019-04-23,2246,23
430,Zudio - Rohini Mall 430,Rohini,Delhi,1,9036869482,store430@zudio.in,2018-11-22,2867,14
431,Zudio - Nagpur Mall 431,Nagpur,Maharashtra,1,7584359352,store431@zudio.in,2021-03-07,3375,25
432,Zudio - Nashik Central 432,Nashik,Maharashtra,2,7776974293,store432@zudio.in,2023-11-04,3794,12
433,Zudio - Nashik Mall 433,Nashik,Maharashtra,2,8771064264,store433@zudio.in,2025-06-06,3505,17
434,Zudio - Mumbai Central 434,Mumbai,Maharashtra,3,7725937670,store434@zudio.in,2021-01-07,3573,28
435,Zudio - Kolkata Central 435,Kolkata,West Bengal,1,8651859646,store435@zudio.in,2025-11-17,2679,14
436,Zudio - Siliguri Central 436,Siliguri,West Bengal,2,7934590022,store436@zudio.in,2023-05-21,3850,15
437,Zudio - Rohini Mall 437,Rohini,Delhi,1,9108660129,store437@zudio.in,2023-08-18,4418,20
438,Zudio - Jodhpur Central 438,Jodhpur,Rajasthan,2,8373552193,store438@zudio.in,2018-07-24,3284,25
439,Zudio - Jaipur Mall 439,Jaipur,Rajasthan,1,9608533184,store439@zudio.in,2020-04-05,4610,21
440,Zudio - Ahmedabad Mall 440,Ahmedabad,Gujarat,2,9928492779,store440@zudio.in,2021-07-09,2843,23
441,Zudio - Salem Central 441,salem,Tamil Nadu,3,8342067508,store441@zudio.in,2021-11-27,3303,26
442,Zudio - Aurangabad Central 442,Aurangabad,Maharashtra,2,9046232251,store442@zudio.in,2020-02-08,2521,17
443,Zudio - Tiruchirapalli Mall 443,Tiruchirapalli,Tamil Nadu,2,7516916376,,2023-06-29,3625,34
444,Zudio - Jaipur Central 444,Jaipur,Rajasthan,3,8958577499,store444@zudio.in,2020-08-07,0,26
445,Zudio - Kota Central 445,Kota,Rajasthan,3,7737774202,store445@zudio.in,2020-08-28,3232,18
446,Zudio - Mangaluru Mall 446,Mangaluru,Karnataka,1,8123920085,store446@zudio.in,2019-08-24,3327,34
447,Zudio - Rajkot Central 447,Rajkot,Gujarat,2,9968781898,store447@zudio.in,2018-06-17,3187,11
448,Zudio - Tiruchirapalli Mall 448,Tiruchirapalli,Tamil Nadu,2,8207994684,,2023-11-07,2784,18
449,Zudio - Dwarka Mall 449,Dwarka,Delhi,1,,store449@zudio.in,2019-08-25,2893,23
450,Zudio - Udaipur Mall 450,Udaipur,Rajasthan,2,7152960245,store450@zudio.in,2021-10-20,3208,30
451,Zudio - Mumbai Central 451,Mumbai,Maharashtra,2,9978356688,store451@zudio.in,2020-08-19,4012,19
452,Zudio - Hubli Central 452,Hubli,Karnataka,2,7028275030,store452@zudio.in,2018-06-12,3789,29
453,Zudio - Madurai Mall 453,Madurai,Tamil Nadu,3,7341978302,store453@zudio.in,2020-09-12,2536,21
454,Zudio - Mumbai Mall 454,Mumbai,Maharashtra,1,8482395769,store454@zudio.in,2022-11-08,5043,16
455,Zudio - Delhi Central 455,Delhi,Delhi,2,8044283713,store455@zudio.in,2023-02-02,2370,14
456,Zudio - Madurai Central 456,Madurai,Tamil Nadu,2,9747053581,store456@zudio.in,2023-09-29,2850,27
457,Zudio - Surat Mall 457,Surat,Gujarat,3,7233929747,store457@zudio.in,2024-02-01,3469,15
458,Zudio - Udaipur Mall 458,Udaipur,Rajasthan,2,8077857470,store458@zudio.in,2021-08-31,1877,27
459,Zudio - Ahmedabad Mall 459,Ahmedabad,Gujarat,1,9369498052,store459@zudio.in,2024-06-22,2865,20
460,Zudio - Udaipur Central 460,Udaipur,Rajasthan,3,9362186461,store460@zudio.in,2021-05-07,3670,19
461,Zudio - Udaipur Mall 461,Udaipur,Rajasthan,3,9759824597,store461@zudio.in,2020-05-27,3977,21
462,Zudio - Udaipur Central 462,Udaipur,Rajasthan,2,9464328805,store462@zudio.in,2025-03-02,4348,31
463,Zudio - Dwarka Mall 463,Dwarka,Delhi,1,9329343169,store463@zudio.in,2024-05-01,4688,25
464,Zudio - Madurai Mall 464,Madurai,Tamil Nadu,3,7606113438,store464@zudio.in,2025-11-17,3589,26
465,Zudio - Agra Central 465,Agra,Uttar Pradesh,3,8080146965,store465@zudio.in,2021-08-11,3978,32
466,Zudio - Surat Mall 466,Surat,Gujarat,2,8340087056,store466@zudio.in,2024-01-27,3426,27
467,Zudio - Kanpur Mall 467,Kanpur,Uttar Pradesh,2,9380852981,store467@zudio.in,2021-02-24,3233,21
468,Zudio - Chennai Mall 468,Chennai,Tamil Nadu,2,7467922984,store468@zudio.in,2024-03-06,3181,31
469,Zudio - Nashik Central 469,Nashik,Maharashtra,1,8955138381,store469@zudio.in,2019-06-19,2984,30
470,Zudio - Dwarka Central 470,Dwarka,Delhi,3,7399418312,store470@zudio.in,2025-04-19,3204,22
471,Zudio - Jodhpur Central 471,Jodhpur,Rajasthan,1,9820940869,store471@zudio.in,2019-05-02,4002,9
472,Zudio - Hubli Mall 472,Hubli,Karnataka,3,9985379228,store472@zudio.in,2020-06-27,2462,13
473,Zudio - Kolhapur Central 473,Kolhapur,Maharashtra,3,7059816529,store473@zudio.in,2019-07-12,3166,29
474,Zudio - Jodhpur Central 474,Jodhpur,Rajasthan,1,9285566013,store474@zudio.in,2024-05-18,2217,24
475,Zudio - Chennai Mall 475,Chennai,Tamil Nadu,3,7823725837,store475@zudio.in,2022-11-02,2766,8
476,Zudio - Siliguri Central 476,Siliguri,West Bengal,2,7801897507,store476@zudio.in,2023-12-29,2317,23
477,Zudio - Ghaziabad Central 477,Ghaziabad,Uttar Pradesh,3,7260453048,store477@zudio.in,2021-12-27,4209,29
478,Zudio - Chennai Central 478,Chennai,Tamil Nadu,2,8091760945,store478@zudio.in,2018-09-22,3176,20
479,Zudio - Rajkot Mall 479,Rajkot,Gujarat,3,8474763737,store479@zudio.in,2024-01-25,2455,26
480,Zudio - Rajkot Mall 480,Rajkot,Gujarat,2,9980593010,store480@zudio.in,2022-11-25,2623,16
481,Zudio - Rohini Mall 481,Rohini,Delhi,1,9978873982,store481@zudio.in,2024-05-10,2743,15
482,Zudio - Salem Mall 482,Salem,Tamil Nadu,2,7575776871,store482@zudio.in,2020-07-18,1470,14
483,Zudio - Ghaziabad Mall 483,Ghaziabad,Uttar Pradesh,3,7391724297,store483@zudio.in,2021-09-22,3353,13
484,Zudio - Kanpur Mall 484,Kanpur,Uttar Pradesh,2,9823165283,store484@zudio.in,2021-02-21,3777,17
485,Zudio - Dwarka Mall 485,Dwarka,Delhi,3,,store485@zudio.in,2024-06-16,3642,30
486,Zudio - Nagpur Mall 486,Nagpur,Maharashtra,2,8701145020,store486@zudio.in,2020-05-22,2647,21
487,Zudio - Madurai Mall 487,Madurai,Tamil Nadu,2,8910085790,store487@zudio.in,2018-05-01,2346,25
488,Zudio - Rohini Central 488,  Rohini  ,Delhi,2,9437732661,store488@zudio.in,2019-03-01,4310,9
489,Zudio - Nagpur Central 489,Nagpur,Maharashtra,2,7713298501,store489@zudio.in,2025-09-02,3847,27
490,Zudio - Varanasi Mall 490,Varanasi,Uttar Pradesh,2,9774188396,store490@zudio.in,2020-01-17,3380,34
491,Zudio - Mumbai Mall 491,Mumbai,Maharashtra,2,9207260333,store491@zudio.in,2020-09-15,3784,31
492,Zudio - Kolkata Central 492,Kolkata,West Bengal,1,7907785046,store492@zudio.in,2018-02-07,3177,29
493,Zudio - Howrah Mall 493,Howrah,West Bengal,1,,store493@zudio.in,2026-01-04,3828,28
494,Zudio - Pune Central 494,Pune,Maharashtra,1,7277745170,store494@zudio.in,2022-03-21,2291,34
495,Zudio - Dwarka Mall 495,Dwarka,Delhi,1,9314366185,store495@zudio.in,2018-09-02,3503,26
496,Zudio - Durgapur Central 496,Durgapur,West Bengal,2,7394636539,store496@zudio.in,2021-09-06,3347,17
497,Zudio - Vadodara Central 497,Vadodara,Gujarat,1,7366782123,store497@zudio.in,2019-06-21,2340,10
498,Zudio - New Delhi Mall 498,New Delhi,Delhi,3,7417132300,store498@zudio.in,2020-09-17,2562,33
499,Zudio - Varanasi Central 499,Varanasi,Uttar Pradesh,3,7119210832,store499@zudio.in,2020-10-21,2664,33
500,Zudio - Noida Central 500,Noida,Uttar Pradesh,3,7634613226,store500@zudio.in,2023-08-18,4348,16
501,Zudio - Jodhpur Central 501,Jodhpur,Rajasthan,1,8726184418,store501@zudio.in,2018-01-11,2806,24
502,Zudio - Surat Mall 502,Surat,Gujarat,1,7156357238,store502@zudio.in,2025-01-28,3358,22
503,Zudio - Mysuru Central 503,Mysuru,Karnataka,1,8933725464,store503@zudio.in,2020-06-08,1735,30
504,Zudio - Vadodara Mall 504,Vadodara,Gujarat,1,,store504@zudio.in,2021-06-06,3773,30
505,Zudio - Kanpur Mall 505,Kanpur,Uttar Pradesh,2,8201722103,store505@zudio.in,2025-07-13,4924,20
506,Zudio - Vadodara Central 506,Vadodara,Gujarat,2,7859640521,store506@zudio.in,2025-08-02,3897,34
507,Zudio - Howrah Central 507,Howrah,West Bengal,3,9555161034,store507@zudio.in,2024-12-05,3028,27
508,Zudio - Mysuru Mall 508,Mysuru,Karnataka,3,8168588650,store508@zudio.in,2019-08-23,1944,9
509,Zudio - Ahmedabad Central 509,Ahmedabad,Gujarat,2,8575372959,store509@zudio.in,2023-04-27,3329,23
510,Zudio - Chennai Mall 510,Chennai,Tamil Nadu,1,8944163387,store510@zudio.in,2021-09-16,4293,32
511,Zudio - Bengaluru Central 511,Bengaluru,Karnataka,2,7870699405,store511@zudio.in,2022-06-14,3349,14
512,Zudio - Chennai Mall 512,Chennai,Tamil Nadu,2,8610051180,store512@zudio.in,2019-01-20,2984,33
513,Zudio - Ghaziabad Mall 513,Ghaziabad,Uttar Pradesh,3,7622092098,store513@zudio.in,2020-09-01,2283,19
514,Zudio - Udaipur Mall 514,Udaipur,Rajasthan,1,8569526551,store514@zudio.in,2023-05-06,1991,26
515,Zudio - Ahmedabad Mall 515,Ahmedabad,Gujarat,2,8014966984,store515@zudio.in,2024-05-24,2946,33
516,Zudio - Durgapur Central 516,Durgapur,West Bengal,1,8347638474,store516@zudio.in,2020-09-17,3767,22
517,Zudio - Surat Central 517,Surat,Gujarat,2,9110237843,store517@zudio.in,2020-04-24,2079,16
518,Zudio - Nashik Mall 518,Nashik,Maharashtra,1,8451887489,store518@zudio.in,2020-08-29,3382,22
519,Zudio - Lucknow Central 519,Lucknow,Uttar Pradesh,2,9136266906,store519@zudio.in,2019-05-02,3441,29
520,Zudio - Mumbai Mall 520,Mumbai,Maharashtra,2,7020938105,store520@zudio.in,2024-03-07,3837,19
521,Zudio - Madurai Mall 521,Madurai,Tamil Nadu,3,9530281081,store521@zudio.in,2020-12-31,2945,19
522,Zudio - Howrah Central 522,Howrah,West Bengal,2,8366475598,store522@zudio.in,2022-11-11,2060,27
523,Zudio - Rajkot Central 523,Rajkot,Gujarat,1,8199569150,store523@zudio.in,2020-12-09,2606,10
524,Zudio - Nagpur Mall 524,Nagpur,Maharashtra,3,7598033050,store524@zudio.in,2024-05-27,2908,16
525,Zudio - Dwarka Central 525,Dwarka,Delhi,3,,store525@zudio.in,2023-02-17,3637,28
526,Zudio - Kolkata Mall 526,Kolkata,West Bengal,1,7757752240,store526@zudio.in,2019-01-25,3124,9
527,Zudio - Surat Central 527,Surat,Gujarat,2,7420539630,store527@zudio.in,2020-04-15,3096,19
528,Zudio - Agra Central 528,Agra,Uttar Pradesh,2,9557081552,store528@zudio.in,2024-07-09,4618,24
529,Zudio - Jaipur Mall 529,Jaipur,Rajasthan,3,9796789218,store529@zudio.in,2025-06-07,4218,18
530,Zudio - Vadodara Mall 530,Vadodara,Gujarat,3,9628836339,store530@zudio.in,2019-03-01,3224,30
531,Zudio - Mangaluru Mall 531,Mangaluru,Karnataka,2,8321211758,store531@zudio.in,2019-10-06,2391,20
532,Zudio - Mysuru Mall 532,Mysuru,Karnataka,1,9577647435,store532@zudio.in,2023-04-15,2664,23
533,Zudio - Dwarka Central 533,Dwarka,Delhi,3,7693535333,store533@zudio.in,2022-08-27,4795,18
534,Zudio - Chennai Central 534,Chennai,Tamil Nadu,2,8013381932,store534@zudio.in,2023-12-06,2582,23
535,Zudio - Jaipur Central 535,Jaipur,Rajasthan,3,8434519152,store535@zudio.in,2021-02-04,2000,30
536,Zudio - Siliguri Central 536,Siliguri,West Bengal,3,7239512177,store536@zudio.in,2018-01-30,3610,14
537,Zudio - New Delhi Mall 537,New Delhi,Delhi,1,9308295149,store537@zudio.in,2024-03-27,3570,34
538,Zudio - New Delhi Central 538,New Delhi,Delhi,1,9883314255,store538@zudio.in,2018-02-06,1449,20
539,Zudio - Kolkata Central 539,Kolkata,West Bengal,3,,store539@zudio.in,2025-09-04,3044,20
540,Zudio - Udaipur Central 540,Udaipur,Rajasthan,1,9775919706,store540@zudio.in,2025-02-08,2846,33
541,Zudio - Surat Mall 541,Surat,Gujarat,1,7917078985,store541@zudio.in,2018-08-12,1351,16
542,Zudio - Surat Mall 542,Surat,Gujarat,1,8706063126,store542@zudio.in,2024-07-27,2725,32
543,Zudio - Tiruchirapalli Central 543,Tiruchirapalli,Tamil Nadu,1,7386726860,store543@zudio.in,2024-08-02,3592,30
544,Zudio - Nashik Central 544,Nashik,Maharashtra,3,9986238885,store544@zudio.in,2022-11-14,3600,17
545,Zudio - Siliguri Mall 545,Siliguri,West Bengal,1,7217895294,store545@zudio.in,2022-12-10,3021,14
546,Zudio - Howrah Mall 546,Howrah,West Bengal,2,7242856142,store546@zudio.in,2025-02-17,2673,11
547,Zudio - Mangaluru Central 547,Mangaluru,Karnataka,3,9989813444,store547@zudio.in,2024-10-21,3197,15
548,Zudio - Jaipur Mall 548,Jaipur,Rajasthan,1,,store548@zudio.in,2018-05-16,3217,11
549,Zudio - Noida Mall 549,Noida,Uttar Pradesh,1,9574272223,store549@zudio.in,2024-08-08,2985,21
550,Zudio - Bengaluru Central 550,Bengaluru,Karnataka,1,9241625455,store550@zudio.in,2022-03-30,2578,16
551,Zudio - Mangaluru Central 551,Mangaluru,Karnataka,1,7979940195,store551@zudio.in,2024-01-10,3642,21
552,Zudio - Coimbatore Mall 552,Coimbatore,Tamil Nadu,2,9487466560,store552@zudio.in,2018-11-01,3708,24
553,Zudio - Howrah Mall 553,Howrah,West Bengal,2,9455347041,store553@zudio.in,2023-03-02,2796,29
554,Zudio - Varanasi Mall 554,Varanasi,Uttar Pradesh,1,8848094287,store554@zudio.in,2018-10-16,2880,18
555,Zudio - Agra Mall 555,Agra,Uttar Pradesh,2,9767390016,store555@zudio.in,2018-10-27,2438,33
556,Zudio - Mysuru Central 556,Mysuru,Karnataka,2,9856122543,store556@zudio.in,2018-04-14,4392,34
557,Zudio - Salem Mall 557,Salem,Tamil Nadu,2,8998095272,store557@zudio.in,2023-06-23,3840,21
558,Zudio - Jaipur Central 558,Jaipur,Rajasthan,3,,store558@zudio.in,2018-10-16,2976,24
559,Zudio - Agra Central 559,Agra,Uttar Pradesh,1,7283038397,,2024-05-17,2771,19
560,Zudio - Hubli Central 560,hubli,Karnataka,3,8479093664,store560@zudio.in,2025-02-05,3668,10
561,Zudio - New Delhi Mall 561,New Delhi,Delhi,1,8034617652,store561@zudio.in,2021-08-31,4087,26
562,Zudio - Ahmedabad Central 562,Ahmedabad,Gujarat,2,8494847169,store562@zudio.in,2021-07-15,2933,27
563,Zudio - Mumbai Mall 563,Mumbai,Maharashtra,3,8615429113,store563@zudio.in,2018-12-15,4169,32
564,Zudio - Siliguri Central 564,Siliguri,West Bengal,3,7774623208,store564@zudio.in,2022-10-20,2581,25
565,Zudio - Udaipur Central 565,Udaipur,Rajasthan,1,8284777724,store565@zudio.in,2020-10-31,3334,32
566,Zudio - Siliguri Mall 566,Siliguri,West Bengal,3,9369191651,store566@zudio.in,2025-09-13,1461,12
567,Zudio - Jodhpur Central 567,Jodhpur,Rajasthan,1,7355588596,store567@zudio.in,2023-10-11,3467,11
568,Zudio - Jodhpur Mall 568,Jodhpur,Rajasthan,1,8966761886,store568@zudio.in,2018-09-02,3473,32
569,Zudio - Nagpur Mall 569,Nagpur,Maharashtra,3,7255447431,store569@zudio.in,2023-05-29,4341,18
570,Zudio - Jodhpur Mall 570,Jodhpur,Rajasthan,1,7700258836,store570@zudio.in,2024-11-24,3459,19
571,Zudio - Ahmedabad Central 571,Ahmedabad,Gujarat,2,8187174654,store571@zudio.in,2022-02-01,3948,15
572,Zudio - Nagpur Central 572,Nagpur,Maharashtra,3,7465910563,store572@zudio.in,2024-12-28,2095,17
573,Zudio - Aurangabad Central 573,Aurangabad,Maharashtra,1,8691625747,store573@zudio.in,2020-08-22,4118,15
574,Zudio - Howrah Mall 574,Howrah,West Bengal,1,7889291704,,2022-02-16,4026,14
575,Zudio - Nagpur Mall 575,Nagpur,Maharashtra,1,7558848554,store575@zudio.in,2020-11-26,4071,31
576,Zudio - Mysuru Central 576,Mysuru,Karnataka,2,7163673909,store576@zudio.in,2023-05-31,4721,17
577,Zudio - Mumbai Mall 577,MUMBAI,Maharashtra,3,8868538271,store577@zudio.in,2021-02-13,3324,12
578,Zudio - Mysuru Mall 578,Mysuru,Karnataka,3,9348195861,,2018-07-10,3429,25
579,Zudio - Aurangabad Central 579,Aurangabad,Maharashtra,1,7247384593,store579@zudio.in,2023-10-29,3500,25
580,Zudio - Lucknow Central 580,Lucknow,Uttar Pradesh,2,8720728415,store580@zudio.in,2021-01-01,3782,25
581,Zudio - Jodhpur Central 581,Jodhpur,Rajasthan,2,8824574997,store581@zudio.in,2023-04-29,2181,16
582,Zudio - Howrah Mall 582,Howrah,West Bengal,3,,store582@zudio.in,2021-08-01,3032,34
583,Zudio - Rajkot Central 583,Rajkot,Gujarat,2,7976328007,store583@zudio.in,2020-12-27,4570,18
584,Zudio - Surat Mall 584,Surat,Gujarat,3,8434918488,store584@zudio.in,2024-06-15,3275,29
585,Zudio - Rohini Mall 585,Rohini,Delhi,1,9347919607,store585@zudio.in,2020-11-13,4519,22
586,Zudio - Surat Mall 586,Surat,Gujarat,2,9341552963,store586@zudio.in,2020-04-06,2713,30
587,Zudio - Vadodara Central 587,Vadodara,Gujarat,2,8630760791,store587@zudio.in,2018-02-20,2042,20
588,Zudio - Delhi Central 588,Delhi,Delhi,2,8261375262,,2019-07-17,2927,21
589,Zudio - Agra Mall 589,Agra,Uttar Pradesh,2,9587676372,store589@zudio.in,2021-05-17,1546,27
590,Zudio - Jaipur Central 590,Jaipur,Rajasthan,2,9999038745,store590@zudio.in,2018-03-11,2809,11
591,Zudio - Pune Central 591,Pune,Maharashtra,1,9915198684,store591@zudio.in,2022-08-03,3233,31
592,Zudio - Mangaluru Mall 592,Mangaluru,Karnataka,1,9152240794,store592@zudio.in,2020-03-28,3416,32
593,Zudio - Jodhpur Central 593,Jodhpur,Rajasthan,3,9131737353,store593@zudio.in,2019-03-22,3964,25
594,Zudio - Mumbai Mall 594,Mumbai,Maharashtra,2,9785726473,store594@zudio.in,2019-04-21,2088,28
595,Zudio - Howrah Central 595,Howrah,West Bengal,1,7676944510,store595@zudio.in,2018-01-15,3076,11
596,Zudio - Pune Mall 596,Pune,Maharashtra,1,9071533951,store596@zudio.in,2021-12-29,2730,19
597,Zudio - Coimbatore Mall 597,Coimbatore,Tamil Nadu,3,8083929769,store597@zudio.in,2020-12-08,3219,20
598,Zudio - Vadodara Mall 598,Vadodara,Gujarat,2,9842425787,store598@zudio.in,2019-04-10,3335,24
599,Zudio - Delhi Mall 599,Delhi,Delhi,2,7119751512,store599@zudio.in,2024-05-11,3587,30
600,Zudio - Dwarka Central 600,Dwarka,Delhi,2,7900464439,store600@zudio.in,2023-10-22,4786,17
601,Zudio - Mysuru Central 601,Mysuru,Karnataka,2,8485452018,store601@zudio.in,2024-11-18,2917,16
602,Zudio - Nashik Central 602,Nashik,Maharashtra,2,7535197116,store602@zudio.in,2021-11-11,2444,20
603,Zudio - Howrah Mall 603,Howrah,West Bengal,3,9298259590,store603@zudio.in,2018-03-18,3154,20
604,Zudio - Chennai Mall 604,Chennai,Tamil Nadu,2,8299513917,store604@zudio.in,2023-03-16,2785,27
605,Zudio - Jodhpur Mall 605,  Jodhpur  ,Rajasthan,3,7368049672,store605@zudio.in,2023-11-14,2134,17
606,Zudio - Howrah Central 606,Howrah,West Bengal,2,8691892405,store606@zudio.in,2018-07-05,2899,31
607,Zudio - Coimbatore Mall 607,Coimbatore,Tamil Nadu,3,,store607@zudio.in,2020-12-28,3209,19
608,Zudio - Madurai Mall 608,Madurai,Tamil Nadu,3,7469532373,store608@zudio.in,2020-10-25,3121,17
609,Zudio - Coimbatore Mall 609,Coimbatore,Tamil Nadu,1,8944149967,store609@zudio.in,2019-12-08,2825,22
610,Zudio - New Delhi Central 610,New Delhi,Delhi,3,9566117548,store610@zudio.in,2018-05-20,3633,14
611,Zudio - Kolhapur Mall 611,Kolhapur,Maharashtra,3,9803026305,store611@zudio.in,2022-06-02,2636,9
612,Zudio - Durgapur Mall 612,  Durgapur  ,West Bengal,1,7618088499,store612@zudio.in,2018-09-28,4005,13
613,Zudio - Siliguri Mall 613,Siliguri,West Bengal,2,9542385565,store613@zudio.in,2019-09-02,2606,22
614,Zudio - Siliguri Mall 614,Siliguri,West Bengal,2,8800793175,,2026-01-12,3503,12
615,Zudio - Kolkata Central 615,Kolkata,West Bengal,2,9208519186,store615@zudio.in,2024-08-15,2994,14
616,Zudio - Mysuru Mall 616,Mysuru,Karnataka,1,7303695297,store616@zudio.in,2021-07-17,3006,16
617,Zudio - Kota Mall 617,Kota,Rajasthan,2,7373042512,store617@zudio.in,2020-03-15,3663,19
618,Zudio - Dwarka Mall 618,Dwarka,Delhi,3,9572528798,store618@zudio.in,2024-05-23,3690,11
619,Zudio - Kolhapur Mall 619,Kolhapur,Maharashtra,2,8254136124,store619@zudio.in,2020-08-30,3970,9
620,Zudio - Bengaluru Mall 620,Bengaluru,Karnataka,2,9312027632,store620@zudio.in,2021-03-25,4495,29
621,Zudio - Dwarka Mall 621,Dwarka,Delhi,1,8916667781,store621@zudio.in,2025-04-30,1928,13
622,Zudio - Surat Mall 622,Surat,Gujarat,3,8039836014,store622@zudio.in,2021-10-07,2978,21
623,Zudio - Lucknow Central 623,Lucknow,Uttar Pradesh,2,7589259046,store623@zudio.in,2018-01-03,2617,29
624,Zudio - Coimbatore Mall 624,Coimbatore,Tamil Nadu,3,7108129806,store624@zudio.in,2023-11-03,1979,14
625,Zudio - Dwarka Mall 625,Dwarka,Delhi,2,8804925737,store625@zudio.in,2025-02-22,3237,31
626,Zudio - Ahmedabad Central 626,Ahmedabad,Gujarat,3,8402519446,store626@zudio.in,2018-07-24,3196,31
627,Zudio - Nagpur Central 627,Nagpur,Maharashtra,2,9088449247,store627@zudio.in,2024-01-18,3337,8
628,Zudio - Surat Central 628,Surat,Gujarat,3,7136383525,store628@zudio.in,2019-01-16,2225,16
629,Zudio - Rajkot Mall 629,Rajkot,Gujarat,2,8300898102,store629@zudio.in,2024-11-17,2782,29
630,Zudio - Mysuru Mall 630,Mysuru,Karnataka,1,7716477093,store630@zudio.in,2022-01-20,4000,29
631,Zudio - Kota Central 631,Kota,Rajasthan,3,9672580132,store631@zudio.in,2020-01-14,2713,16
632,Zudio - Salem Central 632,Salem,Tamil Nadu,1,8876030037,,2019-04-29,1961,24
633,Zudio - Durgapur Central 633,Durgapur,West Bengal,2,8854427126,store633@zudio.in,2022-10-22,3058,17
634,Zudio - Salem Mall 634,Salem,Tamil Nadu,1,9556397666,store634@zudio.in,2020-08-01,2786,32
635,Zudio - Kolhapur Mall 635,Kolhapur,Maharashtra,1,8463177318,store635@zudio.in,2022-07-15,3010,25
636,Zudio - Rajkot Mall 636,Rajkot,Gujarat,1,7138919680,store636@zudio.in,2019-02-27,2921,11
637,Zudio - Siliguri Central 637,Siliguri,West Bengal,1,7124595380,store637@zudio.in,2022-04-16,1509,18
638,Zudio - Nagpur Mall 638,Nagpur,Maharashtra,2,7382754818,store638@zudio.in,2022-03-03,3780,31
639,Zudio - Jodhpur Mall 639,Jodhpur,Rajasthan,2,7235497672,store639@zudio.in,2019-10-24,2918,14
640,Zudio - Pune Mall 640,Pune,Maharashtra,1,7967563237,store640@zudio.in,2018-03-19,2518,25
641,Zudio - Coimbatore Central 641,Coimbatore,Tamil Nadu,3,9392285680,store641@zudio.in,2022-06-22,3491,11
642,Zudio - Kolhapur Central 642,Kolhapur,Maharashtra,1,9419270029,store642@zudio.in,2025-01-17,3477,22
643,Zudio - Kanpur Central 643,Kanpur,Uttar Pradesh,1,7152964609,store643@zudio.in,2024-04-09,4248,24
644,Zudio - Rajkot Central 644,Rajkot,Gujarat,2,,store644@zudio.in,2021-07-27,3864,26
645,Zudio - Surat Central 645,Surat,Gujarat,2,9709727563,store645@zudio.in,2024-04-19,3184,11
646,Zudio - Ghaziabad Mall 646,Ghaziabad,Uttar Pradesh,2,8120499687,store646@zudio.in,2026-01-22,2162,14
647,Zudio - Mangaluru Central 647,Mangaluru,Karnataka,3,7276368786,store647@zudio.in,2025-04-09,1620,19
648,Zudio - Howrah Central 648,Howrah,West Bengal,3,7281574135,store648@zudio.in,2025-02-12,4192,30
649,Zudio - Surat Central 649,Surat,Gujarat,3,8621560769,store649@zudio.in,2025-06-03,2456,27
650,Zudio - Surat Mall 650,Surat,Gujarat,1,7371515694,store650@zudio.in,2023-10-18,3010,13
651,Zudio - Kanpur Central 651,Kanpur,Uttar Pradesh,2,8805022621,store651@zudio.in,2024-07-08,3411,21
652,Zudio - Bengaluru Central 652,Bengaluru,Karnataka,3,7036927379,store652@zudio.in,2021-06-22,2408,10
653,Zudio - Mumbai Mall 653,Mumbai,Maharashtra,3,,store653@zudio.in,2025-03-06,2240,18
654,Zudio - Jaipur Central 654,Jaipur,Rajasthan,2,9122346331,store654@zudio.in,2023-12-05,4181,9
655,Zudio - Siliguri Central 655,Siliguri,West Bengal,2,7333794961,,2019-12-06,2878,26
656,Zudio - Hubli Mall 656,Hubli,Karnataka,1,8955233125,store656@zudio.in,2024-12-19,3752,17
657,Zudio - Mysuru Central 657,Mysuru,Karnataka,2,8027768631,store657@zudio.in,2021-01-24,4850,27
658,Zudio - Rajkot Mall 658,Rajkot,Gujarat,2,8604743911,store658@zudio.in,2018-09-25,2732,27
659,Zudio - Udaipur Central 659,Udaipur,Rajasthan,3,7488121403,store659@zudio.in,2022-05-02,4116,13
660,Zudio - Salem Central 660,Salem,Tamil Nadu,3,9846038537,store660@zudio.in,2025-09-07,3810,25
661,Zudio - Ghaziabad Central 661,Ghaziabad,Uttar Pradesh,3,9790352683,store661@zudio.in,2019-01-04,4805,29
662,Zudio - Howrah Central 662,Howrah,West Bengal,3,7759050848,store662@zudio.in,2021-02-23,1858,17
663,Zudio - Mumbai Mall 663,Mumbai,Maharashtra,2,7498938151,store663@zudio.in,2025-01-05,3360,21
664,Zudio - Ahmedabad Central 664,Ahmedabad,Gujarat,2,9307478051,store664@zudio.in,2019-06-23,2070,15
665,Zudio - New Delhi Mall 665,New Delhi,Delhi,1,9981363427,store665@zudio.in,2022-01-16,1898,23
666,Zudio - Surat Central 666,Surat,Gujarat,2,9069736842,store666@zudio.in,2026-02-25,3485,29
667,Zudio - Nagpur Mall 667,Nagpur,Maharashtra,3,9267766317,store667@zudio.in,2021-04-29,2805,24
668,Zudio - Madurai Central 668,Madurai,Tamil Nadu,2,8534496193,store668@zudio.in,2021-09-06,3430,10
669,Zudio - Nashik Central 669,Nashik,Maharashtra,2,8053724362,store669@zudio.in,2023-10-13,3775,9
670,Zudio - Mysuru Central 670,Mysuru,Karnataka,2,7614084959,store670@zudio.in,2022-02-25,4059,21
671,Zudio - Siliguri Mall 671,Siliguri,West Bengal,2,7632596903,store671@zudio.in,2021-11-19,3716,8
672,Zudio - Coimbatore Mall 672,Coimbatore,Tamil Nadu,2,7193485654,,2019-07-27,4140,24
673,Zudio - Surat Central 673,Surat,Gujarat,3,9419732919,store673@zudio.in,2025-08-11,2258,33
674,Zudio - Howrah Central 674,Howrah,West Bengal,1,8380561970,store674@zudio.in,2022-09-01,2795,33
675,Zudio - Dwarka Central 675,Dwarka,Delhi,3,9615017639,,2019-11-09,3485,11
676,Zudio - Udaipur Mall 676,Udaipur,Rajasthan,1,9295184497,,2025-11-03,3317,14
677,Zudio - Bengaluru Mall 677,Bengaluru,Karnataka,2,8547571843,store677@zudio.in,2023-06-16,4770,27
678,Zudio - Kanpur Mall 678,Kanpur,Uttar Pradesh,2,9494883114,store678@zudio.in,2025-06-12,3989,28
679,Zudio - Lucknow Mall 679,Lucknow,Uttar Pradesh,1,9857964971,store679@zudio.in,2022-07-28,3918,33
680,Zudio - Udaipur Mall 680,Udaipur,Rajasthan,3,7654738843,store680@zudio.in,2023-08-20,2501,8
681,Zudio - Surat Mall 681,Surat,Gujarat,2,9373931699,store681@zudio.in,2026-02-10,4377,20
682,Zudio - Mysuru Mall 682,Mysuru,Karnataka,2,7888358537,store682@zudio.in,2018-06-08,2759,23
683,Zudio - Ahmedabad Central 683,Ahmedabad,Gujarat,1,8290044060,store683@zudio.in,2023-08-23,4675,12
684,Zudio - Udaipur Mall 684,Udaipur,Rajasthan,2,7402867099,store684@zudio.in,2026-02-05,2515,14
685,Zudio - Chennai Central 685,Chennai,Tamil Nadu,1,7476989955,store685@zudio.in,2019-06-10,3851,10
686,Zudio - Mumbai Central 686,Mumbai,Maharashtra,3,7544896876,store686@zudio.in,2018-10-03,0,11
687,Zudio - Ghaziabad Mall 687,Ghaziabad,Uttar Pradesh,2,7209277120,store687@zudio.in,2018-10-22,2612,25
688,Zudio - Kolkata Mall 688,Kolkata,West Bengal,2,9651237312,store688@zudio.in,2022-07-28,2425,20
689,Zudio - Nagpur Central 689,Nagpur,Maharashtra,1,8045415483,store689@zudio.in,2023-09-12,1728,20
690,Zudio - Lucknow Mall 690,Lucknow,Uttar Pradesh,2,7277555154,store690@zudio.in,2022-10-20,2892,22
691,Zudio - Vadodara Central 691,Vadodara,Gujarat,3,8818062550,store691@zudio.in,2024-12-05,3280,20
692,Zudio - Kolhapur Central 692,Kolhapur,Maharashtra,3,8356722974,store692@zudio.in,2018-12-12,4511,19
693,Zudio - Salem Mall 693,Salem,Tamil Nadu,2,7518993817,store693@zudio.in,2021-12-18,3793,28
694,Zudio - Nagpur Mall 694,Nagpur,Maharashtra,3,9244222160,,2023-08-11,2291,34
695,Zudio - Nagpur Mall 695,Nagpur,Maharashtra,3,7154650645,store695@zudio.in,2025-08-23,4022,9
696,Zudio - Dwarka Mall 696,Dwarka,Delhi,3,7452876035,store696@zudio.in,2026-02-12,4015,21
697,Zudio - Dwarka Central 697,Dwarka,Delhi,1,8238772667,store697@zudio.in,2022-04-12,1200,20
698,Zudio - Dwarka Mall 698,Dwarka,Delhi,2,8321914085,store698@zudio.in,2025-11-09,1965,30
699,Zudio - Surat Central 699,Surat,Gujarat,1,9462235049,store699@zudio.in,2022-05-12,3726,32
700,Zudio - Rohini Mall 700,Rohini,Delhi,2,7546481927,store700@zudio.in,2022-07-04,3102,12
701,Zudio - Durgapur Mall 701,Durgapur,West Bengal,1,7672072382,store701@zudio.in,2021-07-30,3783,22
702,Zudio - Kolhapur Central 702,Kolhapur,Maharashtra,3,9175339460,store702@zudio.in,2018-09-13,2716,31
703,Zudio - Varanasi Central 703,Varanasi,Uttar Pradesh,3,9255657570,store703@zudio.in,2024-06-21,-2653,12
704,Zudio - Pune Mall 704,Pune,Maharashtra,2,7568978362,store704@zudio.in,2022-12-16,1692,22
705,Zudio - Kota Mall 705,Kota,Rajasthan,2,9109073018,store705@zudio.in,2023-02-17,3654,12
706,Zudio - Hubli Central 706,Hubli,Karnataka,2,7022846933,store706@zudio.in,2025-08-08,2208,25
707,Zudio - Jodhpur Central 707,Jodhpur,Rajasthan,2,9951122054,store707@zudio.in,2022-09-01,3394,9
708,Zudio - Chennai Central 708,chennai,Tamil Nadu,3,9046862762,store708@zudio.in,2021-12-19,2633,9
709,Zudio - Noida Mall 709,Noida,Uttar Pradesh,3,9361459720,store709@zudio.in,2020-09-28,2061,32
710,Zudio - Nagpur Central 710,Nagpur,Maharashtra,3,9012998171,store710@zudio.in,2024-09-05,3773,12
711,Zudio - Chennai Central 711,Chennai,Tamil Nadu,3,8882491248,store711@zudio.in,2019-12-30,2943,23
712,Zudio - New Delhi Central 712,New Delhi,Delhi,3,7491255047,store712@zudio.in,2025-10-07,2763,19
713,Zudio - Rajkot Central 713,Rajkot,Gujarat,3,7222994321,store713@zudio.in,2024-02-09,4249,15
714,Zudio - Chennai Mall 714,Chennai,Tamil Nadu,1,9195638706,store714@zudio.in,2019-10-31,3775,20
715,Zudio - Jaipur Mall 715,Jaipur,Rajasthan,2,9782694677,store715@zudio.in,2021-12-05,3080,12
716,Zudio - Jodhpur Central 716,Jodhpur,Rajasthan,3,7416585842,store716@zudio.in,2023-02-19,2363,18
717,Zudio - Salem Mall 717,Salem,Tamil Nadu,3,9224353758,store717@zudio.in,2022-01-11,2580,14
718,Zudio - Vadodara Central 718,Vadodara,Gujarat,1,7823456784,store718@zudio.in,2021-04-10,3250,29
719,Zudio - Ahmedabad Central 719,Ahmedabad,Gujarat,2,7917034481,,2023-06-12,3313,21
720,Zudio - Siliguri Central 720,Siliguri,West Bengal,3,7313264716,store720@zudio.in,2019-02-25,3058,11
721,Zudio - Delhi Mall 721,Delhi,Delhi,3,9969344943,store721@zudio.in,2020-04-20,2424,8
722,Zudio - Howrah Central 722,Howrah,West Bengal,2,9194535137,store722@zudio.in,2024-04-20,3206,18
723,Zudio - Durgapur Mall 723,Durgapur,West Bengal,2,9092069544,store723@zudio.in,2022-08-30,3835,22
724,Zudio - Hubli Mall 724,Hubli,Karnataka,2,8441744242,store724@zudio.in,2026-01-31,3843,24
725,Zudio - Bengaluru Mall 725,Bengaluru,Karnataka,2,7274823340,store725@zudio.in,2024-01-20,2187,27
726,Zudio - Kolhapur Central 726,Kolhapur,Maharashtra,2,9147774590,store726@zudio.in,2020-03-29,3581,19
727,Zudio - Salem Central 727,Salem,Tamil Nadu,3,7487648356,store727@zudio.in,2018-07-21,2992,19
728,Zudio - Rajkot Mall 728,Rajkot,Gujarat,3,8697353176,store728@zudio.in,2022-11-20,4328,29
729,Zudio - Vadodara Central 729,Vadodara,Gujarat,2,7730968555,store729@zudio.in,2021-03-25,3860,12
730,Zudio - Jodhpur Central 730,Jodhpur,Rajasthan,3,9590049736,store730@zudio.in,2025-10-31,2551,12
731,Zudio - Jodhpur Central 731,Jodhpur,Rajasthan,1,7567593405,,2020-03-27,0,11
732,Zudio - New Delhi Central 732,New Delhi,Delhi,2,9574434833,store732@zudio.in,2022-06-17,2481,22
733,Zudio - Coimbatore Central 733,Coimbatore,Tamil Nadu,3,7263329932,store733@zudio.in,2023-04-14,5023,33
734,Zudio - Mangaluru Central 734,Mangaluru,Karnataka,2,7091268377,store734@zudio.in,2025-05-20,4442,26
735,Zudio - Kota Central 735,Kota,Rajasthan,2,9807466414,store735@zudio.in,2023-05-15,2480,16
736,Zudio - Ahmedabad Mall 736,Ahmedabad,Gujarat,3,7359982734,store736@zudio.in,2020-09-05,3348,34
737,Zudio - Mumbai Mall 737,Mumbai,Maharashtra,3,7693110789,store737@zudio.in,2025-04-23,3941,21
738,Zudio - Kolkata Central 738,Kolkata,West Bengal,2,8360090853,store738@zudio.in,2022-11-08,3975,9
739,Zudio - Jodhpur Mall 739,Jodhpur,Rajasthan,2,7812992130,store739@zudio.in,2020-03-24,3476,9
740,Zudio - Kolhapur Central 740,Kolhapur,Maharashtra,3,7455985764,store740@zudio.in,2018-09-29,1965,24
741,Zudio - Hubli Central 741,Hubli,Karnataka,2,9742965226,store741@zudio.in,2023-06-04,2261,13
742,Zudio - Delhi Mall 742,Delhi,Delhi,2,8140510304,store742@zudio.in,2022-06-02,3554,23
743,Zudio - Salem Central 743,Salem,Tamil Nadu,2,7927569726,store743@zudio.in,2025-09-29,1728,12
744,Zudio - Jaipur Central 744,Jaipur,Rajasthan,2,9224378833,store744@zudio.in,2021-10-21,1200,14
745,Zudio - Lucknow Central 745,Lucknow,Uttar Pradesh,3,9414243989,store745@zudio.in,2019-08-29,4252,26
746,Zudio - Kolkata Central 746,Kolkata,West Bengal,2,7581011416,store746@zudio.in,2022-08-20,4140,20
747,Zudio - Varanasi Central 747,Varanasi,Uttar Pradesh,3,7203844948,store747@zudio.in,2023-06-15,3570,15
748,Zudio - Varanasi Mall 748,Varanasi,Uttar Pradesh,3,8792498797,store748@zudio.in,2022-07-08,2861,16
749,Zudio - Lucknow Mall 749,Lucknow,Uttar Pradesh,3,7656936398,store749@zudio.in,2019-11-15,3201,9
750,Zudio - Surat Mall 750,Surat,Gujarat,2,9091825062,store750@zudio.in,2019-04-03,3113,21
751,Zudio - Dwarka Central 751,Dwarka,Delhi,3,9156972404,store751@zudio.in,2020-07-17,3212,19
752,Zudio - Siliguri Central 752,Siliguri,West Bengal,2,8893129665,store752@zudio.in,2018-07-21,2939,33
753,Zudio - Tiruchirapalli Central 753,Tiruchirapalli,Tamil Nadu,3,9258074447,store753@zudio.in,2022-11-01,2706,13
754,Zudio - Delhi Mall 754,Delhi,Delhi,3,9598132795,store754@zudio.in,2025-08-06,3435,17
755,Zudio - Delhi Mall 755,Delhi,Delhi,2,8192544840,store755@zudio.in,2023-12-06,3861,22
756,Zudio - Mumbai Mall 756,Mumbai,Maharashtra,2,8897120008,store756@zudio.in,2022-04-30,4186,18
757,Zudio - Madurai Mall 757,Madurai,Tamil Nadu,2,7368282953,store757@zudio.in,2019-05-13,4072,26
758,Zudio - Varanasi Central 758,Varanasi,Uttar Pradesh,2,9322449278,store758@zudio.in,2019-11-20,3558,12
759,Zudio - Howrah Mall 759,Howrah,West Bengal,3,8694574967,store759@zudio.in,2021-06-29,4266,26
760,Zudio - Rajkot Central 760,Rajkot,Gujarat,1,9168619791,store760@zudio.in,2020-09-15,2444,12
761,Zudio - Mangaluru Central 761,Mangaluru,Karnataka,3,8952111247,store761@zudio.in,2019-11-28,4303,23
762,Zudio - Mangaluru Central 762,MANGALURU,Karnataka,3,7008640260,store762@zudio.in,2021-04-26,3588,19
763,Zudio - Madurai Mall 763,Madurai,Tamil Nadu,2,9689980197,store763@zudio.in,2020-10-02,3708,15
764,Zudio - Ahmedabad Central 764,Ahmedabad,Gujarat,2,9245881128,store764@zudio.in,2018-11-20,4078,18
765,Zudio - Kanpur Central 765,Kanpur,Uttar Pradesh,2,7580490270,,2019-03-10,3470,32
766,Zudio - Delhi Central 766,Delhi,Delhi,2,7218496407,store766@zudio.in,2019-09-13,3186,27
767,Zudio - Vadodara Mall 767,Vadodara,Gujarat,1,8346014609,store767@zudio.in,2023-12-10,2402,13
768,Zudio - Jaipur Mall 768,Jaipur,Rajasthan,1,8921091314,store768@zudio.in,2022-08-14,3335,22
769,Zudio - Siliguri Mall 769,Siliguri,West Bengal,3,9515041774,store769@zudio.in,2021-04-16,3009,27
770,Zudio - Howrah Central 770,Howrah,West Bengal,2,9840417893,store770@zudio.in,2020-06-18,2569,17
771,Zudio - Ahmedabad Central 771,Ahmedabad,Gujarat,2,8315521222,store771@zudio.in,2024-06-08,3976,29
772,Zudio - New Delhi Central 772,New Delhi,Delhi,1,9012567786,store772@zudio.in,2020-03-24,4077,17
773,Zudio - Rohini Mall 773,Rohini,Delhi,3,7647255597,store773@zudio.in,2025-05-07,3879,9
774,Zudio - Coimbatore Mall 774,Coimbatore,Tamil Nadu,3,8924468875,store774@zudio.in,2024-07-28,2809,18
775,Zudio - Nagpur Mall 775,Nagpur,Maharashtra,3,8778028984,store775@zudio.in,2025-04-11,2310,29
776,Zudio - Rohini Mall 776,Rohini,Delhi,2,9881465623,store776@zudio.in,2026-02-06,4241,24
777,Zudio - Dwarka Central 777,Dwarka,Delhi,2,,store777@zudio.in,2021-06-17,4402,34
778,Zudio - Ghaziabad Mall 778,Ghaziabad,Uttar Pradesh,2,8595340517,store778@zudio.in,2018-05-03,2479,26
779,Zudio - Howrah Central 779,Howrah,West Bengal,1,9718045081,store779@zudio.in,2019-01-25,3854,8
780,Zudio - Hubli Central 780,Hubli,Karnataka,3,7459345211,store780@zudio.in,2020-02-20,2762,9
781,Zudio - Rajkot Mall 781,Rajkot,Gujarat,3,8994371217,store781@zudio.in,2024-06-13,3320,17
782,Zudio - Surat Mall 782,Surat,Gujarat,3,7437333364,store782@zudio.in,2024-03-16,4443,34
783,Zudio - Mangaluru Mall 783,Mangaluru,Karnataka,3,9141365305,store783@zudio.in,2020-06-11,-3228,28
784,Zudio - Mumbai Mall 784,Mumbai,Maharashtra,3,7821118413,store784@zudio.in,2023-08-18,2556,23
785,Zudio - Varanasi Central 785,Varanasi,Uttar Pradesh,2,9652627899,store785@zudio.in,2020-02-18,2718,14
786,Zudio - Delhi Mall 786,Delhi,Delhi,2,8532927316,store786@zudio.in,2019-09-20,3150,15
787,Zudio - Agra Mall 787,Agra,Uttar Pradesh,3,8528227329,store787@zudio.in,2020-09-24,4004,20
788,Zudio - Vadodara Central 788,Vadodara,Gujarat,1,9458335593,store788@zudio.in,2024-12-03,3040,19
789,Zudio - Jodhpur Mall 789,Jodhpur,Rajasthan,1,7233696796,store789@zudio.in,2020-02-01,2660,28
790,Zudio - Tiruchirapalli Mall 790,Tiruchirapalli,Tamil Nadu,3,7299944248,store790@zudio.in,2019-12-04,3317,20
791,Zudio - Mysuru Central 791,Mysuru,Karnataka,3,9622446661,store791@zudio.in,2023-08-05,3101,28
792,Zudio - Dwarka Central 792,Dwarka,Delhi,2,7657767743,store792@zudio.in,2021-02-17,3435,9
793,Zudio - Kanpur Central 793,Kanpur,Uttar Pradesh,2,7894889915,store793@zudio.in,2025-05-23,1914,25
794,Zudio - Tiruchirapalli Central 794,Tiruchirapalli,Tamil Nadu,1,7405846588,store794@zudio.in,2024-06-19,5210,25
795,Zudio - Varanasi Central 795,Varanasi,Uttar Pradesh,2,9936117808,store795@zudio.in,2021-02-23,4137,29
796,Zudio - Surat Mall 796,Surat,Gujarat,2,7227124370,store796@zudio.in,2022-10-03,2792,13
797,Zudio - New Delhi Mall 797,New Delhi,Delhi,2,9539715829,store797@zudio.in,2021-03-12,0,14
798,Zudio - Udaipur Mall 798,Udaipur,Rajasthan,2,9504634215,store798@zudio.in,2022-11-25,2361,21
799,Zudio - Kolkata Mall 799,Kolkata,West Bengal,3,7155874011,store799@zudio.in,2020-05-01,3037,32
800,Zudio - Surat Central 800,Surat,Gujarat,3,8294991714,store800@zudio.in,2021-12-03,3485,14
801,Zudio - Jaipur Mall 801,Jaipur,Rajasthan,3,8099982006,store801@zudio.in,2019-03-17,2834,9
802,Zudio - Tiruchirapalli Central 802,Tiruchirapalli,Tamil Nadu,2,9256634075,store802@zudio.in,2021-04-16,3745,13
803,Zudio - Mangaluru Mall 803,Mangaluru,Karnataka,2,7880166204,store803@zudio.in,2022-01-27,3183,30
804,Zudio - Lucknow Mall 804,Lucknow,Uttar Pradesh,2,7544472937,store804@zudio.in,2026-01-05,2535,26
805,Zudio - Kolhapur Central 805,Kolhapur,Maharashtra,2,8087174881,store805@zudio.in,2018-05-01,4507,13
806,Zudio - Ahmedabad Mall 806,Ahmedabad,Gujarat,1,9113577446,store806@zudio.in,2025-05-15,0,16
807,Zudio - Siliguri Central 807,Siliguri,West Bengal,1,7012417764,store807@zudio.in,2025-04-15,3635,21
808,Zudio - Jaipur Mall 808,Jaipur,Rajasthan,1,9879379091,store808@zudio.in,2024-09-03,4018,34
809,Zudio - Howrah Central 809,Howrah,West Bengal,2,8492560283,,2018-08-04,3776,29
810,Zudio - Tiruchirapalli Central 810,Tiruchirapalli,Tamil Nadu,3,8402014273,store810@zudio.in,2025-12-13,2758,33
811,Zudio - Bengaluru Central 811,Bengaluru,Karnataka,3,8059156849,store811@zudio.in,2022-09-28,3551,22
812,Zudio - Agra Mall 812,Agra,Uttar Pradesh,2,7278239757,store812@zudio.in,2026-01-09,4231,27
813,Zudio - Jaipur Mall 813,Jaipur,Rajasthan,2,7232424209,store813@zudio.in,2026-02-08,4015,19
814,Zudio - Vadodara Mall 814,Vadodara,Gujarat,2,8166441810,store814@zudio.in,2021-11-22,4225,10
815,Zudio - Nashik Central 815,Nashik,Maharashtra,1,8827160276,store815@zudio.in,2018-09-09,3186,28
816,Zudio - Ahmedabad Mall 816,Ahmedabad,Gujarat,3,8053030611,store816@zudio.in,2023-04-30,2326,12
817,Zudio - Kolkata Mall 817,Kolkata,West Bengal,2,9165924902,store817@zudio.in,2019-05-24,3749,11
818,Zudio - Siliguri Central 818,Siliguri,West Bengal,3,9932259524,store818@zudio.in,2019-12-24,3039,23
819,Zudio - Delhi Central 819,Delhi,Delhi,3,9911262207,store819@zudio.in,2021-07-03,3101,27
820,Zudio - Tiruchirapalli Mall 820,Tiruchirapalli,Tamil Nadu,2,9375840378,store820@zudio.in,2020-07-27,4263,17
821,Zudio - Hubli Central 821,Hubli,Karnataka,3,7004834874,store821@zudio.in,2021-08-02,1988,30
822,Zudio - Madurai Central 822,Madurai,Tamil Nadu,3,8407684674,store822@zudio.in,2019-08-16,3878,31
823,Zudio - Jaipur Mall 823,Jaipur,Rajasthan,2,7163078633,store823@zudio.in,2018-10-20,3351,20
824,Zudio - Coimbatore Mall 824,Coimbatore,Tamil Nadu,1,9966513501,store824@zudio.in,2020-11-19,1599,15
825,Zudio - Madurai Central 825,Madurai,Tamil Nadu,3,8258280658,store825@zudio.in,2018-04-26,2964,8
826,Zudio - Tiruchirapalli Mall 826,Tiruchirapalli,Tamil Nadu,1,7406388795,store826@zudio.in,2020-02-11,2732,10
827,Zudio - Ghaziabad Central 827,Ghaziabad,Uttar Pradesh,3,9525255981,store827@zudio.in,2022-05-25,2076,14
828,Zudio - Mumbai Central 828,Mumbai,Maharashtra,2,9543528071,store828@zudio.in,2025-10-17,3949,34
829,Zudio - Kanpur Mall 829,Kanpur,Uttar Pradesh,1,7750149125,store829@zudio.in,2020-04-13,3478,13
830,Zudio - Chennai Mall 830,Chennai,Tamil Nadu,2,7729722113,store830@zudio.in,2023-09-20,3557,19
831,Zudio - Aurangabad Central 831,Aurangabad,Maharashtra,3,9908113912,store831@zudio.in,2019-05-09,3916,13
832,Zudio - Siliguri Central 832,Siliguri,West Bengal,3,9274048520,store832@zudio.in,2020-08-04,3332,15
833,Zudio - Rohini Central 833,Rohini,Delhi,3,9420597058,store833@zudio.in,2018-03-08,1933,17
834,Zudio - Rajkot Mall 834,Rajkot,Gujarat,1,8078930287,store834@zudio.in,2022-06-03,2526,14
835,Zudio - Rajkot Mall 835,Rajkot,Gujarat,2,9977533560,store835@zudio.in,2025-11-01,2648,16
836,Zudio - Mysuru Central 836,Mysuru,Karnataka,2,9324351821,store836@zudio.in,2023-01-24,1931,23
837,Zudio - Ahmedabad Mall 837,Ahmedabad,Gujarat,2,8656685928,store837@zudio.in,2019-11-30,3729,12
838,Zudio - Hubli Mall 838,Hubli,Karnataka,3,8341436261,store838@zudio.in,2026-02-02,3325,18
839,Zudio - Jodhpur Mall 839,Jodhpur,Rajasthan,2,7499197203,store839@zudio.in,2018-09-16,3656,29
840,Zudio - Hubli Central 840,Hubli,Karnataka,2,9533553319,store840@zudio.in,2024-07-23,2498,14
841,Zudio - Dwarka Central 841,Dwarka,Delhi,2,,store841@zudio.in,2023-07-17,3573,15
842,Zudio - Kanpur Central 842,Kanpur,Uttar Pradesh,2,7688631633,store842@zudio.in,2022-02-20,2791,25
843,Zudio - New Delhi Mall 843,New Delhi,Delhi,2,9485524133,store843@zudio.in,2018-01-07,2714,8
844,Zudio - Jaipur Mall 844,Jaipur,Rajasthan,2,8051094318,store844@zudio.in,2022-02-27,3030,26
845,Zudio - Nagpur Central 845,Nagpur,Maharashtra,3,7682952017,store845@zudio.in,2024-05-05,3306,17
846,Zudio - Madurai Mall 846,Madurai,Tamil Nadu,3,8506326460,store846@zudio.in,2024-10-30,2749,33
847,Zudio - Lucknow Central 847,Lucknow,Uttar Pradesh,1,9034671230,store847@zudio.in,2024-09-22,3054,17
848,Zudio - Rajkot Mall 848,Rajkot,Gujarat,2,8140556532,store848@zudio.in,2022-04-29,4023,33
849,Zudio - New Delhi Mall 849,New Delhi,Delhi,2,9957448320,store849@zudio.in,2024-11-23,3260,24
850,Zudio - Jodhpur Central 850,Jodhpur,Rajasthan,1,7537872075,store850@zudio.in,2020-06-22,3829,20
851,Zudio - Jodhpur Mall 851,Jodhpur,Rajasthan,2,9364322813,store851@zudio.in,2023-04-17,2205,13
852,Zudio - Surat Central 852,Surat,Gujarat,1,9727216405,store852@zudio.in,2022-10-06,2850,32
853,Zudio - Rohini Central 853,Rohini,Delhi,1,9133537028,store853@zudio.in,2018-12-23,4689,18
854,Zudio - Kanpur Central 854,Kanpur,Uttar Pradesh,2,9338588462,store854@zudio.in,2020-11-26,3487,34
855,Zudio - Aurangabad Central 855,Aurangabad,Maharashtra,2,8366495099,store855@zudio.in,2024-02-22,2927,13
856,Zudio - Varanasi Central 856,Varanasi,Uttar Pradesh,1,9339425886,store856@zudio.in,2019-10-14,1917,8
857,Zudio - Mangaluru Mall 857,Mangaluru,Karnataka,3,9388657262,store857@zudio.in,2021-08-26,3536,11
858,Zudio - Udaipur Mall 858,Udaipur,Rajasthan,3,8038140720,store858@zudio.in,2021-01-29,4310,28
859,Zudio - Jodhpur Central 859,Jodhpur,Rajasthan,2,7300457215,,2025-03-18,3826,27
860,Zudio - Durgapur Central 860,Durgapur,West Bengal,2,8860465757,store860@zudio.in,2022-10-13,3306,12
861,Zudio - Howrah Central 861,Howrah,West Bengal,2,7282450048,store861@zudio.in,2020-08-04,3385,13
862,Zudio - Rajkot Mall 862,Rajkot,Gujarat,1,7428843083,store862@zudio.in,2022-01-21,2270,16
863,Zudio - Hubli Mall 863,Hubli,Karnataka,1,7408815642,store863@zudio.in,2025-11-12,2875,21
864,Zudio - Rohini Central 864,Rohini,Delhi,1,7056184906,store864@zudio.in,2023-04-22,3127,24
865,Zudio - Siliguri Mall 865,Siliguri,West Bengal,2,7777246836,store865@zudio.in,2020-01-28,2637,33
866,Zudio - Nagpur Central 866,Nagpur,Maharashtra,2,7359756110,store866@zudio.in,2020-03-27,3087,8
867,Zudio - Udaipur Central 867,Udaipur,Rajasthan,2,8128830363,store867@zudio.in,2021-08-04,4106,8
868,Zudio - Delhi Central 868,Delhi,Delhi,3,8439698228,store868@zudio.in,2021-12-12,3670,17
869,Zudio - Noida Central 869,Noida,Uttar Pradesh,1,8809682775,,2024-03-08,3306,25
870,Zudio - Kanpur Mall 870,Kanpur,Uttar Pradesh,2,9951315599,store870@zudio.in,2023-08-27,4856,9
871,Zudio - Nagpur Mall 871,Nagpur,Maharashtra,2,9396924459,store871@zudio.in,2021-09-01,3275,15
872,Zudio - Salem Central 872,Salem,Tamil Nadu,2,,store872@zudio.in,2022-05-25,3398,22
873,Zudio - Aurangabad Mall 873,Aurangabad,Maharashtra,3,7127322792,store873@zudio.in,2022-03-17,2818,19
874,Zudio - Noida Mall 874,Noida,Uttar Pradesh,2,8202727497,store874@zudio.in,2025-09-26,2954,8
875,Zudio - Delhi Central 875,Delhi,Delhi,1,8898297125,,2020-12-11,3708,30
876,Zudio - Bengaluru Mall 876,Bengaluru,Karnataka,3,8259188186,store876@zudio.in,2025-02-05,4690,23
877,Zudio - Pune Central 877,Pune,Maharashtra,1,8112149163,store877@zudio.in,2020-12-29,3920,31
878,Zudio - Pune Mall 878,Pune,Maharashtra,2,7878594849,store878@zudio.in,2023-04-30,2213,19
879,Zudio - Mangaluru Central 879,Mangaluru,Karnataka,1,8327735104,store879@zudio.in,2022-05-20,3869,16
880,Zudio - Hubli Central 880,Hubli,Karnataka,2,9330111545,store880@zudio.in,2018-07-02,1583,25
881,Zudio - Jodhpur Central 881,Jodhpur,Rajasthan,2,9740018620,store881@zudio.in,2025-05-01,1200,27
882,Zudio - Coimbatore Central 882,Coimbatore,Tamil Nadu,2,9572646115,,2019-07-07,2808,9
883,Zudio - Kanpur Central 883,Kanpur,Uttar Pradesh,3,8583835480,store883@zudio.in,2025-10-25,4401,31
884,Zudio - Mysuru Mall 884,Mysuru,Karnataka,2,9103322154,store884@zudio.in,2025-08-13,3262,11
885,Zudio - Ghaziabad Central 885,Ghaziabad,Uttar Pradesh,2,7068599098,store885@zudio.in,2018-03-07,3618,32
886,Zudio - Agra Mall 886,Agra,Uttar Pradesh,2,8828330691,store886@zudio.in,2018-07-15,3582,34
887,Zudio - Delhi Central 887,Delhi,Delhi,1,7657052906,store887@zudio.in,2026-02-18,2698,18
888,Zudio - Rajkot Mall 888,Rajkot,Gujarat,1,9222658159,store888@zudio.in,2024-06-24,3250,13
889,Zudio - Coimbatore Central 889,coimbatore,Tamil Nadu,2,7583848047,store889@zudio.in,2024-08-06,3717,19
890,Zudio - Kota Central 890,Kota,Rajasthan,1,7562295669,store890@zudio.in,2022-06-27,3380,33
891,Zudio - Salem Central 891,Salem,Tamil Nadu,2,7050145285,store891@zudio.in,2022-07-25,3133,31
892,Zudio - Jaipur Mall 892,Jaipur,Rajasthan,1,,store892@zudio.in,2024-07-07,3248,11
893,Zudio - Kota Central 893,Kota,Rajasthan,3,7737928250,store893@zudio.in,2018-12-17,2901,34
894,Zudio - Nashik Central 894,Nashik,Maharashtra,1,7938144731,store894@zudio.in,2024-06-25,2239,24
895,Zudio - Delhi Mall 895,Delhi,Delhi,1,9291110015,store895@zudio.in,2019-04-26,4309,11
896,Zudio - Tiruchirapalli Mall 896,Tiruchirapalli,Tamil Nadu,1,8058140472,store896@zudio.in,2025-05-12,2851,22
897,Zudio - New Delhi Central 897,New Delhi,Delhi,2,9618050913,store897@zudio.in,2020-09-30,4017,9
898,Zudio - Jaipur Central 898,Jaipur,Rajasthan,2,8072617698,store898@zudio.in,2018-11-23,4099,10
899,Zudio - New Delhi Mall 899,  New Delhi  ,Delhi,3,7181525742,store899@zudio.in,2023-09-07,2267,14
900,Zudio - Salem Central 900,Salem,Tamil Nadu,3,9584674317,,2023-04-06,5909,30
901,Zudio - Hubli Mall 901,Hubli,Karnataka,1,7077662501,store901@zudio.in,2023-11-01,4467,16
902,Zudio - Hubli Mall 902,Hubli,Karnataka,2,7543116437,store902@zudio.in,2024-12-19,2804,34
903,Zudio - New Delhi Central 903,New Delhi,Delhi,2,8866285137,store903@zudio.in,2024-07-06,3435,9
904,Zudio - Madurai Central 904,Madurai,Tamil Nadu,3,8549315601,store904@zudio.in,2019-09-06,3482,21
905,Zudio - Howrah Mall 905,Howrah,West Bengal,3,9234711277,store905@zudio.in,2025-06-29,2788,24
906,Zudio - Siliguri Mall 906,Siliguri,West Bengal,3,9262624519,store906@zudio.in,2025-08-24,3415,18
907,Zudio - Delhi Central 907,Delhi,Delhi,2,7466116138,store907@zudio.in,2025-09-20,2662,25
908,Zudio - Ghaziabad Central 908,Ghaziabad,Uttar Pradesh,3,7595063033,store908@zudio.in,2025-04-15,2856,21
909,Zudio - Mangaluru Central 909,Mangaluru,Karnataka,1,8406678616,store909@zudio.in,2022-11-16,4047,9
910,Zudio - Tiruchirapalli Mall 910,Tiruchirapalli,Tamil Nadu,3,9392233510,store910@zudio.in,2019-12-07,3839,19
911,Zudio - Bengaluru Mall 911,Bengaluru,Karnataka,3,7160519747,store911@zudio.in,2025-08-06,3752,14
912,Zudio - Ghaziabad Mall 912,Ghaziabad,Uttar Pradesh,3,7093160485,store912@zudio.in,2024-09-12,4087,8
913,Zudio - Jodhpur Mall 913,Jodhpur,Rajasthan,2,8029258295,store913@zudio.in,2020-12-17,3548,20
914,Zudio - Rajkot Mall 914,Rajkot,Gujarat,2,9011695281,store914@zudio.in,2023-12-03,3176,14
915,Zudio - Madurai Mall 915,Madurai,Tamil Nadu,1,9641096173,store915@zudio.in,2021-12-13,2120,31
916,Zudio - Kanpur Mall 916,Kanpur,Uttar Pradesh,3,7262881814,store916@zudio.in,2025-03-08,4316,13
917,Zudio - Ahmedabad Central 917,Ahmedabad,Gujarat,2,7451096521,store917@zudio.in,2018-02-07,3083,10
918,Zudio - Jodhpur Mall 918,Jodhpur,Rajasthan,2,9514214134,store918@zudio.in,2025-01-19,3262,23
919,Zudio - Dwarka Central 919,Dwarka,Delhi,2,7766974892,store919@zudio.in,2022-09-10,3306,32
920,Zudio - Ahmedabad Mall 920,Ahmedabad,Gujarat,3,9725341525,store920@zudio.in,2020-01-29,3238,17
921,Zudio - Dwarka Central 921,Dwarka,Delhi,3,9158677991,store921@zudio.in,2019-09-11,3449,31
922,Zudio - Surat Mall 922,Surat,Gujarat,2,8866222876,store922@zudio.in,2019-11-17,3248,27
923,Zudio - Salem Mall 923,Salem,Tamil Nadu,3,9562943010,store923@zudio.in,2025-12-11,3363,33
924,Zudio - Siliguri Central 924,Siliguri,West Bengal,2,8475972176,store924@zudio.in,2020-04-02,2541,32
925,Zudio - Kolhapur Central 925,Kolhapur,Maharashtra,2,8747718893,store925@zudio.in,2023-03-26,3396,30
926,Zudio - Dwarka Central 926,Dwarka,Delhi,3,7447787497,store926@zudio.in,2025-04-09,2423,29
927,Zudio - Mysuru Mall 927,Mysuru,Karnataka,2,7666061897,store927@zudio.in,2023-04-21,3299,30
928,Zudio - Bengaluru Central 928,Bengaluru,Karnataka,3,7801751072,store928@zudio.in,2022-11-08,2425,24
929,Zudio - Durgapur Mall 929,Durgapur,West Bengal,1,8236378084,store929@zudio.in,2019-05-07,3041,30
930,Zudio - Madurai Central 930,Madurai,Tamil Nadu,2,7774876992,store930@zudio.in,2023-07-11,2320,13
931,Zudio - Kolhapur Mall 931,Kolhapur,Maharashtra,1,7373283410,store931@zudio.in,2019-09-12,2628,15
932,Zudio - Ahmedabad Mall 932,Ahmedabad,Gujarat,3,7032561738,store932@zudio.in,2018-12-01,2664,8
933,Zudio - Coimbatore Mall 933,Coimbatore,Tamil Nadu,2,8555530250,store933@zudio.in,2019-11-08,2989,9
934,Zudio - Delhi Mall 934,Delhi,Delhi,3,7908298883,store934@zudio.in,2025-05-18,0,18
935,Zudio - Kolkata Mall 935,Kolkata,West Bengal,3,9623426982,store935@zudio.in,2021-05-18,2642,31
936,Zudio - Udaipur Mall 936,Udaipur,Rajasthan,3,9378712950,store936@zudio.in,2022-10-10,2680,13
937,Zudio - Lucknow Central 937,Lucknow,Uttar Pradesh,3,9870360583,store937@zudio.in,2023-10-15,3357,9
938,Zudio - Kota Central 938,Kota,Rajasthan,3,8226338986,store938@zudio.in,2024-12-18,2336,14
939,Zudio - Pune Central 939,Pune,Maharashtra,2,7234945534,store939@zudio.in,2025-10-10,3250,20
940,Zudio - Tiruchirapalli Central 940,Tiruchirapalli,Tamil Nadu,3,9275418523,store940@zudio.in,2023-12-30,2993,8
941,Zudio - Delhi Central 941,Delhi,Delhi,1,8509231127,store941@zudio.in,2018-08-27,3200,8
942,Zudio - Madurai Central 942,Madurai,Tamil Nadu,1,9332588009,store942@zudio.in,2020-02-01,2691,24
943,Zudio - Howrah Mall 943,Howrah,West Bengal,2,8010826541,store943@zudio.in,2020-06-21,3520,23
944,Zudio - Ghaziabad Mall 944,Ghaziabad,Uttar Pradesh,2,8538348748,store944@zudio.in,2021-02-13,4986,19
945,Zudio - New Delhi Mall 945,New Delhi,Delhi,2,8058981173,store945@zudio.in,2019-10-06,3532,16
946,Zudio - Varanasi Central 946,Varanasi,Uttar Pradesh,1,7675174038,store946@zudio.in,2023-03-31,4225,25
947,Zudio - Salem Central 947,Salem,Tamil Nadu,2,7892881872,store947@zudio.in,2019-06-26,2888,28
948,Zudio - Vadodara Mall 948,Vadodara,Gujarat,3,8774311345,store948@zudio.in,2025-01-11,2573,24
949,Zudio - Coimbatore Mall 949,Coimbatore,Tamil Nadu,1,9050698821,store949@zudio.in,2021-02-15,3679,10
950,Zudio - Udaipur Mall 950,Udaipur,Rajasthan,2,8414336233,store950@zudio.in,2021-01-29,2595,33
951,Zudio - Rohini Mall 951,Rohini,Delhi,3,7884269599,store951@zudio.in,2025-09-09,1200,11
952,Zudio - Durgapur Central 952,Durgapur,West Bengal,3,7758183884,store952@zudio.in,2020-06-21,2831,17
953,Zudio - Durgapur Central 953,Durgapur,West Bengal,3,8075879783,store953@zudio.in,2023-02-16,4623,27
954,Zudio - Kolkata Central 954,Kolkata,West Bengal,2,8536042860,store954@zudio.in,2021-04-02,1800,13
955,Zudio - Vadodara Mall 955,Vadodara,Gujarat,2,8750168942,store955@zudio.in,2021-03-28,2823,21
956,Zudio - Kolhapur Central 956,Kolhapur,Maharashtra,2,7568195628,store956@zudio.in,2023-06-03,3522,34
957,Zudio - Durgapur Mall 957,Durgapur,West Bengal,1,9233217714,store957@zudio.in,2020-04-02,3912,24
958,Zudio - Vadodara Central 958,Vadodara,Gujarat,1,8979951875,store958@zudio.in,2018-10-17,1873,31
959,Zudio - Kolkata Central 959,Kolkata,West Bengal,2,9166596508,store959@zudio.in,2026-01-17,3583,34
960,Zudio - Noida Central 960,Noida,Uttar Pradesh,2,8383088713,store960@zudio.in,2023-03-09,2311,26
961,Zudio - Udaipur Mall 961,Udaipur,Rajasthan,1,9932829676,store961@zudio.in,2022-03-29,1200,33
962,Zudio - Mangaluru Mall 962,Mangaluru,Karnataka,1,8828466576,store962@zudio.in,2022-08-29,1818,22
963,Zudio - Nashik Mall 963,Nashik,Maharashtra,3,9634655558,store963@zudio.in,2023-09-17,3377,12
964,Zudio - Madurai Central 964,Madurai,Tamil Nadu,3,9601571501,store964@zudio.in,2021-09-07,3320,18
965,Zudio - Tiruchirapalli Mall 965,Tiruchirapalli,Tamil Nadu,2,8154798877,store965@zudio.in,2025-11-27,3610,34
966,Zudio - Howrah Central 966,Howrah,West Bengal,1,9418899587,store966@zudio.in,2020-11-05,5049,34
967,Zudio - Kanpur Central 967,Kanpur,Uttar Pradesh,3,8850439491,store967@zudio.in,2022-08-31,2354,18
968,Zudio - Kota Central 968,Kota,Rajasthan,1,8763631056,store968@zudio.in,2019-01-16,3022,25
969,Zudio - Durgapur Mall 969,Durgapur,West Bengal,2,9732816374,store969@zudio.in,2024-08-23,4060,10
970,Zudio - Udaipur Mall 970,Udaipur,Rajasthan,3,9846590039,store970@zudio.in,2024-07-15,2910,15
971,Zudio - Noida Mall 971,Noida,Uttar Pradesh,3,9793196740,store971@zudio.in,2025-12-28,3271,8
972,Zudio - Ahmedabad Central 972,Ahmedabad,Gujarat,2,9929218874,store972@zudio.in,2020-05-23,3587,14
973,Zudio - Mumbai Central 973,Mumbai,Maharashtra,2,7669399111,store973@zudio.in,2022-07-25,3656,34
974,Zudio - Mumbai Central 974,MUMBAI,Maharashtra,2,9905366237,store974@zudio.in,2024-02-21,3916,11
975,Zudio - Udaipur Mall 975,Udaipur,Rajasthan,2,7837451374,store975@zudio.in,2020-01-20,4241,8
976,Zudio - Jaipur Central 976,Jaipur,Rajasthan,3,7761456054,store976@zudio.in,2024-04-26,3583,21
977,Zudio - Dwarka Mall 977,Dwarka,Delhi,2,7951921406,store977@zudio.in,2023-02-26,3762,27
978,Zudio - Varanasi Central 978,Varanasi,Uttar Pradesh,3,8550136667,store978@zudio.in,2019-12-30,3662,12
979,Zudio - Rohini Mall 979,Rohini,Delhi,1,,store979@zudio.in,2020-11-13,1822,24
980,Zudio - Delhi Mall 980,Delhi,Delhi,3,8596476627,store980@zudio.in,2022-01-23,2509,23
981,Zudio - Siliguri Mall 981,Siliguri,West Bengal,2,9130552599,store981@zudio.in,2018-10-25,5629,34
982,Zudio - Surat Central 982,Surat,Gujarat,3,9700726153,store982@zudio.in,2022-08-13,3122,31
983,Zudio - Rohini Mall 983,Rohini,Delhi,1,9771187580,store983@zudio.in,2022-01-02,3102,12
984,Zudio - Nagpur Mall 984,Nagpur,Maharashtra,1,9326681408,store984@zudio.in,2018-02-05,4287,10
985,Zudio - Aurangabad Central 985,Aurangabad,Maharashtra,3,7411587823,store985@zudio.in,2022-09-13,2991,32
986,Zudio - Chennai Central 986,Chennai,Tamil Nadu,3,9794755723,store986@zudio.in,2025-01-14,1665,17
987,Zudio - Ahmedabad Central 987,Ahmedabad,Gujarat,1,9040474010,store987@zudio.in,2022-04-01,4193,15
988,Zudio - Udaipur Mall 988,Udaipur,Rajasthan,2,8074122391,store988@zudio.in,2025-08-10,3038,32
989,Zudio - Kanpur Central 989,Kanpur,Uttar Pradesh,1,8016047221,store989@zudio.in,2021-10-13,2561,30
990,Zudio - Rohini Central 990,Rohini,Delhi,2,8991895344,store990@zudio.in,2023-03-23,2362,13
991,Zudio - Chennai Mall 991,Chennai,Tamil Nadu,2,9402260805,store991@zudio.in,2024-01-15,3503,16
992,Zudio - Delhi Central 992,Delhi,Delhi,2,,store992@zudio.in,2023-11-20,2966,20
993,Zudio - Nagpur Mall 993,Nagpur,Maharashtra,1,7197939468,store993@zudio.in,2025-12-19,3439,31
994,Zudio - Agra Central 994,Agra,Uttar Pradesh,2,9101548720,store994@zudio.in,2025-07-08,4143,20
995,Zudio - Howrah Mall 995,Howrah,West Bengal,2,9638815673,store995@zudio.in,2018-05-12,2651,27
996,Zudio - Kota Central 996,Kota,Rajasthan,1,7344749529,store996@zudio.in,2021-05-09,4434,19
997,Zudio - Rajkot Mall 997,Rajkot,Gujarat,3,7328792627,store997@zudio.in,2020-03-14,4548,24
998,Zudio - Kota Central 998,Kota,Rajasthan,2,9845096646,store998@zudio.in,2024-12-19,4581,20
999,Zudio - Kolkata Central 999,Kolkata,West Bengal,2,9093425265,store999@zudio.in,2021-07-30,3077,18
1000,Zudio - Nagpur Central 1000,Nagpur,Maharashtra,3,8998616412,store1000@zudio.in,2019-10-11,4419,17
1001,Zudio - Noida Central 1001,Noida,Uttar Pradesh,2,8433469485,store1001@zudio.in,2023-06-19,2494,14
1002,Zudio - Varanasi Central 1002,Varanasi,Uttar Pradesh,1,9434553938,store1002@zudio.in,2026-02-09,2484,28
1003,Zudio - New Delhi Central 1003,New Delhi,Delhi,2,8700484610,store1003@zudio.in,2024-12-06,2247,15
1004,Zudio - Rajkot Central 1004,Rajkot,Gujarat,2,8406262544,store1004@zudio.in,2025-10-07,2185,25
1005,Zudio - Udaipur Mall 1005,Udaipur,Rajasthan,2,9612441518,store1005@zudio.in,2025-10-08,3499,17
1006,Zudio - Dwarka Mall 1006,Dwarka,Delhi,3,9739483090,store1006@zudio.in,2021-06-05,4015,14
1007,Zudio - Kolhapur Central 1007,Kolhapur,Maharashtra,1,,store1007@zudio.in,2021-09-08,3017,31
1008,Zudio - Delhi Mall 1008,Delhi,Delhi,3,9628721138,store1008@zudio.in,2018-04-15,3364,13
1009,Zudio - Siliguri Central 1009,Siliguri,West Bengal,3,7142913969,store1009@zudio.in,2019-09-17,2778,23
1010,Zudio - New Delhi Mall 1010,New Delhi,Delhi,2,7860734749,store1010@zudio.in,2025-02-03,4579,29
1011,Zudio - Hubli Central 1011,Hubli,Karnataka,1,9460035831,store1011@zudio.in,2018-04-24,3998,33
1012,Zudio - Agra Central 1012,Agra,Uttar Pradesh,3,7198285205,store1012@zudio.in,2023-11-30,4075,31
1013,Zudio - Udaipur Mall 1013,Udaipur,Rajasthan,3,7176284646,store1013@zudio.in,2024-05-06,3027,23
1014,Zudio - New Delhi Central 1014,New Delhi,Delhi,2,8990281161,store1014@zudio.in,2025-10-15,2992,24
1015,Zudio - Siliguri Central 1015,Siliguri,West Bengal,1,9623159201,store1015@zudio.in,2021-09-07,4822,34
1016,Zudio - Dwarka Central 1016,Dwarka,Delhi,1,7246618459,store1016@zudio.in,2019-07-15,3118,17
1017,Zudio - Surat Mall 1017,Surat,Gujarat,2,9412831428,store1017@zudio.in,2019-01-24,4474,26
1018,Zudio - Bengaluru Central 1018,Bengaluru,Karnataka,1,7531493760,store1018@zudio.in,2020-03-23,2001,30
1019,Zudio - Vadodara Central 1019,Vadodara,Gujarat,1,7719517298,store1019@zudio.in,2020-04-06,2832,27
1020,Zudio - Howrah Central 1020,Howrah,West Bengal,2,9460813801,store1020@zudio.in,2018-01-06,3472,33
1021,Zudio - Dwarka Central 1021,Dwarka,Delhi,3,7274379897,store1021@zudio.in,2020-12-06,3710,19
1022,Zudio - Ghaziabad Central 1022,Ghaziabad,Uttar Pradesh,1,8257677585,store1022@zudio.in,2022-09-04,3754,14
1023,Zudio - Delhi Mall 1023,Delhi,Delhi,3,9458381083,store1023@zudio.in,2023-01-05,1578,34
1024,Zudio - Howrah Central 1024,Howrah,West Bengal,3,9988596390,store1024@zudio.in,2020-09-08,2458,17
1025,Zudio - Mumbai Mall 1025,Mumbai,Maharashtra,3,8234969869,store1025@zudio.in,2024-07-21,2467,20
1026,Zudio - Noida Mall 1026,Noida,Uttar Pradesh,2,8699858172,store1026@zudio.in,2019-04-16,3200,32
1027,Zudio - New Delhi Central 1027,New Delhi,Delhi,1,9988665918,store1027@zudio.in,2021-05-19,3647,10
1028,Zudio - Madurai Central 1028,Madurai,Tamil Nadu,2,7512566803,store1028@zudio.in,2024-03-01,3014,19
1029,Zudio - Surat Mall 1029,Surat,Gujarat,2,7076536329,store1029@zudio.in,2025-08-07,4112,26
1030,Zudio - Vadodara Mall 1030,Vadodara,Gujarat,2,8281294502,store1030@zudio.in,2023-08-08,2775,21
1031,Zudio - Delhi Central 1031,Delhi,Delhi,1,9035656592,store1031@zudio.in,2023-08-03,2288,17
1032,Zudio - Rajkot Mall 1032,Rajkot,Gujarat,2,9853275546,store1032@zudio.in,2023-09-10,3905,34
1033,Zudio - Noida Mall 1033,Noida,Uttar Pradesh,2,8324097573,store1033@zudio.in,2021-03-08,3767,28
1034,Zudio - Siliguri Mall 1034,Siliguri,West Bengal,2,9283449915,store1034@zudio.in,2020-01-23,2327,25
1035,Zudio - Aurangabad Mall 1035,Aurangabad,Maharashtra,2,9280940439,store1035@zudio.in,2021-09-04,2632,9
1036,Zudio - Dwarka Mall 1036,Dwarka,Delhi,2,8801528014,store1036@zudio.in,2023-02-11,3564,28
1037,Zudio - Kanpur Mall 1037,Kanpur,Uttar Pradesh,2,7286324325,store1037@zudio.in,2021-09-07,3003,23
1038,Zudio - Varanasi Central 1038,Varanasi,Uttar Pradesh,2,7974758077,store1038@zudio.in,2025-11-04,2880,21
1039,Zudio - Vadodara Mall 1039,Vadodara,Gujarat,2,7319453235,store1039@zudio.in,2020-04-11,4319,20
1040,Zudio - Salem Mall 1040,Salem,Tamil Nadu,3,9031511551,store1040@zudio.in,2018-10-05,1625,17
1041,Zudio - Mysuru Central 1041,Mysuru,Karnataka,3,,store1041@zudio.in,2019-10-06,3093,22
1042,Zudio - Nashik Mall 1042,Nashik,Maharashtra,2,9475326138,store1042@zudio.in,2022-05-12,2558,32
1043,Zudio - Ahmedabad Mall 1043,Ahmedabad,Gujarat,1,8068130281,store1043@zudio.in,2024-10-17,3453,21
1044,Zudio - Surat Central 1044,Surat,Gujarat,1,8234086387,store1044@zudio.in,2021-04-01,2162,18
1045,Zudio - Jodhpur Central 1045,Jodhpur,Rajasthan,2,7672428969,,2019-10-05,3069,31
1046,Zudio - Nashik Central 1046,Nashik,Maharashtra,1,7880758969,store1046@zudio.in,2024-11-16,2469,28
1047,Zudio - Vadodara Central 1047,Vadodara,Gujarat,3,9200850589,store1047@zudio.in,2020-05-11,2274,22
1048,Zudio - Surat Mall 1048,Surat,Gujarat,1,9961112615,store1048@zudio.in,2025-07-21,3579,34
1049,Zudio - Howrah Mall 1049,Howrah,West Bengal,3,7387816948,store1049@zudio.in,2024-06-10,2100,9
1050,Zudio - Rajkot Central 1050,Rajkot,Gujarat,1,7255260603,store1050@zudio.in,2021-08-03,2768,24
1051,Zudio - Hubli Mall 1051,Hubli,Karnataka,2,7567556442,store1051@zudio.in,2023-06-08,2715,24
1052,Zudio - Salem Mall 1052,Salem,Tamil Nadu,3,8972063732,store1052@zudio.in,2022-07-27,2604,34
1053,Zudio - Madurai Central 1053,Madurai,Tamil Nadu,1,9055742527,store1053@zudio.in,2025-09-23,1996,22
1054,Zudio - Noida Central 1054,Noida,Uttar Pradesh,2,9746625073,store1054@zudio.in,2021-09-13,3339,32
1055,Zudio - Noida Mall 1055,Noida,Uttar Pradesh,2,8478475301,store1055@zudio.in,2019-05-17,4148,15
1056,Zudio - Mumbai Central 1056,Mumbai,Maharashtra,2,8240727766,store1056@zudio.in,2019-07-02,2888,11
1057,Zudio - Tiruchirapalli Mall 1057,Tiruchirapalli,Tamil Nadu,1,8176818026,store1057@zudio.in,2018-02-10,2373,24
1058,Zudio - Howrah Central 1058,Howrah,West Bengal,3,9418533650,store1058@zudio.in,2026-02-07,2285,20
1059,Zudio - Kota Central 1059,Kota,Rajasthan,1,8475132771,store1059@zudio.in,2025-12-13,1906,19
1060,Zudio - Surat Central 1060,Surat,Gujarat,3,9858590727,store1060@zudio.in,2022-03-20,2553,33
1061,Zudio - Tiruchirapalli Mall 1061,Tiruchirapalli,Tamil Nadu,1,8803541006,store1061@zudio.in,2020-01-23,2919,14
1062,Zudio - Aurangabad Central 1062,Aurangabad,Maharashtra,1,9976672176,store1062@zudio.in,2020-03-29,3583,11
1063,Zudio - Delhi Central 1063,Delhi,Delhi,3,8006711864,store1063@zudio.in,2018-08-06,2963,28
1064,Zudio - Kota Central 1064,Kota,Rajasthan,1,9640715756,store1064@zudio.in,2021-01-31,2588,15
1065,Zudio - Aurangabad Central 1065,Aurangabad,Maharashtra,1,7548118653,store1065@zudio.in,2025-09-17,4895,18
1066,Zudio - Udaipur Central 1066,Udaipur,Rajasthan,3,9150123708,store1066@zudio.in,2023-05-12,2743,17
1067,Zudio - Bengaluru Mall 1067,Bengaluru,Karnataka,2,9532229786,store1067@zudio.in,2022-03-06,2704,24
1068,Zudio - Kanpur Mall 1068,Kanpur,Uttar Pradesh,2,9337576239,store1068@zudio.in,2020-08-15,2989,19
1069,Zudio - Jodhpur Mall 1069,Jodhpur,Rajasthan,1,8616362111,,2024-09-03,3192,27
1070,Zudio - Jodhpur Central 1070,Jodhpur,Rajasthan,2,9782431336,store1070@zudio.in,2024-07-20,3592,32
1071,Zudio - Ahmedabad Mall 1071,Ahmedabad,Gujarat,3,9915175100,store1071@zudio.in,2021-05-09,3585,13
1072,Zudio - Rajkot Central 1072,Rajkot,Gujarat,1,9663951357,,2021-03-05,1461,33
1073,Zudio - Bengaluru Central 1073,Bengaluru,Karnataka,2,9302867728,store1073@zudio.in,2022-07-05,2466,16
1074,Zudio - Ghaziabad Central 1074,Ghaziabad,Uttar Pradesh,2,8494188319,store1074@zudio.in,2025-07-22,2468,8
1075,Zudio - Nagpur Central 1075,Nagpur,Maharashtra,2,9579832484,store1075@zudio.in,2022-09-01,3803,11
1076,Zudio - Surat Central 1076,Surat,Gujarat,2,7529793107,store1076@zudio.in,2018-08-21,1449,9
1077,Zudio - Aurangabad Mall 1077,Aurangabad,Maharashtra,2,9889383719,store1077@zudio.in,2022-04-11,2898,25
1078,Zudio - Rajkot Central 1078,Rajkot,Gujarat,3,7528862212,store1078@zudio.in,2022-09-13,3876,9
1079,Zudio - Surat Central 1079,Surat,Gujarat,3,8730043500,store1079@zudio.in,2023-12-03,3920,10
1080,Zudio - Mangaluru Central 1080,Mangaluru,Karnataka,3,7337775121,store1080@zudio.in,2022-06-24,4118,9
1081,Zudio - Nagpur Mall 1081,Nagpur,Maharashtra,1,9135726611,store1081@zudio.in,2019-01-15,3748,26
1082,Zudio - Hubli Mall 1082,Hubli,Karnataka,1,7996511438,store1082@zudio.in,2021-11-22,3533,18
1083,Zudio - Kota Central 1083,Kota,Rajasthan,2,8454589136,store1083@zudio.in,2019-07-09,4347,21
1084,Zudio - Mysuru Mall 1084,Mysuru,Karnataka,3,8799576318,store1084@zudio.in,2022-07-25,4322,30
1085,Zudio - Delhi Central 1085,Delhi,Delhi,1,7431192691,store1085@zudio.in,2024-12-12,5023,11
1086,Zudio - Kolhapur Central 1086,Kolhapur,Maharashtra,1,8645544158,store1086@zudio.in,2021-08-16,2945,23
1087,Zudio - Dwarka Central 1087,Dwarka,Delhi,2,8243917243,store1087@zudio.in,2025-03-23,3627,28
1088,Zudio - Kolkata Central 1088,Kolkata,West Bengal,2,8391089999,store1088@zudio.in,2024-01-26,3012,31
1089,Zudio - Mangaluru Mall 1089,Mangaluru,Karnataka,3,7998982927,store1089@zudio.in,2021-02-26,4018,33
1090,Zudio - Dwarka Central 1090,Dwarka,Delhi,2,8676446638,store1090@zudio.in,2022-04-23,2775,16
1091,Zudio - Kanpur Mall 1091,Kanpur,Uttar Pradesh,2,9175927759,store1091@zudio.in,2020-07-27,2914,19
1092,Zudio - Durgapur Central 1092,Durgapur,West Bengal,2,7540558076,store1092@zudio.in,2023-05-21,3381,22
1093,Zudio - Udaipur Mall 1093,Udaipur,Rajasthan,3,9691511782,store1093@zudio.in,2020-11-13,2088,26
1094,Zudio - Coimbatore Mall 1094,Coimbatore,Tamil Nadu,1,8542322882,store1094@zudio.in,2019-12-22,4284,27
1095,Zudio - Vadodara Mall 1095,Vadodara,Gujarat,2,7304041301,store1095@zudio.in,2019-11-02,2594,8
1096,Zudio - Surat Mall 1096,Surat,Gujarat,2,8962523478,store1096@zudio.in,2025-07-25,2418,24
1097,Zudio - Nashik Central 1097,Nashik,Maharashtra,3,9833331018,store1097@zudio.in,2019-05-29,2981,9
1098,Zudio - Rajkot Mall 1098,Rajkot,Gujarat,2,7397298036,store1098@zudio.in,2025-06-28,3001,33
1099,Zudio - Hubli Central 1099,Hubli,Karnataka,3,9468960952,store1099@zudio.in,2022-12-29,1200,26
1100,Zudio - New Delhi Central 1100,New Delhi,Delhi,1,7343490803,store1100@zudio.in,2025-08-06,3658,28
1101,Zudio - Surat Mall 1101,Surat,Gujarat,1,7450815340,store1101@zudio.in,2024-12-14,4269,19
1102,Zudio - Dwarka Central 1102,Dwarka,Delhi,3,9372383700,store1102@zudio.in,2020-05-12,2781,28
1103,Zudio - Howrah Central 1103,Howrah,West Bengal,1,8137982283,store1103@zudio.in,2019-10-22,3808,29
1104,Zudio - Coimbatore Central 1104,Coimbatore,Tamil Nadu,2,7823462688,store1104@zudio.in,2025-05-05,3703,16
1105,Zudio - Ghaziabad Central 1105,Ghaziabad,Uttar Pradesh,3,9110442983,store1105@zudio.in,2019-09-06,2435,24
1106,Zudio - Coimbatore Central 1106,Coimbatore,Tamil Nadu,3,9094975481,store1106@zudio.in,2025-01-27,3534,16
1107,Zudio - Madurai Mall 1107,Madurai,Tamil Nadu,3,7693776963,store1107@zudio.in,2018-01-15,3015,11
1108,Zudio - Vadodara Mall 1108,Vadodara,Gujarat,2,9427750213,store1108@zudio.in,2021-03-31,3779,28
1109,Zudio - Kolhapur Central 1109,Kolhapur,Maharashtra,3,9347855130,store1109@zudio.in,2021-05-27,3578,24
1110,Zudio - Hubli Mall 1110,Hubli,Karnataka,2,9209287129,store1110@zudio.in,2023-06-30,3413,11
1111,Zudio - Bengaluru Central 1111,Bengaluru,Karnataka,2,8015452320,store1111@zudio.in,2021-06-20,3767,22
1112,Zudio - Surat Central 1112,Surat,Gujarat,2,7169986073,store1112@zudio.in,2025-05-12,2731,17
1113,Zudio - Kanpur Central 1113,  Kanpur  ,Uttar Pradesh,3,8338149850,store1113@zudio.in,2019-08-14,2189,25
1114,Zudio - Madurai Mall 1114,Madurai,Tamil Nadu,2,8462467675,store1114@zudio.in,2020-08-28,3757,12
1115,Zudio - Kanpur Central 1115,Kanpur,Uttar Pradesh,3,8555981912,store1115@zudio.in,2026-02-28,3438,33
1116,Zudio - Salem Mall 1116,Salem,Tamil Nadu,1,7926036952,store1116@zudio.in,2022-12-24,3866,13
1117,Zudio - Kolhapur Central 1117,Kolhapur,Maharashtra,3,,store1117@zudio.in,2024-12-22,1955,26
1118,Zudio - Pune Central 1118,Pune,Maharashtra,2,7925777697,store1118@zudio.in,2018-06-12,2667,22
1119,Zudio - Hubli Mall 1119,Hubli,Karnataka,1,7731459031,store1119@zudio.in,2025-04-24,4188,29
1120,Zudio - Rajkot Mall 1120,Rajkot,Gujarat,2,8248847717,store1120@zudio.in,2020-01-13,1976,31
1121,Zudio - Mysuru Mall 1121,Mysuru,Karnataka,2,9380743310,store1121@zudio.in,2020-03-19,3310,31
1122,Zudio - Jaipur Central 1122,Jaipur,Rajasthan,2,7773320571,store1122@zudio.in,2025-02-01,2591,18
1123,Zudio - Coimbatore Mall 1123,Coimbatore,Tamil Nadu,3,8142736550,store1123@zudio.in,2020-11-16,4106,28
1124,Zudio - Dwarka Central 1124,Dwarka,Delhi,2,7888077726,store1124@zudio.in,2024-09-27,2275,15
1125,Zudio - Agra Mall 1125,Agra,Uttar Pradesh,1,8987585511,store1125@zudio.in,2025-02-19,3086,8
1126,Zudio - Coimbatore Mall 1126,Coimbatore,Tamil Nadu,1,7906718443,store1126@zudio.in,2025-03-02,2707,17
1127,Zudio - Ghaziabad Central 1127,Ghaziabad,Uttar Pradesh,2,7646420297,store1127@zudio.in,2018-03-29,2630,20
1128,Zudio - Rajkot Mall 1128,Rajkot,Gujarat,2,9233987848,store1128@zudio.in,2018-06-25,3110,18
1129,Zudio - Madurai Mall 1129,Madurai,Tamil Nadu,2,8744782417,store1129@zudio.in,2020-02-08,3007,34
1130,Zudio - Jaipur Mall 1130,Jaipur,Rajasthan,1,7895898929,store1130@zudio.in,2022-07-28,3671,12
1131,Zudio - Jaipur Central 1131,Jaipur,Rajasthan,2,9705341026,store1131@zudio.in,2021-12-20,2450,29
1132,Zudio - Tiruchirapalli Mall 1132,Tiruchirapalli,Tamil Nadu,3,9401545117,,2019-12-07,2476,14
1133,Zudio - Kolkata Central 1133,Kolkata,West Bengal,2,7302799382,store1133@zudio.in,2025-09-08,-3552,24
1134,Zudio - New Delhi Mall 1134,New Delhi,Delhi,1,8899679269,store1134@zudio.in,2025-05-11,3386,20
1135,Zudio - New Delhi Mall 1135,New Delhi,Delhi,3,8336652375,store1135@zudio.in,2023-03-10,3361,28
1136,Zudio - Siliguri Mall 1136,Siliguri,West Bengal,1,7379387324,store1136@zudio.in,2026-02-28,3097,9
1137,Zudio - Varanasi Mall 1137,Varanasi,Uttar Pradesh,3,7865198366,store1137@zudio.in,2020-09-18,3963,23
1138,Zudio - Udaipur Mall 1138,Udaipur,Rajasthan,2,9669332269,store1138@zudio.in,2021-11-28,2772,25
1139,Zudio - Pune Mall 1139,Pune,Maharashtra,2,7451073553,,2019-06-29,4350,10
1140,Zudio - Mysuru Mall 1140,Mysuru,Karnataka,3,8159032550,store1140@zudio.in,2024-07-19,3523,30
1141,Zudio - Nagpur Central 1141,Nagpur,Maharashtra,1,9406356261,store1141@zudio.in,2023-07-17,2937,33
1142,Zudio - Nashik Central 1142,Nashik,Maharashtra,1,9050770593,store1142@zudio.in,2018-12-08,3235,18
1143,Zudio - Tiruchirapalli Central 1143,Tiruchirapalli,Tamil Nadu,2,9614990909,store1143@zudio.in,2024-12-23,3999,28
1144,Zudio - Lucknow Mall 1144,Lucknow,Uttar Pradesh,3,,store1144@zudio.in,2023-08-14,2459,30
1145,Zudio - Mangaluru Central 1145,Mangaluru,Karnataka,2,9276561655,store1145@zudio.in,2019-09-09,3234,29
1146,Zudio - Pune Central 1146,Pune,Maharashtra,1,8085821081,store1146@zudio.in,2025-11-11,2763,20
1147,Zudio - Varanasi Central 1147,Varanasi,Uttar Pradesh,3,8017045279,store1147@zudio.in,2025-09-02,2493,34
1148,Zudio - Agra Mall 1148,Agra,Uttar Pradesh,3,8829852479,store1148@zudio.in,2020-12-14,4206,31
1149,Zudio - Vadodara Mall 1149,Vadodara,Gujarat,2,,store1149@zudio.in,2023-01-10,2816,12
1150,Zudio - Salem Central 1150,Salem,Tamil Nadu,1,9829329440,,2018-11-28,3837,31
1151,Zudio - Pune Mall 1151,Pune,Maharashtra,2,9644880470,store1151@zudio.in,2018-11-22,1984,27
1152,Zudio - Surat Central 1152,Surat,Gujarat,3,8378448961,store1152@zudio.in,2022-12-02,3245,31
1153,Zudio - Delhi Central 1153,Delhi,Delhi,2,9975338787,store1153@zudio.in,2024-08-16,3606,11
1154,Zudio - Noida Central 1154,noida,Uttar Pradesh,2,8521873866,store1154@zudio.in,2022-07-30,2640,13
1155,Zudio - Udaipur Central 1155,Udaipur,Rajasthan,3,7865649446,store1155@zudio.in,2024-05-03,2112,28
1156,Zudio - Ghaziabad Mall 1156,Ghaziabad,Uttar Pradesh,3,9687136146,store1156@zudio.in,2021-06-11,3082,15
1157,Zudio - Delhi Mall 1157,Delhi,Delhi,1,9785793211,store1157@zudio.in,2018-01-13,4071,13
1158,Zudio - Pune Central 1158,Pune,Maharashtra,1,9630832758,store1158@zudio.in,2021-06-29,3022,21
1159,Zudio - Vadodara Central 1159,Vadodara,Gujarat,2,8943040347,store1159@zudio.in,2022-12-04,3240,27
1160,Zudio - Pune Mall 1160,Pune,Maharashtra,1,9525525010,store1160@zudio.in,2020-12-28,3037,16
1161,Zudio - Kolhapur Mall 1161,Kolhapur,Maharashtra,2,9580665705,store1161@zudio.in,2025-09-16,3114,16
1162,Zudio - Kanpur Mall 1162,Kanpur,Uttar Pradesh,1,9002931817,store1162@zudio.in,2022-11-08,2862,26
1163,Zudio - Agra Central 1163,Agra,Uttar Pradesh,3,9635669055,store1163@zudio.in,2022-01-06,1949,25
1164,Zudio - New Delhi Mall 1164,New Delhi,Delhi,3,7718446856,store1164@zudio.in,2025-01-02,3072,23
1165,Zudio - Kolkata Mall 1165,Kolkata,West Bengal,2,9451647070,store1165@zudio.in,2021-05-01,3087,15
1166,Zudio - Pune Central 1166,Pune,Maharashtra,1,8743480833,store1166@zudio.in,2024-04-17,2257,24
1167,Zudio - New Delhi Central 1167,New Delhi,Delhi,2,9310648160,store1167@zudio.in,2019-04-25,3491,29
1168,Zudio - Ghaziabad Central 1168,Ghaziabad,Uttar Pradesh,2,7739059320,store1168@zudio.in,2024-12-04,2032,19
1169,Zudio - Surat Mall 1169,Surat,Gujarat,3,8863569056,store1169@zudio.in,2023-07-22,2591,12
1170,Zudio - Rohini Mall 1170,Rohini,Delhi,1,7014370117,store1170@zudio.in,2023-10-18,2474,13
1171,Zudio - Aurangabad Central 1171,Aurangabad,Maharashtra,1,8400088411,store1171@zudio.in,2026-02-14,2986,21
1172,Zudio - Siliguri Central 1172,Siliguri,West Bengal,1,8861529021,store1172@zudio.in,2023-04-24,4170,30
1173,Zudio - Rajkot Central 1173,Rajkot,Gujarat,2,8625558616,store1173@zudio.in,2025-01-16,3585,32
1174,Zudio - Noida Mall 1174,Noida,Uttar Pradesh,2,7296653683,store1174@zudio.in,2021-12-07,3657,33
1175,Zudio - Aurangabad Mall 1175,Aurangabad,Maharashtra,3,9019916193,store1175@zudio.in,2024-10-27,3340,20
1176,Zudio - Lucknow Mall 1176,Lucknow,Uttar Pradesh,3,9025865693,store1176@zudio.in,2021-01-19,3369,32
1177,Zudio - Ahmedabad Mall 1177,Ahmedabad,Gujarat,2,9140591814,store1177@zudio.in,2019-08-09,2404,8
1178,Zudio - Ahmedabad Mall 1178,Ahmedabad,Gujarat,2,9202651245,store1178@zudio.in,2018-06-10,3668,20
1179,Zudio - Mangaluru Mall 1179,Mangaluru,Karnataka,3,8059384554,store1179@zudio.in,2018-01-28,3357,21
1180,Zudio - Kolkata Central 1180,Kolkata,West Bengal,1,8948972945,store1180@zudio.in,2018-02-23,4302,32
1181,Zudio - Lucknow Mall 1181,lucknow,Uttar Pradesh,3,8694637166,store1181@zudio.in,2018-06-08,2562,21
1182,Zudio - Kota Central 1182,Kota,Rajasthan,3,9670625382,store1182@zudio.in,2018-03-01,4273,28
1183,Zudio - Mysuru Mall 1183,Mysuru,Karnataka,2,7164811635,store1183@zudio.in,2019-01-17,3275,26
1184,Zudio - Jaipur Central 1184,Jaipur,Rajasthan,2,7702787866,store1184@zudio.in,2020-08-14,4052,8
1185,Zudio - Howrah Central 1185,Howrah,West Bengal,2,9034564492,store1185@zudio.in,2024-07-20,4273,20
1186,Zudio - Tiruchirapalli Central 1186,Tiruchirapalli,Tamil Nadu,1,8927541943,store1186@zudio.in,2021-11-19,3375,18
1187,Zudio - Lucknow Mall 1187,Lucknow,Uttar Pradesh,1,9440085510,store1187@zudio.in,2021-01-07,2842,12
1188,Zudio - Nagpur Central 1188,Nagpur,Maharashtra,1,9232470959,store1188@zudio.in,2023-08-09,4178,24
1189,Zudio - Pune Mall 1189,Pune,Maharashtra,1,8223149440,store1189@zudio.in,2020-07-22,2357,16
1190,Zudio - Mysuru Mall 1190,Mysuru,Karnataka,2,8719295702,store1190@zudio.in,2020-06-18,3385,22
1191,Zudio - Coimbatore Central 1191,Coimbatore,Tamil Nadu,1,8416718853,store1191@zudio.in,2021-02-02,3058,29
1192,Zudio - Kota Central 1192,Kota,Rajasthan,2,8832131540,store1192@zudio.in,2021-11-30,5158,25
1193,Zudio - Chennai Central 1193,Chennai,Tamil Nadu,2,8498729801,store1193@zudio.in,2023-08-25,3566,31
1194,Zudio - Mysuru Central 1194,Mysuru,Karnataka,2,9680997439,store1194@zudio.in,2026-01-02,3203,13
1195,Zudio - Udaipur Mall 1195,Udaipur,Rajasthan,2,8728947959,store1195@zudio.in,2024-07-03,2669,21
1196,Zudio - Kanpur Mall 1196,Kanpur,Uttar Pradesh,1,7926099577,store1196@zudio.in,2022-10-19,3867,26
1197,Zudio - Durgapur Mall 1197,Durgapur,West Bengal,2,9013274317,store1197@zudio.in,2018-08-09,2680,13
1198,Zudio - Aurangabad Central 1198,Aurangabad,Maharashtra,1,8479419619,store1198@zudio.in,2021-01-17,3976,9
1199,Zudio - Noida Mall 1199,Noida,Uttar Pradesh,2,7441460638,store1199@zudio.in,2019-08-28,3689,32
1200,Zudio - Kota Central 1200,Kota,Rajasthan,1,9504766592,store1200@zudio.in,2024-10-13,3976,32
1201,Zudio - Rohini Central 1201,Rohini,Delhi,2,9663921723,store1201@zudio.in,2018-08-03,3102,20
1202,Zudio - Lucknow Mall 1202,Lucknow,Uttar Pradesh,3,8939862605,store1202@zudio.in,2018-03-25,4485,17
1203,Zudio - Madurai Central 1203,Madurai,Tamil Nadu,2,7009258046,store1203@zudio.in,2022-07-13,2798,11
1204,Zudio - Udaipur Mall 1204,Udaipur,Rajasthan,2,8249063962,store1204@zudio.in,2024-12-14,3754,32
1205,Zudio - Coimbatore Mall 1205,Coimbatore,Tamil Nadu,1,8005143636,store1205@zudio.in,2023-09-29,2936,10
1206,Zudio - Siliguri Mall 1206,Siliguri,West Bengal,2,8593792171,store1206@zudio.in,2026-01-18,2683,10
1207,Zudio - Surat Mall 1207,Surat,Gujarat,2,8905633167,store1207@zudio.in,2021-01-27,2197,9
1208,Zudio - Durgapur Central 1208,Durgapur,West Bengal,2,7173532793,store1208@zudio.in,2020-02-21,3697,23
1209,Zudio - Chennai Central 1209,Chennai,Tamil Nadu,2,9458070906,store1209@zudio.in,2019-09-24,3448,27
1210,Zudio - Durgapur Mall 1210,Durgapur,West Bengal,3,7019863450,store1210@zudio.in,2025-01-14,3534,32
1211,Zudio - Udaipur Central 1211,Udaipur,Rajasthan,2,9091353882,,2025-07-15,2812,25
1212,Zudio - Chennai Central 1212,Chennai,Tamil Nadu,2,7620538440,store1212@zudio.in,2023-10-22,3659,13
1213,Zudio - Salem Central 1213,Salem,Tamil Nadu,2,8692453750,store1213@zudio.in,2020-12-19,3873,22
1214,Zudio - Hubli Mall 1214,Hubli,Karnataka,2,9727679344,store1214@zudio.in,2022-04-03,2666,10
1215,Zudio - Bengaluru Mall 1215,Bengaluru,Karnataka,1,7617833706,store1215@zudio.in,2020-09-24,4492,25
1216,Zudio - Mangaluru Central 1216,Mangaluru,Karnataka,1,7541017040,store1216@zudio.in,2018-11-06,3142,29
1217,Zudio - Udaipur Central 1217,Udaipur,Rajasthan,3,8780093360,store1217@zudio.in,2022-09-13,2662,16
1218,Zudio - Vadodara Central 1218,Vadodara,Gujarat,3,9889248550,store1218@zudio.in,2024-05-30,3164,33
1219,Zudio - Kanpur Central 1219,Kanpur,Uttar Pradesh,2,9494481601,store1219@zudio.in,2020-05-08,2608,21
1220,Zudio - Kota Mall 1220,Kota,Rajasthan,3,9528367195,store1220@zudio.in,2024-02-05,1472,31
1221,Zudio - Chennai Central 1221,Chennai,Tamil Nadu,3,8549916517,store1221@zudio.in,2024-09-06,2942,18
1222,Zudio - Aurangabad Mall 1222,Aurangabad,Maharashtra,1,8584619592,store1222@zudio.in,2020-10-14,1568,29
1223,Zudio - Mumbai Mall 1223,Mumbai,Maharashtra,3,8701070429,store1223@zudio.in,2025-09-16,2589,21
1224,Zudio - Kolkata Mall 1224,Kolkata,West Bengal,2,9789666854,store1224@zudio.in,2024-02-09,2858,27
1225,Zudio - Madurai Mall 1225,Madurai,Tamil Nadu,2,7229282751,store1225@zudio.in,2019-01-30,4673,34
1226,Zudio - Salem Central 1226,Salem,Tamil Nadu,3,9629156413,store1226@zudio.in,2023-11-22,3482,10
1227,Zudio - Agra Central 1227,  Agra  ,Uttar Pradesh,3,7012256951,store1227@zudio.in,2019-05-05,3908,31
1228,Zudio - Nashik Central 1228,Nashik,Maharashtra,2,7805651785,store1228@zudio.in,2024-11-04,2096,28
1229,Zudio - Mangaluru Mall 1229,Mangaluru,Karnataka,2,8159467324,store1229@zudio.in,2024-09-30,2789,24
1230,Zudio - Nagpur Central 1230,Nagpur,Maharashtra,3,9186637205,store1230@zudio.in,2025-01-20,2671,9
1231,Zudio - Hubli Mall 1231,Hubli,Karnataka,1,8301275621,store1231@zudio.in,2024-01-16,3083,30
1232,Zudio - Surat Central 1232,Surat,Gujarat,3,9054139496,store1232@zudio.in,2025-03-02,3648,23
1233,Zudio - Rohini Mall 1233,Rohini,Delhi,1,9937369816,store1233@zudio.in,2025-04-19,2826,11
1234,Zudio - Ahmedabad Central 1234,Ahmedabad,Gujarat,2,9455572268,store1234@zudio.in,2025-06-19,3995,22
1235,Zudio - Madurai Central 1235,Madurai,Tamil Nadu,3,8899157093,store1235@zudio.in,2021-02-14,4408,16
1236,Zudio - Lucknow Mall 1236,Lucknow,Uttar Pradesh,1,9456910914,store1236@zudio.in,2023-05-22,2901,29
1237,Zudio - Kolkata Central 1237,Kolkata,West Bengal,2,9594670916,store1237@zudio.in,2024-11-27,1747,10
1238,Zudio - Ghaziabad Central 1238,Ghaziabad,Uttar Pradesh,2,8727165468,store1238@zudio.in,2018-02-22,3512,17
1239,Zudio - Ahmedabad Mall 1239,Ahmedabad,Gujarat,2,7572651409,store1239@zudio.in,2018-09-19,3458,31
1240,Zudio - Salem Mall 1240,Salem,Tamil Nadu,2,7278447199,store1240@zudio.in,2024-05-08,2637,21
1241,Zudio - Durgapur Central 1241,Durgapur,West Bengal,3,8931724920,store1241@zudio.in,2022-04-25,1707,28
1242,Zudio - Ahmedabad Mall 1242,Ahmedabad,Gujarat,3,9649983430,store1242@zudio.in,2020-06-21,3235,18
1243,Zudio - Tiruchirapalli Mall 1243,Tiruchirapalli,Tamil Nadu,2,7805927503,store1243@zudio.in,2023-07-25,3515,18
1244,Zudio - Noida Central 1244,Noida,Uttar Pradesh,2,7285777313,store1244@zudio.in,2018-06-16,4396,21
1245,Zudio - Siliguri Central 1245,Siliguri,West Bengal,2,8074351173,store1245@zudio.in,2021-05-04,3689,13
1246,Zudio - Chennai Mall 1246,Chennai,Tamil Nadu,1,9372131854,store1246@zudio.in,2021-10-11,3162,29
1247,Zudio - Jodhpur Central 1247,Jodhpur,Rajasthan,2,8523781901,store1247@zudio.in,2020-01-21,1692,29
1248,Zudio - Rajkot Mall 1248,Rajkot,Gujarat,2,,store1248@zudio.in,2021-06-08,2532,34
1249,Zudio - New Delhi Central 1249,New Delhi,Delhi,3,8152730257,store1249@zudio.in,2023-06-11,2763,14
1250,Zudio - Jodhpur Mall 1250,Jodhpur,Rajasthan,3,9471237858,store1250@zudio.in,2020-08-27,2593,8
1251,Zudio - Tiruchirapalli Central 1251,Tiruchirapalli,Tamil Nadu,2,9330817578,store1251@zudio.in,2020-08-06,2822,26
1252,Zudio - Kanpur Central 1252,Kanpur,Uttar Pradesh,1,7452494292,store1252@zudio.in,2020-05-25,2035,15
1253,Zudio - Chennai Mall 1253,Chennai,Tamil Nadu,2,8116715851,store1253@zudio.in,2019-07-19,2515,27
1254,Zudio - Kolhapur Mall 1254,Kolhapur,Maharashtra,1,9667157305,store1254@zudio.in,2022-08-15,1200,10
1255,Zudio - Ghaziabad Central 1255,Ghaziabad,Uttar Pradesh,2,9732126697,store1255@zudio.in,2020-11-18,2302,16
1256,Zudio - Madurai Mall 1256,Madurai,Tamil Nadu,3,9560049830,store1256@zudio.in,2023-05-07,3962,26
1257,Zudio - Aurangabad Mall 1257,Aurangabad,Maharashtra,3,7090151368,store1257@zudio.in,2019-03-20,3291,16
1258,Zudio - New Delhi Central 1258,New Delhi,Delhi,2,9864978922,store1258@zudio.in,2026-03-01,4062,13
1259,Zudio - Howrah Central 1259,Howrah,West Bengal,2,9150993440,store1259@zudio.in,2019-10-05,3410,17
1260,Zudio - Salem Central 1260,Salem,Tamil Nadu,3,9512065683,store1260@zudio.in,2021-06-15,3662,24
1261,Zudio - Agra Central 1261,Agra,Uttar Pradesh,2,9844194511,store1261@zudio.in,2024-08-19,3415,34
1262,Zudio - Vadodara Central 1262,Vadodara,Gujarat,2,8835667293,store1262@zudio.in,2025-07-12,2241,11
1263,Zudio - Agra Mall 1263,Agra,Uttar Pradesh,3,9571255806,store1263@zudio.in,2021-09-29,4771,34
1264,Zudio - New Delhi Mall 1264,New Delhi,Delhi,1,9587613742,store1264@zudio.in,2024-07-20,3400,12
1265,Zudio - Nashik Mall 1265,Nashik,Maharashtra,3,9075928042,,2023-05-12,2736,10
1266,Zudio - Nagpur Central 1266,Nagpur,Maharashtra,1,9555741953,store1266@zudio.in,2020-04-08,3049,10
1267,Zudio - Noida Mall 1267,Noida,Uttar Pradesh,1,,store1267@zudio.in,2024-01-26,0,8
1268,Zudio - Howrah Mall 1268,Howrah,West Bengal,2,7314524369,store1268@zudio.in,2025-05-21,4722,30
1269,Zudio - Mangaluru Mall 1269,Mangaluru,Karnataka,3,8954283183,store1269@zudio.in,2020-10-06,3796,28
1270,Zudio - Delhi Central 1270,Delhi,Delhi,2,7610479079,store1270@zudio.in,2024-01-23,3133,19
1271,Zudio - Rohini Mall 1271,Rohini,Delhi,2,9561230443,store1271@zudio.in,2022-08-16,3438,20
1272,Zudio - Nashik Mall 1272,  Nashik  ,Maharashtra,1,9617579646,store1272@zudio.in,2023-05-25,3118,9
1273,Zudio - Chennai Central 1273,Chennai,Tamil Nadu,2,9523772475,store1273@zudio.in,2021-05-28,5279,27
1274,Zudio - Udaipur Central 1274,Udaipur,Rajasthan,2,8898498444,store1274@zudio.in,2025-11-27,3820,23
1275,Zudio - Mumbai Mall 1275,Mumbai,Maharashtra,2,8131266163,store1275@zudio.in,2025-10-19,3385,10
1276,Zudio - Kanpur Central 1276,Kanpur,Uttar Pradesh,2,7031895604,store1276@zudio.in,2018-08-08,3060,16
1277,Zudio - Noida Mall 1277,Noida,Uttar Pradesh,3,8517698270,store1277@zudio.in,2025-12-25,3464,8
1278,Zudio - Siliguri Central 1278,Siliguri,West Bengal,3,7417798787,store1278@zudio.in,2021-08-24,2867,22
1279,Zudio - Coimbatore Central 1279,Coimbatore,Tamil Nadu,2,8976937604,store1279@zudio.in,2024-02-10,3660,29
1280,Zudio - Nashik Central 1280,Nashik,Maharashtra,2,7883764908,store1280@zudio.in,2026-01-05,2381,22
1281,Zudio - Tiruchirapalli Mall 1281,Tiruchirapalli,Tamil Nadu,2,9976436661,store1281@zudio.in,2020-06-06,2622,32
1282,Zudio - Delhi Central 1282,Delhi,Delhi,2,8463284664,store1282@zudio.in,2019-11-13,1921,25
1283,Zudio - Udaipur Mall 1283,Udaipur,Rajasthan,2,7810042162,,2023-07-20,3215,13
1284,Zudio - New Delhi Central 1284,New Delhi,Delhi,2,7689289417,store1284@zudio.in,2025-11-18,3328,21
1285,Zudio - New Delhi Central 1285,New Delhi,Delhi,2,8800814954,store1285@zudio.in,2026-01-14,3988,33
1286,Zudio - Rohini Central 1286,Rohini,Delhi,2,8006970207,store1286@zudio.in,2025-03-21,2557,20
1287,Zudio - Ahmedabad Mall 1287,Ahmedabad,Gujarat,1,7262533570,store1287@zudio.in,2022-09-03,3888,18
1288,Zudio - Agra Mall 1288,Agra,Uttar Pradesh,2,7091225882,store1288@zudio.in,2020-04-26,3118,17
1289,Zudio - Salem Mall 1289,Salem,Tamil Nadu,2,7156482268,store1289@zudio.in,2024-11-15,2870,27
1290,Zudio - Hubli Central 1290,Hubli,Karnataka,2,8822420700,store1290@zudio.in,2020-09-21,2990,21
1291,Zudio - Howrah Central 1291,Howrah,West Bengal,1,7961381651,store1291@zudio.in,2019-06-09,4250,17
1292,Zudio - Udaipur Central 1292,Udaipur,Rajasthan,3,7623688842,store1292@zudio.in,2023-10-14,2617,25
1293,Zudio - Kanpur Mall 1293,Kanpur,Uttar Pradesh,3,9711184210,store1293@zudio.in,2018-08-08,4078,21
1294,Zudio - Surat Central 1294,Surat,Gujarat,2,9554541793,store1294@zudio.in,2019-04-25,3481,13
1295,Zudio - Noida Central 1295,Noida,Uttar Pradesh,1,8443037505,store1295@zudio.in,2020-07-10,3458,29
1296,Zudio - Nashik Central 1296,Nashik,Maharashtra,2,8310455360,store1296@zudio.in,2021-04-25,4482,19
1297,Zudio - Ghaziabad Central 1297,Ghaziabad,Uttar Pradesh,1,7506271652,store1297@zudio.in,2020-08-06,3835,29
1298,Zudio - Chennai Mall 1298,Chennai,Tamil Nadu,3,8931442792,store1298@zudio.in,2021-03-03,3250,19
1299,Zudio - Ahmedabad Mall 1299,Ahmedabad,Gujarat,3,9515270053,store1299@zudio.in,2020-05-30,1200,16
1300,Zudio - Hubli Central 1300,Hubli,Karnataka,2,9139373397,store1300@zudio.in,2022-07-29,3594,18
1301,Zudio - Kanpur Mall 1301,Kanpur,Uttar Pradesh,2,9203367799,store1301@zudio.in,2019-10-06,2664,13
1302,Zudio - Pune Mall 1302,Pune,Maharashtra,2,8627571280,store1302@zudio.in,2021-01-25,3444,14
1303,Zudio - Aurangabad Mall 1303,Aurangabad,Maharashtra,3,8404198530,store1303@zudio.in,2025-08-30,2414,28
1304,Zudio - Pune Central 1304,Pune,Maharashtra,2,9230698868,store1304@zudio.in,2020-06-18,3197,15
1305,Zudio - Ghaziabad Mall 1305,Ghaziabad,Uttar Pradesh,1,8374327754,store1305@zudio.in,2018-12-29,3051,13
1306,Zudio - Udaipur Central 1306,Udaipur,Rajasthan,2,9288046829,store1306@zudio.in,2018-09-25,1679,11
1307,Zudio - Madurai Central 1307,Madurai,Tamil Nadu,2,,store1307@zudio.in,2019-10-12,3549,29
1308,Zudio - Delhi Mall 1308,Delhi,Delhi,2,8718335945,store1308@zudio.in,2018-11-07,3641,34
1309,Zudio - Aurangabad Central 1309,Aurangabad,Maharashtra,1,9828378222,store1309@zudio.in,2023-02-14,3457,21
1310,Zudio - Udaipur Central 1310,Udaipur,Rajasthan,2,9106916580,store1310@zudio.in,2025-01-18,2272,29
1311,Zudio - Tiruchirapalli Mall 1311,Tiruchirapalli,Tamil Nadu,1,8534955926,store1311@zudio.in,2022-11-30,2394,15
1312,Zudio - Udaipur Central 1312,Udaipur,Rajasthan,2,9177424747,store1312@zudio.in,2024-07-05,4367,27
1313,Zudio - Lucknow Central 1313,Lucknow,Uttar Pradesh,2,7323275000,store1313@zudio.in,2022-08-12,2869,31
1314,Zudio - Varanasi Mall 1314,VARANASI,Uttar Pradesh,1,9646787447,store1314@zudio.in,2020-03-03,4009,13
1315,Zudio - Mumbai Central 1315,Mumbai,Maharashtra,1,7294657211,store1315@zudio.in,2023-10-03,2419,17
1316,Zudio - Mumbai Central 1316,Mumbai,Maharashtra,2,7323795429,,2018-05-31,3397,16
1317,Zudio - Jaipur Central 1317,Jaipur,Rajasthan,2,8873022115,store1317@zudio.in,2022-11-06,2915,16
1318,Zudio - Kota Central 1318,Kota,Rajasthan,1,,store1318@zudio.in,2020-03-21,2038,10
1319,Zudio - Jodhpur Mall 1319,Jodhpur,Rajasthan,2,9748859316,store1319@zudio.in,2022-12-20,3444,16
1320,Zudio - Hubli Central 1320,Hubli,Karnataka,1,9426299130,store1320@zudio.in,2019-06-18,4132,25
1321,Zudio - Siliguri Mall 1321,Siliguri,West Bengal,3,8157987705,store1321@zudio.in,2022-04-14,3178,22
1322,Zudio - Durgapur Mall 1322,durgapur,West Bengal,2,9697088290,store1322@zudio.in,2021-05-27,3317,34
1323,Zudio - Kota Mall 1323,Kota,Rajasthan,2,7125238802,store1323@zudio.in,2018-04-25,3614,23
1324,Zudio - Coimbatore Mall 1324,Coimbatore,Tamil Nadu,3,8665027357,store1324@zudio.in,2025-05-04,2736,14
1325,Zudio - Kanpur Central 1325,Kanpur,Uttar Pradesh,2,,store1325@zudio.in,2023-12-04,1280,25
1326,Zudio - Siliguri Mall 1326,Siliguri,West Bengal,2,7061215388,store1326@zudio.in,2018-05-06,2718,13
1327,Zudio - Bengaluru Mall 1327,Bengaluru,Karnataka,2,7870158196,store1327@zudio.in,2020-05-07,3318,30
1328,Zudio - Durgapur Mall 1328,Durgapur,West Bengal,1,9337223390,store1328@zudio.in,2023-12-03,3143,11
1329,Zudio - Delhi Mall 1329,Delhi,Delhi,3,9148861245,store1329@zudio.in,2022-05-20,3994,8
1330,Zudio - Jaipur Mall 1330,Jaipur,Rajasthan,2,9553168780,store1330@zudio.in,2022-09-16,2605,29
1331,Zudio - Kolhapur Central 1331,Kolhapur,Maharashtra,1,8109824431,store1331@zudio.in,2020-11-20,3253,31
1332,Zudio - Durgapur Mall 1332,Durgapur,West Bengal,2,9051333423,store1332@zudio.in,2020-09-16,3573,24
1333,Zudio - Nashik Central 1333,Nashik,Maharashtra,2,8659279044,store1333@zudio.in,2025-06-08,1419,32
1334,Zudio - Ahmedabad Central 1334,Ahmedabad,Gujarat,3,8506177781,store1334@zudio.in,2020-07-21,4007,22
1335,Zudio - Kota Mall 1335,Kota,Rajasthan,2,7874054610,store1335@zudio.in,2019-10-30,2459,19
1336,Zudio - Madurai Mall 1336,Madurai,Tamil Nadu,2,9969319317,store1336@zudio.in,2021-02-18,2511,34
1337,Zudio - Vadodara Central 1337,Vadodara,Gujarat,3,9913626478,store1337@zudio.in,2021-05-05,3903,28
1338,Zudio - Jodhpur Mall 1338,Jodhpur,Rajasthan,3,8517883202,store1338@zudio.in,2023-04-02,2465,15
1339,Zudio - Delhi Mall 1339,Delhi,Delhi,2,9630035518,store1339@zudio.in,2024-05-08,0,27
1340,Zudio - Coimbatore Mall 1340,Coimbatore,Tamil Nadu,1,8942138784,store1340@zudio.in,2022-04-21,2999,26
1341,Zudio - Kolhapur Central 1341,Kolhapur,Maharashtra,1,8091125902,store1341@zudio.in,2025-10-29,4245,13
1342,Zudio - Noida Central 1342,Noida,Uttar Pradesh,3,8537596937,store1342@zudio.in,2023-04-16,1885,25
1343,Zudio - Jaipur Central 1343,Jaipur,Rajasthan,1,9588463276,store1343@zudio.in,2025-09-14,1790,32
1344,Zudio - Rohini Central 1344,Rohini,Delhi,1,9135933075,store1344@zudio.in,2024-05-03,4115,8
1345,Zudio - Udaipur Central 1345,Udaipur,Rajasthan,3,9103384867,store1345@zudio.in,2022-02-07,3501,19
1346,Zudio - Kolhapur Mall 1346,Kolhapur,Maharashtra,2,7320729198,store1346@zudio.in,2022-11-28,2791,33
1347,Zudio - Kota Mall 1347,Kota,Rajasthan,3,8884664600,store1347@zudio.in,2023-03-17,2223,18
1348,Zudio - Siliguri Mall 1348,Siliguri,West Bengal,2,7082416182,store1348@zudio.in,2019-02-10,3004,25
1349,Zudio - Rajkot Central 1349,Rajkot,Gujarat,3,7098749311,store1349@zudio.in,2019-07-30,3553,17
1350,Zudio - Varanasi Mall 1350,Varanasi,Uttar Pradesh,2,9763932952,store1350@zudio.in,2023-04-14,2685,28
1351,Zudio - Nagpur Central 1351,Nagpur,Maharashtra,2,7129828509,store1351@zudio.in,2018-11-14,2242,26
1352,Zudio - Rohini Central 1352,Rohini,Delhi,3,9220785238,store1352@zudio.in,2019-10-06,4024,23
1353,Zudio - Kolhapur Central 1353,Kolhapur,Maharashtra,2,8840080018,store1353@zudio.in,2025-04-19,2820,26
1354,Zudio - Jodhpur Mall 1354,Jodhpur,Rajasthan,2,7367637547,store1354@zudio.in,2021-02-04,2706,20
1355,Zudio - Vadodara Central 1355,Vadodara,Gujarat,2,9799811972,store1355@zudio.in,2023-05-06,3129,24
1356,Zudio - Nagpur Central 1356,Nagpur,Maharashtra,3,9753621137,store1356@zudio.in,2019-03-02,3416,13
1357,Zudio - Kolhapur Central 1357,Kolhapur,Maharashtra,2,9946911431,store1357@zudio.in,2018-06-03,2370,9
1358,Zudio - Mysuru Central 1358,Mysuru,Karnataka,2,7172614325,store1358@zudio.in,2025-07-04,5886,28
1359,Zudio - Dwarka Central 1359,Dwarka,Delhi,3,9567829138,store1359@zudio.in,2019-06-21,3323,31
1360,Zudio - Jodhpur Central 1360,Jodhpur,Rajasthan,1,9120332712,store1360@zudio.in,2018-08-13,4013,31
1361,Zudio - Madurai Mall 1361,Madurai,Tamil Nadu,2,9191625162,store1361@zudio.in,2023-04-05,3717,17
1362,Zudio - Jaipur Central 1362,Jaipur,Rajasthan,2,7966459623,store1362@zudio.in,2018-06-19,3030,8
1363,Zudio - Rajkot Central 1363,Rajkot,Gujarat,2,8753513159,store1363@zudio.in,2024-05-05,3383,34
1364,Zudio - Durgapur Mall 1364,Durgapur,West Bengal,2,9900813269,store1364@zudio.in,2020-09-19,2380,34
1365,Zudio - Tiruchirapalli Central 1365,Tiruchirapalli,Tamil Nadu,2,7060741018,store1365@zudio.in,2020-09-04,2356,11
1366,Zudio - Delhi Mall 1366,Delhi,Delhi,1,9181755895,store1366@zudio.in,2019-03-05,5635,31
1367,Zudio - Pune Central 1367,Pune,Maharashtra,2,,store1367@zudio.in,2024-12-29,3709,17
1368,Zudio - Mangaluru Central 1368,Mangaluru,Karnataka,3,8664910573,store1368@zudio.in,2023-03-08,3990,30
1369,Zudio - Tiruchirapalli Central 1369,Tiruchirapalli,Tamil Nadu,2,7352640109,store1369@zudio.in,2019-07-15,3521,27
1370,Zudio - Udaipur Central 1370,Udaipur,Rajasthan,2,8255881917,store1370@zudio.in,2023-02-13,4569,21
1371,Zudio - Jodhpur Mall 1371,Jodhpur,Rajasthan,1,8380830142,store1371@zudio.in,2021-12-11,3063,33
1372,Zudio - Surat Mall 1372,Surat,Gujarat,2,9419460229,store1372@zudio.in,2019-11-11,3023,29
1373,Zudio - Ahmedabad Central 1373,Ahmedabad,Gujarat,2,8150984402,store1373@zudio.in,2020-11-27,3275,28
1374,Zudio - Agra Mall 1374,Agra,Uttar Pradesh,2,7869971780,store1374@zudio.in,2021-05-16,3155,18
1375,Zudio - Rajkot Mall 1375,Rajkot,Gujarat,2,8237551865,store1375@zudio.in,2022-08-03,3043,32
1376,Zudio - Bengaluru Mall 1376,Bengaluru,Karnataka,2,8713259899,store1376@zudio.in,2020-05-21,2646,28
1377,Zudio - Ahmedabad Central 1377,Ahmedabad,Gujarat,3,8363171460,store1377@zudio.in,2021-04-05,4239,24
1378,Zudio - Chennai Mall 1378,Chennai,Tamil Nadu,2,9600734416,store1378@zudio.in,2024-02-22,3560,19
1379,Zudio - Varanasi Central 1379,Varanasi,Uttar Pradesh,3,9598343250,store1379@zudio.in,2025-10-18,3117,17
1380,Zudio - Kolkata Central 1380,Kolkata,West Bengal,3,8259842649,store1380@zudio.in,2018-10-22,2950,18
1381,Zudio - Jaipur Mall 1381,Jaipur,Rajasthan,3,8713958747,store1381@zudio.in,2018-10-27,3815,32
1382,Zudio - Rohini Central 1382,Rohini,Delhi,3,8988074782,store1382@zudio.in,2022-01-07,3628,34
1383,Zudio - Durgapur Mall 1383,Durgapur,West Bengal,2,9642274144,store1383@zudio.in,2021-01-18,2183,21
1384,Zudio - Salem Mall 1384,Salem,Tamil Nadu,3,9273038898,store1384@zudio.in,2025-12-13,2889,34
1385,Zudio - Mangaluru Mall 1385,Mangaluru,Karnataka,2,7201140568,store1385@zudio.in,2022-10-08,4496,12
1386,Zudio - Ghaziabad Central 1386,Ghaziabad,Uttar Pradesh,2,8669742334,store1386@zudio.in,2025-08-16,4037,18
1387,Zudio - Salem Mall 1387,Salem,Tamil Nadu,3,9769216066,store1387@zudio.in,2025-04-11,3998,29
1388,Zudio - Mangaluru Mall 1388,Mangaluru,Karnataka,1,7976380539,store1388@zudio.in,2026-02-14,2669,28
1389,Zudio - Aurangabad Central 1389,Aurangabad,Maharashtra,2,8261678656,store1389@zudio.in,2018-12-03,2669,23
1390,Zudio - Mangaluru Mall 1390,Mangaluru,Karnataka,2,7276812846,store1390@zudio.in,2019-07-23,1796,13
1391,Zudio - Kolkata Central 1391,Kolkata,West Bengal,2,9176648386,store1391@zudio.in,2019-10-17,3205,14
1392,Zudio - Rohini Mall 1392,Rohini,Delhi,3,8637476037,store1392@zudio.in,2020-08-27,3797,20
1393,Zudio - Mangaluru Central 1393,Mangaluru,Karnataka,1,7751274911,store1393@zudio.in,2023-02-14,2503,24
1394,Zudio - Mumbai Mall 1394,Mumbai,Maharashtra,2,8166055520,store1394@zudio.in,2020-08-07,2027,18
1395,Zudio - Aurangabad Central 1395,Aurangabad,Maharashtra,2,9691660007,store1395@zudio.in,2018-11-15,4463,29
1396,Zudio - Udaipur Central 1396,Udaipur,Rajasthan,2,8625728015,store1396@zudio.in,2023-04-15,4116,15
1397,Zudio - Surat Mall 1397,Surat,Gujarat,1,9612945047,store1397@zudio.in,2023-07-01,3113,22
1398,Zudio - Jaipur Mall 1398,Jaipur,Rajasthan,1,9259671134,store1398@zudio.in,2023-05-23,3429,11
1399,Zudio - Vadodara Central 1399,Vadodara,Gujarat,2,8855174846,store1399@zudio.in,2019-06-17,2617,12
1400,Zudio - Kota Central 1400,Kota,Rajasthan,1,9697321961,store1400@zudio.in,2022-02-04,3586,31
1401,Zudio - Tiruchirapalli Mall 1401,Tiruchirapalli,Tamil Nadu,3,9042752866,store1401@zudio.in,2020-08-03,3105,17
1402,Zudio - Jodhpur Central 1402,Jodhpur,Rajasthan,2,9873113902,store1402@zudio.in,2024-03-01,3661,10
1403,Zudio - Udaipur Mall 1403,Udaipur,Rajasthan,2,7749393748,store1403@zudio.in,2025-04-10,1200,31
1404,Zudio - Kanpur Mall 1404,Kanpur,Uttar Pradesh,2,7128782524,store1404@zudio.in,2022-11-06,3180,22
1405,Zudio - Mangaluru Central 1405,Mangaluru,Karnataka,3,7413896232,store1405@zudio.in,2018-02-11,2535,9
1406,Zudio - Dwarka Mall 1406,Dwarka,Delhi,2,9258380774,store1406@zudio.in,2022-11-18,3578,12
1407,Zudio - Hubli Mall 1407,Hubli,Karnataka,1,7614079452,store1407@zudio.in,2020-01-10,2779,11
1408,Zudio - Kanpur Central 1408,Kanpur,Uttar Pradesh,3,8738534801,store1408@zudio.in,2024-08-26,3636,19
1409,Zudio - Mumbai Mall 1409,Mumbai,Maharashtra,3,7657525150,store1409@zudio.in,2024-02-18,2429,13
1410,Zudio - Rohini Central 1410,Rohini,Delhi,3,9274583818,store1410@zudio.in,2019-08-22,2898,18
1411,Zudio - Rohini Central 1411,Rohini,Delhi,1,7739274684,store1411@zudio.in,2024-02-28,1500,12
1412,Zudio - Jaipur Central 1412,Jaipur,Rajasthan,3,7538883593,store1412@zudio.in,2018-03-23,2849,25
1413,Zudio - Udaipur Central 1413,Udaipur,Rajasthan,2,8416430904,store1413@zudio.in,2022-06-27,2405,28
1414,Zudio - Udaipur Mall 1414,Udaipur,Rajasthan,1,9029463757,store1414@zudio.in,2025-04-20,4980,27
1415,Zudio - Durgapur Mall 1415,Durgapur,West Bengal,3,9255226089,store1415@zudio.in,2021-08-08,1997,29
1416,Zudio - Jaipur Central 1416,Jaipur,Rajasthan,1,9101653850,store1416@zudio.in,2021-10-25,3573,21
1417,Zudio - New Delhi Central 1417,New Delhi,Delhi,2,7343624382,store1417@zudio.in,2021-05-28,3585,24
1418,Zudio - Howrah Central 1418,Howrah,West Bengal,3,8773758941,store1418@zudio.in,2021-05-05,3038,21
1419,Zudio - Varanasi Central 1419,Varanasi,Uttar Pradesh,2,7515950861,,2023-04-17,2264,12
1420,Zudio - Surat Mall 1420,Surat,Gujarat,2,7669650229,store1420@zudio.in,2019-06-26,2774,9
1421,Zudio - Delhi Mall 1421,Delhi,Delhi,1,7452515229,store1421@zudio.in,2023-11-26,3712,32
1422,Zudio - Dwarka Mall 1422,Dwarka,Delhi,2,8515291344,store1422@zudio.in,2020-12-05,3998,32
1423,Zudio - Siliguri Central 1423,Siliguri,West Bengal,3,8519789503,store1423@zudio.in,2025-12-09,4327,10
1424,Zudio - Salem Mall 1424,Salem,Tamil Nadu,2,8880427898,store1424@zudio.in,2022-03-14,3779,32
1425,Zudio - Chennai Mall 1425,Chennai,Tamil Nadu,3,9512344872,store1425@zudio.in,2023-02-19,2947,25
1426,Zudio - Madurai Mall 1426,Madurai,Tamil Nadu,1,8621517709,store1426@zudio.in,2023-01-14,3295,22
1427,Zudio - Mumbai Central 1427,Mumbai,Maharashtra,1,8281916753,store1427@zudio.in,2020-03-13,3094,31
1428,Zudio - Howrah Mall 1428,Howrah,West Bengal,3,8935851386,store1428@zudio.in,2021-12-10,3816,26
1429,Zudio - Howrah Mall 1429,Howrah,West Bengal,3,9926595268,store1429@zudio.in,2019-02-27,3247,14
1430,Zudio - Rohini Mall 1430,Rohini,Delhi,3,7676346303,store1430@zudio.in,2018-01-22,2669,17
1431,Zudio - Vadodara Central 1431,Vadodara,Gujarat,1,9519456288,store1431@zudio.in,2020-06-23,4533,26
1432,Zudio - Dwarka Mall 1432,Dwarka,Delhi,2,9704477245,store1432@zudio.in,2019-07-27,3272,25
1433,Zudio - Agra Central 1433,Agra,Uttar Pradesh,2,7667395234,store1433@zudio.in,2025-04-23,2294,14
1434,Zudio - Hubli Mall 1434,Hubli,Karnataka,1,8100499887,store1434@zudio.in,2025-05-08,5496,11
1435,Zudio - Vadodara Central 1435,Vadodara,Gujarat,2,7907676008,store1435@zudio.in,2024-07-10,3199,10
1436,Zudio - Surat Mall 1436,Surat,Gujarat,2,7945883192,store1436@zudio.in,2023-02-15,2334,17
1437,Zudio - Durgapur Central 1437,Durgapur,West Bengal,2,9841451588,store1437@zudio.in,2024-03-07,4455,30
1438,Zudio - Jodhpur Mall 1438,Jodhpur,Rajasthan,3,,store1438@zudio.in,2021-06-01,2883,10
1439,Zudio - Mysuru Central 1439,Mysuru,Karnataka,2,9703269481,store1439@zudio.in,2023-10-15,3284,11
1440,Zudio - Mangaluru Central 1440,Mangaluru,Karnataka,2,8607465810,store1440@zudio.in,2019-10-31,3794,18
1441,Zudio - Agra Mall 1441,Agra,Uttar Pradesh,3,7279145832,store1441@zudio.in,2022-01-25,2787,31
1442,Zudio - Ahmedabad Central 1442,Ahmedabad,Gujarat,2,7530718180,store1442@zudio.in,2021-09-02,3522,28
1443,Zudio - Kolkata Central 1443,Kolkata,West Bengal,1,7732754741,store1443@zudio.in,2023-08-03,2549,26
1444,Zudio - Mangaluru Mall 1444,Mangaluru,Karnataka,1,7999786896,store1444@zudio.in,2021-10-29,2228,13
1445,Zudio - Mangaluru Mall 1445,Mangaluru,Karnataka,2,7370666284,store1445@zudio.in,2019-03-10,3327,14
1446,Zudio - Aurangabad Central 1446,Aurangabad,Maharashtra,2,9288168772,store1446@zudio.in,2019-05-25,3014,16
1447,Zudio - Kanpur Central 1447,Kanpur,Uttar Pradesh,1,9832058979,store1447@zudio.in,2019-11-04,3055,27
1448,Zudio - Dwarka Central 1448,Dwarka,Delhi,1,8475620156,store1448@zudio.in,2024-10-30,2637,30
1449,Zudio - Ahmedabad Mall 1449,Ahmedabad,Gujarat,1,8814658575,store1449@zudio.in,2026-01-08,2523,14
1450,Zudio - Nagpur Mall 1450,Nagpur,Maharashtra,3,7056368676,store1450@zudio.in,2019-05-31,4089,17
1451,Zudio - Mysuru Mall 1451,Mysuru,Karnataka,2,8673857548,store1451@zudio.in,2025-09-12,3013,9
1452,Zudio - Udaipur Central 1452,Udaipur,Rajasthan,1,8894574194,store1452@zudio.in,2021-12-17,3963,31
1453,Zudio - Bengaluru Mall 1453,Bengaluru,Karnataka,2,8678389473,store1453@zudio.in,2024-04-27,2388,27
1454,Zudio - Ahmedabad Central 1454,Ahmedabad,Gujarat,3,9340087715,store1454@zudio.in,2020-12-09,4112,18
1455,Zudio - Bengaluru Mall 1455,Bengaluru,Karnataka,3,9989013256,store1455@zudio.in,2024-12-22,2144,28
1456,Zudio - New Delhi Central 1456,New Delhi,Delhi,1,8623571255,store1456@zudio.in,2024-09-03,3246,11
1457,Zudio - New Delhi Central 1457,New Delhi,Delhi,2,7999498063,store1457@zudio.in,2025-11-22,3873,19
1458,Zudio - Rohini Central 1458,Rohini,Delhi,2,9110734047,store1458@zudio.in,2019-10-31,2875,23
1459,Zudio - Chennai Mall 1459,Chennai,Tamil Nadu,3,7961656855,store1459@zudio.in,2024-03-09,3493,22
1460,Zudio - Udaipur Mall 1460,Udaipur,Rajasthan,2,8179090836,store1460@zudio.in,2023-07-02,-3420,20
1461,Zudio - Coimbatore Central 1461,Coimbatore,Tamil Nadu,2,9666390677,store1461@zudio.in,2020-11-02,3168,33
1462,Zudio - Mumbai Mall 1462,Mumbai,Maharashtra,2,8662839328,store1462@zudio.in,2020-01-24,2806,15
1463,Zudio - Siliguri Mall 1463,Siliguri,West Bengal,3,9769012436,store1463@zudio.in,2024-01-12,2307,33
1464,Zudio - Jodhpur Central 1464,Jodhpur,Rajasthan,3,8921620770,store1464@zudio.in,2022-10-11,2421,10
1465,Zudio - Vadodara Mall 1465,Vadodara,Gujarat,2,8553089952,store1465@zudio.in,2025-12-01,3296,34
1466,Zudio - Udaipur Central 1466,Udaipur,Rajasthan,1,7199218704,store1466@zudio.in,2023-01-07,1761,28
1467,Zudio - Kolkata Mall 1467,Kolkata,West Bengal,2,8015285072,store1467@zudio.in,2024-07-19,2116,22
1468,Zudio - Jaipur Mall 1468,Jaipur,Rajasthan,2,8044233608,store1468@zudio.in,2023-12-09,3233,20
1469,Zudio - New Delhi Central 1469,New Delhi,Delhi,2,9786875362,,2024-03-11,3305,25
1470,Zudio - Hubli Mall 1470,Hubli,Karnataka,2,9665056834,store1470@zudio.in,2024-12-26,3150,31
1471,Zudio - Salem Mall 1471,SALEM,Tamil Nadu,1,8318692968,store1471@zudio.in,2018-05-02,3348,34
1472,Zudio - Delhi Mall 1472,Delhi,Delhi,2,7562627383,store1472@zudio.in,2019-05-26,4258,15
1473,Zudio - Agra Central 1473,Agra,Uttar Pradesh,2,8008440120,store1473@zudio.in,2018-03-03,4632,9
1474,Zudio - Coimbatore Mall 1474,Coimbatore,Tamil Nadu,3,8281625118,store1474@zudio.in,2024-01-28,3802,21
1475,Zudio - Jodhpur Mall 1475,Jodhpur,Rajasthan,2,8345720736,store1475@zudio.in,2022-11-20,3074,29
1476,Zudio - Rohini Mall 1476,Rohini,Delhi,3,9462960349,store1476@zudio.in,2019-08-29,2210,32
1477,Zudio - Delhi Mall 1477,Delhi,Delhi,2,9857387273,store1477@zudio.in,2019-10-06,2352,14
1478,Zudio - Hubli Mall 1478,Hubli,Karnataka,1,7003895244,store1478@zudio.in,2024-11-29,3718,17
1479,Zudio - Madurai Mall 1479,Madurai,Tamil Nadu,1,9763226462,store1479@zudio.in,2023-04-29,3146,29
1480,Zudio - Udaipur Mall 1480,Udaipur,Rajasthan,3,7298025893,store1480@zudio.in,2024-05-01,4203,19
1481,Zudio - Durgapur Central 1481,Durgapur,West Bengal,2,7876660114,store1481@zudio.in,2021-03-23,1891,18
1482,Zudio - Kolhapur Central 1482,Kolhapur,Maharashtra,2,7659865264,store1482@zudio.in,2019-11-01,4824,25
1483,Zudio - Siliguri Mall 1483,Siliguri,West Bengal,3,8946991014,,2023-11-08,3809,29
1484,Zudio - Durgapur Mall 1484,Durgapur,West Bengal,1,8313367958,store1484@zudio.in,2022-02-28,3557,17
1485,Zudio - Vadodara Mall 1485,Vadodara,Gujarat,3,7006856386,store1485@zudio.in,2018-09-25,4054,26
1486,Zudio - Nashik Central 1486,Nashik,Maharashtra,1,9135454541,store1486@zudio.in,2019-04-13,3429,11
1487,Zudio - Jodhpur Central 1487,Jodhpur,Rajasthan,3,9620284858,store1487@zudio.in,2024-09-03,2986,21
1488,Zudio - Siliguri Mall 1488,Siliguri,West Bengal,3,7931215386,store1488@zudio.in,2023-06-07,3242,32
1489,Zudio - Noida Central 1489,  Noida  ,Uttar Pradesh,3,9891256245,store1489@zudio.in,2020-03-01,3047,24
1490,Zudio - Nagpur Central 1490,Nagpur,Maharashtra,3,7547369702,store1490@zudio.in,2022-05-07,4764,34
1491,Zudio - Ahmedabad Mall 1491,Ahmedabad,Gujarat,2,7983687442,store1491@zudio.in,2024-06-22,3508,16
1492,Zudio - Madurai Central 1492,Madurai,Tamil Nadu,2,9696159124,store1492@zudio.in,2025-02-15,4267,24
1493,Zudio - Kolkata Mall 1493,Kolkata,West Bengal,1,9126927611,store1493@zudio.in,2021-06-24,3242,14
1494,Zudio - Rohini Central 1494,Rohini,Delhi,3,7074156657,store1494@zudio.in,2020-12-23,2819,19
1495,Zudio - Hubli Central 1495,Hubli,Karnataka,1,8603172192,store1495@zudio.in,2018-07-23,1784,22
1496,Zudio - Dwarka Central 1496,Dwarka,Delhi,2,8250119021,store1496@zudio.in,2022-03-21,3750,25
1497,Zudio - Udaipur Mall 1497,Udaipur,Rajasthan,2,8916028739,,2022-10-17,4279,20
1498,Zudio - Bengaluru Mall 1498,Bengaluru,Karnataka,1,9022270581,store1498@zudio.in,2018-11-26,3539,29
1499,Zudio - Surat Central 1499,Surat,Gujarat,2,8772458726,store1499@zudio.in,2025-01-07,3393,21
1500,Zudio - Mysuru Central 1500,Mysuru,Karnataka,2,8433642254,store1500@zudio.in,2018-11-17,2665,25
1501,Zudio - Siliguri Central 1501,Siliguri,West Bengal,2,8380912992,store1501@zudio.in,2021-02-17,3252,30
1502,Zudio - Kolkata Central 1502,Kolkata,West Bengal,2,7480486123,store1502@zudio.in,2018-06-08,4165,12
1503,Zudio - Chennai Central 1503,Chennai,Tamil Nadu,3,9868393977,store1503@zudio.in,2019-08-30,1974,21
1504,Zudio - Bengaluru Mall 1504,Bengaluru,Karnataka,2,8163221899,store1504@zudio.in,2021-02-09,3001,27
1505,Zudio - Noida Central 1505,Noida,Uttar Pradesh,2,7921892613,store1505@zudio.in,2020-12-26,1990,15
1506,Zudio - Mumbai Mall 1506,Mumbai,Maharashtra,2,8382251759,store1506@zudio.in,2024-07-04,3037,9
1507,Zudio - Dwarka Mall 1507,Dwarka,Delhi,1,8937643459,store1507@zudio.in,2018-05-20,3352,10
1508,Zudio - Bengaluru Mall 1508,Bengaluru,Karnataka,2,8669055584,store1508@zudio.in,2023-02-14,1723,32
1509,Zudio - Kolhapur Central 1509,Kolhapur,Maharashtra,1,7073064371,store1509@zudio.in,2026-01-22,3150,31
1510,Zudio - Howrah Central 1510,Howrah,West Bengal,3,8471486111,store1510@zudio.in,2025-01-25,2229,10
1511,Zudio - Noida Mall 1511,Noida,Uttar Pradesh,2,9346233788,store1511@zudio.in,2025-02-15,3728,20
1512,Zudio - Tiruchirapalli Mall 1512,Tiruchirapalli,Tamil Nadu,2,7003439399,store1512@zudio.in,2022-08-13,3373,34
1513,Zudio - Jodhpur Central 1513,Jodhpur,Rajasthan,1,7754010242,store1513@zudio.in,2026-02-11,2602,10
1514,Zudio - Delhi Central 1514,Delhi,Delhi,2,8580851673,store1514@zudio.in,2022-04-22,2907,28
1515,Zudio - Durgapur Central 1515,Durgapur,West Bengal,2,8546051408,store1515@zudio.in,2022-03-22,3172,11
1516,Zudio - Vadodara Mall 1516,Vadodara,Gujarat,2,9349555750,store1516@zudio.in,2018-09-15,2570,23
1517,Zudio - Delhi Central 1517,Delhi,Delhi,1,9716825295,store1517@zudio.in,2020-07-02,3100,13
1518,Zudio - Kota Mall 1518,Kota,Rajasthan,1,8354064266,store1518@zudio.in,2021-08-23,3509,22
1519,Zudio - Ghaziabad Central 1519,Ghaziabad,Uttar Pradesh,1,7479135357,store1519@zudio.in,2020-10-11,4425,17
1520,Zudio - Rohini Central 1520,Rohini,Delhi,2,7931338819,store1520@zudio.in,2024-05-25,2058,13
1521,Zudio - Rohini Mall 1521,Rohini,Delhi,2,9937874454,store1521@zudio.in,2018-02-23,2640,25
1522,Zudio - New Delhi Mall 1522,New Delhi,Delhi,2,8438535300,store1522@zudio.in,2023-11-02,3623,22
1523,Zudio - Coimbatore Central 1523,Coimbatore,Tamil Nadu,2,8835425643,store1523@zudio.in,2024-10-04,4007,17
1524,Zudio - Pune Central 1524,Pune,Maharashtra,3,8590996420,store1524@zudio.in,2024-04-06,4221,31
1525,Zudio - Tiruchirapalli Central 1525,Tiruchirapalli,Tamil Nadu,1,8189773886,store1525@zudio.in,2021-06-14,3919,32
1526,Zudio - Lucknow Central 1526,Lucknow,Uttar Pradesh,2,9601231959,store1526@zudio.in,2024-10-08,2935,18
1527,Zudio - Dwarka Central 1527,Dwarka,Delhi,2,7907646569,store1527@zudio.in,2024-12-05,1781,13
1528,Zudio - Salem Mall 1528,Salem,Tamil Nadu,1,7356955541,store1528@zudio.in,2021-04-04,2303,24
1529,Zudio - Jodhpur Mall 1529,Jodhpur,Rajasthan,2,8155614179,store1529@zudio.in,2019-05-06,3458,19
1530,Zudio - Chennai Central 1530,Chennai,Tamil Nadu,1,9104813144,store1530@zudio.in,2019-11-01,3687,16
1531,Zudio - Noida Central 1531,Noida,Uttar Pradesh,2,9610049168,store1531@zudio.in,2022-11-25,2030,17
1532,Zudio - Udaipur Mall 1532,Udaipur,Rajasthan,2,7676383083,store1532@zudio.in,2019-10-01,5388,26
1533,Zudio - Ghaziabad Central 1533,Ghaziabad,Uttar Pradesh,1,8715644620,store1533@zudio.in,2025-07-06,2442,13
1534,Zudio - Tiruchirapalli Central 1534,Tiruchirapalli,Tamil Nadu,1,9522389872,store1534@zudio.in,2020-05-29,3356,11
1535,Zudio - Jaipur Central 1535,Jaipur,Rajasthan,1,8852170379,store1535@zudio.in,2025-08-20,2087,29
1536,Zudio - Nashik Mall 1536,Nashik,Maharashtra,3,8423517932,store1536@zudio.in,2022-03-28,3065,29
1537,Zudio - Vadodara Mall 1537,Vadodara,Gujarat,1,9018933438,store1537@zudio.in,2018-04-20,2664,15
1538,Zudio - Mysuru Central 1538,Mysuru,Karnataka,3,,store1538@zudio.in,2019-06-22,3662,19
1539,Zudio - Pune Central 1539,Pune,Maharashtra,3,9572941131,store1539@zudio.in,2021-10-02,3245,33
1540,Zudio - New Delhi Central 1540,New Delhi,Delhi,2,9747413329,store1540@zudio.in,2018-04-18,3048,13
1541,Zudio - Delhi Central 1541,Delhi,Delhi,2,8420293471,store1541@zudio.in,2025-10-15,3667,10
1542,Zudio - Noida Central 1542,Noida,Uttar Pradesh,3,8317569231,store1542@zudio.in,2024-12-03,1908,17
1543,Zudio - Mangaluru Central 1543,Mangaluru,Karnataka,1,8110349963,store1543@zudio.in,2020-01-07,2700,32
1544,Zudio - Kolkata Central 1544,Kolkata,West Bengal,2,9800034023,store1544@zudio.in,2024-09-27,3807,27
1545,Zudio - Jodhpur Central 1545,Jodhpur,Rajasthan,3,9654798660,store1545@zudio.in,2020-03-22,3130,33
1546,Zudio - Hubli Central 1546,Hubli,Karnataka,3,,store1546@zudio.in,2025-09-28,3391,28
1547,Zudio - Noida Central 1547,Noida,Uttar Pradesh,2,9022598459,store1547@zudio.in,2022-02-06,2875,10
1548,Zudio - Kanpur Central 1548,Kanpur,Uttar Pradesh,2,9694474916,store1548@zudio.in,2018-09-11,2941,19
1549,Zudio - Pune Central 1549,Pune,Maharashtra,2,9062627109,store1549@zudio.in,2019-08-19,3809,17
1550,Zudio - Ghaziabad Central 1550,Ghaziabad,Uttar Pradesh,1,,store1550@zudio.in,2019-03-26,2544,8
1551,Zudio - Siliguri Central 1551,Siliguri,West Bengal,2,,store1551@zudio.in,2018-07-15,3642,32
1552,Zudio - Jodhpur Mall 1552,Jodhpur,Rajasthan,2,9581292846,store1552@zudio.in,2020-11-30,2855,23
1553,Zudio - Nagpur Mall 1553,Nagpur,Maharashtra,3,8212172628,store1553@zudio.in,2021-10-02,4540,9
1554,Zudio - Mumbai Mall 1554,Mumbai,Maharashtra,3,7679855931,store1554@zudio.in,2024-01-17,2897,32
1555,Zudio - Lucknow Mall 1555,Lucknow,Uttar Pradesh,1,7305755195,store1555@zudio.in,2021-03-31,4334,11
1556,Zudio - Kota Mall 1556,Kota,Rajasthan,1,8730936351,store1556@zudio.in,2018-03-03,4164,12
1557,Zudio - Mumbai Mall 1557,Mumbai,Maharashtra,1,,store1557@zudio.in,2021-01-27,1540,15
1558,Zudio - Bengaluru Mall 1558,Bengaluru,Karnataka,1,7461810110,store1558@zudio.in,2019-05-31,3097,9
1559,Zudio - Mumbai Central 1559,Mumbai,Maharashtra,3,7536235656,store1559@zudio.in,2022-12-28,2686,30
1560,Zudio - Rajkot Mall 1560,Rajkot,Gujarat,3,7969156484,store1560@zudio.in,2025-04-05,1828,23
1561,Zudio - Durgapur Central 1561,Durgapur,West Bengal,2,8421796949,store1561@zudio.in,2023-04-15,2070,17
1562,Zudio - Aurangabad Central 1562,Aurangabad,Maharashtra,1,8857548628,store1562@zudio.in,2018-03-13,2356,12
1563,Zudio - Howrah Central 1563,Howrah,West Bengal,3,7491173422,store1563@zudio.in,2022-01-09,4249,23
1564,Zudio - Hubli Central 1564,Hubli,Karnataka,2,8206314284,store1564@zudio.in,2023-09-14,3959,12
1565,Zudio - Mysuru Mall 1565,Mysuru,Karnataka,1,8666516881,store1565@zudio.in,2018-12-12,3819,31
1566,Zudio - Rohini Mall 1566,Rohini,Delhi,2,7234437522,store1566@zudio.in,2020-05-06,3558,18
1567,Zudio - Chennai Mall 1567,Chennai,Tamil Nadu,3,7533310159,store1567@zudio.in,2018-01-22,1947,21
1568,Zudio - Surat Central 1568,Surat,Gujarat,2,9200837260,store1568@zudio.in,2020-08-11,3412,28
1569,Zudio - Mumbai Central 1569,Mumbai,Maharashtra,3,8612030203,store1569@zudio.in,2023-05-22,3620,15
1570,Zudio - Chennai Mall 1570,Chennai,Tamil Nadu,1,8939065193,store1570@zudio.in,2024-03-13,3538,22
1571,Zudio - Udaipur Central 1571,Udaipur,Rajasthan,1,9181763331,store1571@zudio.in,2019-05-25,1812,12
1572,Zudio - Salem Mall 1572,Salem,Tamil Nadu,1,7829639082,store1572@zudio.in,2018-05-22,3034,22
1573,Zudio - Nashik Central 1573,Nashik,Maharashtra,1,9632494871,store1573@zudio.in,2018-06-16,2920,33
1574,Zudio - Bengaluru Mall 1574,Bengaluru,Karnataka,3,9223028465,store1574@zudio.in,2018-08-13,3759,29
1575,Zudio - Ahmedabad Central 1575,Ahmedabad,Gujarat,3,8877329742,store1575@zudio.in,2018-01-15,3945,29
1576,Zudio - Bengaluru Mall 1576,Bengaluru,Karnataka,3,8184781951,store1576@zudio.in,2023-10-08,3749,25
1577,Zudio - Kota Mall 1577,Kota,Rajasthan,2,9781213443,store1577@zudio.in,2024-06-21,3099,33
1578,Zudio - Ahmedabad Central 1578,Ahmedabad,Gujarat,3,9754714791,store1578@zudio.in,2025-06-12,2719,27
1579,Zudio - Mysuru Central 1579,mysuru,Karnataka,2,8397644015,store1579@zudio.in,2019-06-22,3973,19
1580,Zudio - Delhi Mall 1580,Delhi,Delhi,2,9289136045,store1580@zudio.in,2025-12-31,4122,11
1581,Zudio - Rajkot Central 1581,Rajkot,Gujarat,3,9617858639,store1581@zudio.in,2021-01-30,3482,13
1582,Zudio - Hubli Mall 1582,Hubli,Karnataka,1,8701425934,store1582@zudio.in,2020-07-25,3082,26
1583,Zudio - Hubli Central 1583,Hubli,Karnataka,1,8521598048,store1583@zudio.in,2024-09-18,3817,18
1584,Zudio - Hubli Central 1584,Hubli,Karnataka,1,7033075671,store1584@zudio.in,2023-08-18,2186,31
1585,Zudio - Hubli Mall 1585,Hubli,Karnataka,1,7589482622,store1585@zudio.in,2019-12-11,4426,23
1586,Zudio - Delhi Central 1586,Delhi,Delhi,2,7257443012,store1586@zudio.in,2018-10-04,2474,10
1587,Zudio - Pune Central 1587,Pune,Maharashtra,2,8609228742,store1587@zudio.in,2026-01-01,3184,26
1588,Zudio - Hubli Central 1588,Hubli,Karnataka,2,7063664014,store1588@zudio.in,2019-04-24,4536,25
1589,Zudio - Ahmedabad Central 1589,Ahmedabad,Gujarat,3,7384047061,store1589@zudio.in,2026-02-06,3587,15
1590,Zudio - Ghaziabad Central 1590,Ghaziabad,Uttar Pradesh,2,7696194318,store1590@zudio.in,2024-04-29,4661,34
1591,Zudio - Jaipur Central 1591,Jaipur,Rajasthan,2,8104927363,store1591@zudio.in,2023-02-26,2459,31
1592,Zudio - Kolhapur Mall 1592,Kolhapur,Maharashtra,3,7242660601,store1592@zudio.in,2020-08-10,3805,18
1593,Zudio - Kota Mall 1593,Kota,Rajasthan,1,8780483059,store1593@zudio.in,2020-07-09,4169,25
1594,Zudio - Nagpur Mall 1594,Nagpur,Maharashtra,2,7879781079,store1594@zudio.in,2020-05-26,3517,15
1595,Zudio - Delhi Mall 1595,Delhi,Delhi,3,9413119438,store1595@zudio.in,2025-03-25,3111,10
1596,Zudio - Varanasi Central 1596,Varanasi,Uttar Pradesh,2,8102019023,store1596@zudio.in,2019-09-16,3324,10
1597,Zudio - Kolhapur Central 1597,Kolhapur,Maharashtra,3,8907378100,store1597@zudio.in,2026-01-17,3722,12
1598,Zudio - Delhi Central 1598,Delhi,Delhi,3,7675791928,store1598@zudio.in,2025-05-14,3319,13
1599,Zudio - Varanasi Mall 1599,Varanasi,Uttar Pradesh,3,8253081265,store1599@zudio.in,2021-12-13,3048,11
1600,Zudio - Kolkata Central 1600,Kolkata,West Bengal,2,7014520271,store1600@zudio.in,2022-03-07,3626,19
1601,Zudio - Nagpur Mall 1601,Nagpur,Maharashtra,1,7131020047,store1601@zudio.in,2021-04-07,2644,18
1602,Zudio - Tiruchirapalli Central 1602,Tiruchirapalli,Tamil Nadu,3,8994334209,store1602@zudio.in,2021-04-04,1939,15
1603,Zudio - Rajkot Central 1603,Rajkot,Gujarat,1,,store1603@zudio.in,2021-06-23,3384,14
1604,Zudio - Vadodara Mall 1604,Vadodara,Gujarat,3,9347593760,store1604@zudio.in,2022-01-02,2618,17
1605,Zudio - Surat Central 1605,Surat,Gujarat,3,8777611525,store1605@zudio.in,2025-08-27,3947,30
1606,Zudio - Howrah Mall 1606,Howrah,West Bengal,3,8561426279,store1606@zudio.in,2018-10-20,3660,30
1607,Zudio - Mangaluru Central 1607,Mangaluru,Karnataka,2,8172186480,store1607@zudio.in,2025-06-11,3099,25
1608,Zudio - Surat Mall 1608,Surat,Gujarat,3,9100911267,store1608@zudio.in,2019-03-08,3183,32
1609,Zudio - Mysuru Mall 1609,Mysuru,Karnataka,1,9212475586,store1609@zudio.in,2019-04-28,2885,32
1610,Zudio - Delhi Mall 1610,Delhi,Delhi,2,7622639914,store1610@zudio.in,2022-06-18,1425,19
1611,Zudio - Noida Mall 1611,Noida,Uttar Pradesh,2,8338877646,store1611@zudio.in,2018-05-20,4388,25
1612,Zudio - Surat Mall 1612,Surat,Gujarat,2,9914024056,store1612@zudio.in,2024-07-18,2206,27
1613,Zudio - Noida Central 1613,Noida,Uttar Pradesh,2,8206393694,store1613@zudio.in,2021-07-07,2534,28
1614,Zudio - Mangaluru Mall 1614,Mangaluru,Karnataka,2,7768659860,store1614@zudio.in,2018-05-18,2426,24
1615,Zudio - Agra Central 1615,Agra,Uttar Pradesh,3,7742037298,store1615@zudio.in,2020-07-27,3756,30
1616,Zudio - Dwarka Mall 1616,Dwarka,Delhi,3,7197184458,store1616@zudio.in,2022-06-05,3326,27
1617,Zudio - Jodhpur Central 1617,Jodhpur,Rajasthan,2,9411195435,store1617@zudio.in,2021-07-17,3277,11
1618,Zudio - Siliguri Mall 1618,Siliguri,West Bengal,3,9654643937,store1618@zudio.in,2025-07-08,3442,31
1619,Zudio - Siliguri Mall 1619,Siliguri,West Bengal,2,8857784668,store1619@zudio.in,2026-02-05,3553,27
1620,Zudio - Tiruchirapalli Mall 1620,Tiruchirapalli,Tamil Nadu,2,9456712916,store1620@zudio.in,2019-06-21,2943,20
1621,Zudio - Coimbatore Central 1621,Coimbatore,Tamil Nadu,1,7895848306,store1621@zudio.in,2025-04-13,3967,33
1622,Zudio - New Delhi Central 1622,New Delhi,Delhi,3,9370370816,store1622@zudio.in,2025-08-17,2158,24
1623,Zudio - Varanasi Central 1623,Varanasi,Uttar Pradesh,2,,store1623@zudio.in,2018-08-11,3440,23
1624,Zudio - Vadodara Central 1624,Vadodara,Gujarat,2,7045382846,store1624@zudio.in,2024-05-16,3295,9
1625,Zudio - Siliguri Mall 1625,Siliguri,West Bengal,2,8107891916,,2025-01-25,2903,26
1626,Zudio - Dwarka Mall 1626,Dwarka,Delhi,2,8856942224,store1626@zudio.in,2022-08-14,3288,30
1627,Zudio - Salem Mall 1627,Salem,Tamil Nadu,2,7996989527,store1627@zudio.in,2024-04-22,3304,30
1628,Zudio - Rohini Mall 1628,Rohini,Delhi,2,7707283027,store1628@zudio.in,2024-01-22,3657,20
1629,Zudio - Agra Central 1629,Agra,Uttar Pradesh,2,8920227420,store1629@zudio.in,2019-01-24,2604,23
1630,Zudio - Vadodara Mall 1630,Vadodara,Gujarat,3,8591693609,store1630@zudio.in,2025-06-22,4505,13
1631,Zudio - Vadodara Central 1631,Vadodara,Gujarat,2,7235381443,store1631@zudio.in,2025-10-09,2746,11
1632,Zudio - Delhi Mall 1632,Delhi,Delhi,3,9157043667,store1632@zudio.in,2019-04-17,4073,8
1633,Zudio - Kota Mall 1633,Kota,Rajasthan,1,7776112737,store1633@zudio.in,2023-03-01,3557,23
1634,Zudio - Howrah Central 1634,Howrah,West Bengal,2,8210085107,store1634@zudio.in,2021-04-09,1380,34
1635,Zudio - Nashik Central 1635,Nashik,Maharashtra,1,9747346696,store1635@zudio.in,2021-02-15,2602,10
1636,Zudio - Chennai Mall 1636,Chennai,Tamil Nadu,2,9224353803,store1636@zudio.in,2021-05-19,3728,30
1637,Zudio - Aurangabad Mall 1637,Aurangabad,Maharashtra,2,8913339794,,2024-08-07,2928,24
1638,Zudio - New Delhi Mall 1638,New Delhi,Delhi,1,8580676004,store1638@zudio.in,2026-02-08,3671,12
1639,Zudio - Mangaluru Central 1639,Mangaluru,Karnataka,1,7911586120,store1639@zudio.in,2021-06-18,3433,18
1640,Zudio - Siliguri Central 1640,Siliguri,West Bengal,3,8444737109,store1640@zudio.in,2024-12-06,5222,10
1641,Zudio - Siliguri Central 1641,Siliguri,West Bengal,2,8306543394,store1641@zudio.in,2024-11-13,3816,21
1642,Zudio - Bengaluru Central 1642,Bengaluru,Karnataka,2,9100835277,store1642@zudio.in,2022-12-02,2307,16
1643,Zudio - Siliguri Mall 1643,Siliguri,West Bengal,1,9856349672,store1643@zudio.in,2020-08-20,2429,34
1644,Zudio - Durgapur Mall 1644,Durgapur,West Bengal,2,8531786044,store1644@zudio.in,2023-12-11,4224,34
1645,Zudio - Nashik Central 1645,Nashik,Maharashtra,3,8603175893,store1645@zudio.in,2020-05-15,3900,27
1646,Zudio - Dwarka Mall 1646,Dwarka,Delhi,2,9914782100,store1646@zudio.in,2021-04-21,3918,16
1647,Zudio - Udaipur Mall 1647,Udaipur,Rajasthan,3,7316083724,store1647@zudio.in,2022-08-13,3822,12
1648,Zudio - Nashik Mall 1648,Nashik,Maharashtra,3,9457343433,store1648@zudio.in,2024-12-26,3939,14
1649,Zudio - Mumbai Mall 1649,Mumbai,Maharashtra,1,7627332641,store1649@zudio.in,2018-08-16,3819,19
1650,Zudio - Hubli Mall 1650,Hubli,Karnataka,3,9992125910,store1650@zudio.in,2025-07-18,2292,30
1651,Zudio - Kolkata Central 1651,Kolkata,West Bengal,2,8001099173,store1651@zudio.in,2020-12-26,3423,31
1652,Zudio - Madurai Central 1652,Madurai,Tamil Nadu,3,8278165683,store1652@zudio.in,2018-12-20,2546,17
1653,Zudio - Udaipur Mall 1653,Udaipur,Rajasthan,1,7640320217,store1653@zudio.in,2018-03-19,2181,23
1654,Zudio - Chennai Mall 1654,Chennai,Tamil Nadu,1,8431757969,store1654@zudio.in,2025-09-08,3423,19
1655,Zudio - Rohini Central 1655,Rohini,Delhi,3,7418947689,store1655@zudio.in,2025-04-28,3514,9
1656,Zudio - Howrah Mall 1656,Howrah,West Bengal,1,9232873450,store1656@zudio.in,2024-09-03,3155,19
1657,Zudio - Ahmedabad Mall 1657,Ahmedabad,Gujarat,3,8216273565,store1657@zudio.in,2018-05-18,2086,16
1658,Zudio - Udaipur Central 1658,Udaipur,Rajasthan,2,8647757246,store1658@zudio.in,2022-08-04,3391,26
1659,Zudio - Siliguri Mall 1659,Siliguri,West Bengal,2,7119812125,store1659@zudio.in,2019-12-06,3107,14
1660,Zudio - Mangaluru Central 1660,Mangaluru,Karnataka,2,8152815630,store1660@zudio.in,2022-03-09,3054,34
1661,Zudio - Dwarka Mall 1661,Dwarka,Delhi,1,7217360478,store1661@zudio.in,2023-05-15,4822,33
1662,Zudio - Rohini Mall 1662,Rohini,Delhi,2,7825490748,store1662@zudio.in,2021-08-06,2594,22
1663,Zudio - Delhi Mall 1663,Delhi,Delhi,2,8390680477,store1663@zudio.in,2018-02-02,2880,9
1664,Zudio - Noida Mall 1664,Noida,Uttar Pradesh,2,8007546917,store1664@zudio.in,2019-07-06,0,9
1665,Zudio - Mangaluru Mall 1665,Mangaluru,Karnataka,2,9729329759,store1665@zudio.in,2025-06-15,3491,19
1666,Zudio - Madurai Mall 1666,Madurai,Tamil Nadu,3,8837165523,store1666@zudio.in,2024-02-17,4101,15
1667,Zudio - Mysuru Mall 1667,Mysuru,Karnataka,3,9595377813,store1667@zudio.in,2021-03-05,2657,21
1668,Zudio - Salem Mall 1668,Salem,Tamil Nadu,3,9062959549,store1668@zudio.in,2022-08-09,3048,25
1669,Zudio - Delhi Mall 1669,Delhi,Delhi,2,7381760911,store1669@zudio.in,2020-07-01,2064,24
1670,Zudio - Rohini Central 1670,Rohini,Delhi,1,9448731517,store1670@zudio.in,2021-04-17,4727,19
1671,Zudio - Jodhpur Mall 1671,Jodhpur,Rajasthan,1,8192563794,store1671@zudio.in,2023-07-09,3165,8
1672,Zudio - Noida Mall 1672,Noida,Uttar Pradesh,3,9599849906,store1672@zudio.in,2019-04-08,2911,34
1673,Zudio - Aurangabad Mall 1673,Aurangabad,Maharashtra,3,9624056178,store1673@zudio.in,2021-04-27,1279,15
1674,Zudio - Chennai Central 1674,Chennai,Tamil Nadu,1,7949489229,store1674@zudio.in,2019-06-12,1423,18
1675,Zudio - Kota Mall 1675,Kota,Rajasthan,2,9735392340,store1675@zudio.in,2021-10-14,3466,23
1676,Zudio - Kanpur Central 1676,Kanpur,Uttar Pradesh,2,8279281254,store1676@zudio.in,2020-11-07,4492,9
1677,Zudio - Jaipur Mall 1677,jaipur,Rajasthan,2,8282393154,store1677@zudio.in,2024-08-04,3362,19
1678,Zudio - Jodhpur Central 1678,Jodhpur,Rajasthan,2,8972186110,store1678@zudio.in,2022-12-30,3809,11
1679,Zudio - New Delhi Mall 1679,New Delhi,Delhi,2,7338647152,,2023-12-25,2533,15
1680,Zudio - Jaipur Central 1680,Jaipur,Rajasthan,3,8528255342,store1680@zudio.in,2023-07-13,4966,12
1681,Zudio - Vadodara Mall 1681,Vadodara,Gujarat,1,8579148778,store1681@zudio.in,2022-03-31,2733,29
1682,Zudio - Kota Central 1682,Kota,Rajasthan,1,9892423365,store1682@zudio.in,2018-12-01,3481,21
1683,Zudio - Vadodara Mall 1683,Vadodara,Gujarat,3,7215186758,,2022-02-25,2948,14
1684,Zudio - Rajkot Mall 1684,Rajkot,Gujarat,1,8918148836,store1684@zudio.in,2022-09-09,2986,25
1685,Zudio - Chennai Central 1685,Chennai,Tamil Nadu,2,7035655614,store1685@zudio.in,2019-08-26,2814,21
1686,Zudio - Udaipur Central 1686,Udaipur,Rajasthan,2,8682963377,store1686@zudio.in,2023-12-16,2561,32
1687,Zudio - Rajkot Central 1687,Rajkot,Gujarat,2,8795080269,store1687@zudio.in,2020-09-29,2656,32
1688,Zudio - Dwarka Mall 1688,Dwarka,Delhi,1,8856860627,store1688@zudio.in,2024-12-24,2523,9
1689,Zudio - Salem Mall 1689,Salem,Tamil Nadu,3,7033686317,,2024-08-10,4535,23
1690,Zudio - Dwarka Mall 1690,Dwarka,Delhi,2,,store1690@zudio.in,2022-08-03,3226,20
1691,Zudio - Kolkata Central 1691,Kolkata,West Bengal,1,8829314280,store1691@zudio.in,2024-12-25,2963,27
1692,Zudio - Mysuru Central 1692,Mysuru,Karnataka,3,7720647259,store1692@zudio.in,2018-03-12,3781,34
1693,Zudio - Kanpur Central 1693,Kanpur,Uttar Pradesh,1,8091312071,store1693@zudio.in,2021-02-28,2833,8
1694,Zudio - Tiruchirapalli Central 1694,Tiruchirapalli,Tamil Nadu,2,8607245628,store1694@zudio.in,2023-12-01,2973,11
1695,Zudio - Noida Central 1695,Noida,Uttar Pradesh,2,8538720978,store1695@zudio.in,2026-01-28,4044,21
1696,Zudio - Kolkata Central 1696,Kolkata,West Bengal,2,9714195203,store1696@zudio.in,2021-06-22,3506,29
1697,Zudio - Ahmedabad Mall 1697,Ahmedabad,Gujarat,3,9723237723,store1697@zudio.in,2020-09-17,4129,31
1698,Zudio - Agra Central 1698,  Agra  ,Uttar Pradesh,2,8282836972,store1698@zudio.in,2023-05-17,1862,29
1699,Zudio - Udaipur Mall 1699,Udaipur,Rajasthan,2,7651862659,store1699@zudio.in,2022-07-19,2442,32
1700,Zudio - Coimbatore Mall 1700,Coimbatore,Tamil Nadu,3,9839924175,,2018-11-13,2822,10
1701,Zudio - Udaipur Mall 1701,Udaipur,Rajasthan,2,9026671127,store1701@zudio.in,2020-03-19,2486,12
1702,Zudio - Howrah Central 1702,Howrah,West Bengal,3,9936016731,,2022-08-07,4003,15
1703,Zudio - Surat Central 1703,Surat,Gujarat,1,8094275381,store1703@zudio.in,2019-07-25,3867,29
1704,Zudio - New Delhi Mall 1704,New Delhi,Delhi,2,7471321742,store1704@zudio.in,2019-08-26,3119,11
1705,Zudio - Ahmedabad Central 1705,Ahmedabad,Gujarat,2,9307710449,store1705@zudio.in,2018-09-17,3272,19
1706,Zudio - Jodhpur Mall 1706,Jodhpur,Rajasthan,1,,store1706@zudio.in,2021-03-14,4357,34
1707,Zudio - New Delhi Mall 1707,New Delhi,Delhi,1,8135169872,store1707@zudio.in,2018-02-19,3652,34
1708,Zudio - Pune Mall 1708,Pune,Maharashtra,3,7521951652,store1708@zudio.in,2018-10-13,2525,22
1709,Zudio - Mysuru Central 1709,Mysuru,Karnataka,2,9603074595,store1709@zudio.in,2022-08-31,2721,31
1710,Zudio - Ahmedabad Mall 1710,Ahmedabad,Gujarat,2,9719317986,store1710@zudio.in,2024-09-08,4458,32
1711,Zudio - Kota Central 1711,Kota,Rajasthan,3,8422750765,store1711@zudio.in,2025-06-09,3364,10
1712,Zudio - Tiruchirapalli Central 1712,Tiruchirapalli,Tamil Nadu,2,7973532032,store1712@zudio.in,2024-03-24,4853,8
1713,Zudio - Jaipur Central 1713,Jaipur,Rajasthan,2,7038329805,store1713@zudio.in,2019-09-05,2062,26
1714,Zudio - Delhi Mall 1714,Delhi,Delhi,2,8014823861,store1714@zudio.in,2025-06-10,4160,14
1715,Zudio - Howrah Mall 1715,Howrah,West Bengal,2,7082652774,store1715@zudio.in,2020-10-24,2383,16
1716,Zudio - Nashik Central 1716,Nashik,Maharashtra,1,8543560608,store1716@zudio.in,2025-06-14,4432,33
1717,Zudio - Kota Central 1717,Kota,Rajasthan,2,8221041696,store1717@zudio.in,2021-11-08,3328,9
1718,Zudio - Coimbatore Central 1718,Coimbatore,Tamil Nadu,1,9238291692,store1718@zudio.in,2022-07-23,3677,24
1719,Zudio - Ahmedabad Mall 1719,Ahmedabad,Gujarat,2,7168031758,store1719@zudio.in,2024-09-23,2938,33
1720,Zudio - Udaipur Central 1720,Udaipur,Rajasthan,2,8891563546,store1720@zudio.in,2020-08-02,4257,33
1721,Zudio - Bengaluru Central 1721,Bengaluru,Karnataka,2,7402253341,store1721@zudio.in,2026-02-11,2642,26
1722,Zudio - Chennai Central 1722,Chennai,Tamil Nadu,2,8374813755,store1722@zudio.in,2022-11-26,3429,15
1723,Zudio - Jaipur Mall 1723,Jaipur,Rajasthan,3,7221550246,store1723@zudio.in,2018-02-26,2673,10
1724,Zudio - Siliguri Mall 1724,Siliguri,West Bengal,1,,store1724@zudio.in,2022-11-24,2962,31
1725,Zudio - Rohini Central 1725,Rohini,Delhi,2,7759899726,store1725@zudio.in,2018-09-30,2858,11
1726,Zudio - Kota Central 1726,Kota,Rajasthan,1,7374917847,store1726@zudio.in,2023-04-06,4419,31
1727,Zudio - Durgapur Central 1727,Durgapur,West Bengal,2,9014221659,store1727@zudio.in,2021-06-28,1914,27
1728,Zudio - Mumbai Central 1728,Mumbai,Maharashtra,3,8080769166,store1728@zudio.in,2018-04-06,2418,8
1729,Zudio - Kota Mall 1729,Kota,Rajasthan,3,9547330921,,2020-11-04,2264,24
1730,Zudio - Noida Mall 1730,Noida,Uttar Pradesh,2,7040797314,store1730@zudio.in,2022-05-04,3559,28
1731,Zudio - Surat Mall 1731,Surat,Gujarat,1,8882576946,store1731@zudio.in,2019-04-07,3796,34
1732,Zudio - Jodhpur Central 1732,Jodhpur,Rajasthan,3,9699046146,store1732@zudio.in,2025-07-15,2570,32
1733,Zudio - Lucknow Mall 1733,Lucknow,Uttar Pradesh,3,7887020925,store1733@zudio.in,2021-03-16,2456,24
1734,Zudio - Dwarka Central 1734,Dwarka,Delhi,2,7075184652,store1734@zudio.in,2021-01-09,3089,32
1735,Zudio - Ahmedabad Central 1735,Ahmedabad,Gujarat,1,7354481953,store1735@zudio.in,2018-11-27,2362,8
1736,Zudio - Coimbatore Central 1736,Coimbatore,Tamil Nadu,1,9676570005,store1736@zudio.in,2022-08-14,2812,27
1737,Zudio - Udaipur Mall 1737,Udaipur,Rajasthan,1,8368376336,store1737@zudio.in,2022-11-21,2073,24
1738,Zudio - Madurai Mall 1738,Madurai,Tamil Nadu,2,9287861493,store1738@zudio.in,2022-04-02,2611,15
1739,Zudio - Kolhapur Mall 1739,Kolhapur,Maharashtra,3,7192944615,store1739@zudio.in,2025-07-03,3814,27
1740,Zudio - Mysuru Mall 1740,Mysuru,Karnataka,2,7458866782,store1740@zudio.in,2025-08-19,2844,27
1741,Zudio - Jodhpur Mall 1741,Jodhpur,Rajasthan,2,8139136569,store1741@zudio.in,2025-07-29,2049,14
1742,Zudio - Mysuru Central 1742,Mysuru,Karnataka,1,7906593665,store1742@zudio.in,2020-04-29,3844,15
1743,Zudio - Kota Mall 1743,Kota,Rajasthan,3,,store1743@zudio.in,2018-01-03,3456,34
1744,Zudio - Kanpur Central 1744,Kanpur,Uttar Pradesh,3,7410411648,store1744@zudio.in,2024-07-13,4131,11
1745,Zudio - Dwarka Central 1745,dwarka,Delhi,1,8096041353,store1745@zudio.in,2019-03-31,3370,29
1746,Zudio - Udaipur Mall 1746,Udaipur,Rajasthan,2,7791257685,store1746@zudio.in,2020-05-23,3601,17
1747,Zudio - Lucknow Central 1747,Lucknow,Uttar Pradesh,2,8078041118,store1747@zudio.in,2024-11-25,2137,13
1748,Zudio - Bengaluru Mall 1748,Bengaluru,Karnataka,2,7102080037,store1748@zudio.in,2021-05-08,2349,25
1749,Zudio - Varanasi Central 1749,Varanasi,Uttar Pradesh,3,,store1749@zudio.in,2024-06-18,2231,20
1750,Zudio - Jaipur Mall 1750,Jaipur,Rajasthan,3,,store1750@zudio.in,2024-01-20,2497,14
1751,Zudio - Lucknow Mall 1751,Lucknow,Uttar Pradesh,2,8129483312,store1751@zudio.in,2022-12-19,3821,29
1752,Zudio - Hubli Mall 1752,Hubli,Karnataka,2,7028280051,store1752@zudio.in,2019-01-26,3221,10
1753,Zudio - New Delhi Central 1753,New Delhi,Delhi,3,9327975265,store1753@zudio.in,2022-01-15,2280,9
1754,Zudio - Agra Mall 1754,Agra,Uttar Pradesh,2,9288555599,store1754@zudio.in,2018-10-05,4532,10
1755,Zudio - Vadodara Mall 1755,Vadodara,Gujarat,2,7984443783,store1755@zudio.in,2020-08-29,4267,19
1756,Zudio - Durgapur Central 1756,Durgapur,West Bengal,1,9639018738,store1756@zudio.in,2025-08-29,2348,33
1757,Zudio - Kota Central 1757,Kota,Rajasthan,2,9264921633,store1757@zudio.in,2019-07-13,3388,12
1758,Zudio - Pune Central 1758,Pune,Maharashtra,2,9790850641,store1758@zudio.in,2026-02-25,3123,30
1759,Zudio - Jaipur Mall 1759,Jaipur,Rajasthan,2,8250212871,store1759@zudio.in,2018-03-30,3855,10
1760,Zudio - Coimbatore Mall 1760,Coimbatore,Tamil Nadu,2,8978828945,store1760@zudio.in,2019-05-17,2996,17
1761,Zudio - Kota Central 1761,Kota,Rajasthan,3,9748921999,store1761@zudio.in,2021-03-21,3517,9
1762,Zudio - Varanasi Central 1762,Varanasi,Uttar Pradesh,3,7766320114,,2023-09-28,3701,13
1763,Zudio - Kota Mall 1763,Kota,Rajasthan,3,,store1763@zudio.in,2019-03-28,3282,26
1764,Zudio - Jaipur Mall 1764,Jaipur,Rajasthan,1,8476454222,store1764@zudio.in,2018-10-16,3680,32
1765,Zudio - Delhi Central 1765,Delhi,Delhi,3,,store1765@zudio.in,2020-05-22,2544,8
1766,Zudio - Ahmedabad Central 1766,Ahmedabad,Gujarat,2,8857524852,store1766@zudio.in,2019-08-23,3244,31
1767,Zudio - Salem Central 1767,Salem,Tamil Nadu,2,7794578272,store1767@zudio.in,2019-10-14,3617,13
1768,Zudio - Kolkata Mall 1768,Kolkata,West Bengal,2,8941853115,store1768@zudio.in,2023-07-15,3784,14
1769,Zudio - Surat Central 1769,Surat,Gujarat,1,8938395241,store1769@zudio.in,2025-12-03,2951,29
1770,Zudio - Noida Central 1770,Noida,Uttar Pradesh,2,7960740636,store1770@zudio.in,2022-05-11,3685,22
1771,Zudio - Kota Mall 1771,Kota,Rajasthan,2,8995461481,store1771@zudio.in,2023-07-08,3631,12
1772,Zudio - Kota Central 1772,Kota,Rajasthan,2,7878966307,store1772@zudio.in,2025-09-25,2782,29
1773,Zudio - Nagpur Central 1773,Nagpur,Maharashtra,3,,store1773@zudio.in,2020-10-09,4162,33
1774,Zudio - Mangaluru Mall 1774,Mangaluru,Karnataka,2,9703026752,store1774@zudio.in,2023-05-22,4129,16
1775,Zudio - Nagpur Mall 1775,Nagpur,Maharashtra,2,8476072272,store1775@zudio.in,2021-12-31,3994,18
1776,Zudio - Mysuru Central 1776,Mysuru,Karnataka,1,9656076357,store1776@zudio.in,2025-06-07,2408,34
1777,Zudio - Vadodara Mall 1777,Vadodara,Gujarat,3,8157047834,store1777@zudio.in,2024-02-03,1200,27
1778,Zudio - Mangaluru Central 1778,Mangaluru,Karnataka,3,,store1778@zudio.in,2025-06-26,3366,31
1779,Zudio - Kanpur Central 1779,Kanpur,Uttar Pradesh,2,7811017720,store1779@zudio.in,2025-12-05,2645,29
1780,Zudio - Bengaluru Central 1780,Bengaluru,Karnataka,3,8654630178,store1780@zudio.in,2022-07-12,3828,14
1781,Zudio - Jodhpur Central 1781,Jodhpur,Rajasthan,3,9913823342,store1781@zudio.in,2026-02-09,1960,28
1782,Zudio - Jaipur Central 1782,Jaipur,Rajasthan,1,7059877504,store1782@zudio.in,2022-04-22,1769,25
1783,Zudio - Howrah Central 1783,Howrah,West Bengal,2,7669951856,store1783@zudio.in,2019-05-25,3761,10
1784,Zudio - Kolhapur Central 1784,Kolhapur,Maharashtra,2,8939414643,store1784@zudio.in,2025-07-30,3026,20
1785,Zudio - Pune Mall 1785,Pune,Maharashtra,1,8454241473,store1785@zudio.in,2024-12-24,3673,22
1786,Zudio - Tiruchirapalli Mall 1786,Tiruchirapalli,Tamil Nadu,2,8956999495,store1786@zudio.in,2024-12-14,2873,27
1787,Zudio - Agra Central 1787,Agra,Uttar Pradesh,3,9768198813,store1787@zudio.in,2025-07-27,3538,12
1788,Zudio - New Delhi Central 1788,New Delhi,Delhi,3,,store1788@zudio.in,2020-06-02,2662,34
1789,Zudio - Noida Mall 1789,Noida,Uttar Pradesh,3,8038368961,store1789@zudio.in,2025-07-10,3583,14
1790,Zudio - Delhi Central 1790,Delhi,Delhi,3,9420017755,store1790@zudio.in,2022-11-04,2654,23
1791,Zudio - Mangaluru Mall 1791,Mangaluru,Karnataka,1,8232025526,store1791@zudio.in,2019-07-04,3471,31
1792,Zudio - Dwarka Central 1792,Dwarka,Delhi,3,7105924351,store1792@zudio.in,2018-12-06,3051,11
1793,Zudio - Hubli Mall 1793,Hubli,Karnataka,3,8027739308,store1793@zudio.in,2024-11-15,4502,28
1794,Zudio - Rohini Mall 1794,Rohini,Delhi,2,9476374851,store1794@zudio.in,2019-03-02,3335,25
1795,Zudio - Vadodara Central 1795,Vadodara,Gujarat,1,8727585511,store1795@zudio.in,2020-05-16,2235,23
1796,Zudio - New Delhi Mall 1796,New Delhi,Delhi,2,8926970070,store1796@zudio.in,2024-04-26,3642,14
1797,Zudio - Varanasi Central 1797,Varanasi,Uttar Pradesh,1,8438472081,store1797@zudio.in,2020-11-13,3287,34
1798,Zudio - Durgapur Mall 1798,Durgapur,West Bengal,2,7987825883,store1798@zudio.in,2018-12-01,1883,9
1799,Zudio - Surat Mall 1799,Surat,Gujarat,1,,store1799@zudio.in,2024-08-18,2196,12
1800,Zudio - Ahmedabad Mall 1800,Ahmedabad,Gujarat,3,9826160772,store1800@zudio.in,2018-05-17,2732,20
1801,Zudio - Delhi Central 1801,Delhi,Delhi,3,8038028061,store1801@zudio.in,2022-10-09,2715,10
1802,Zudio - Delhi Central 1802,Delhi,Delhi,2,7737973257,store1802@zudio.in,2021-03-02,2673,11
1803,Zudio - Udaipur Central 1803,Udaipur,Rajasthan,1,9044464527,store1803@zudio.in,2020-06-06,0,34
1804,Zudio - Mysuru Central 1804,Mysuru,Karnataka,2,7249118139,store1804@zudio.in,2020-06-11,2471,28
1805,Zudio - Mangaluru Mall 1805,Mangaluru,Karnataka,3,7690599989,store1805@zudio.in,2021-09-17,3186,10
1806,Zudio - Lucknow Central 1806,Lucknow,Uttar Pradesh,2,7706983737,store1806@zudio.in,2023-05-24,4031,27
1807,Zudio - Vadodara Central 1807,Vadodara,Gujarat,2,8249211508,store1807@zudio.in,2019-04-26,3451,33
1808,Zudio - Vadodara Mall 1808,Vadodara,Gujarat,1,9483339540,store1808@zudio.in,2019-06-07,3258,19
1809,Zudio - Lucknow Central 1809,Lucknow,Uttar Pradesh,3,7650662823,store1809@zudio.in,2021-11-04,3603,16
1810,Zudio - Noida Mall 1810,Noida,Uttar Pradesh,2,7925199728,store1810@zudio.in,2019-11-21,3573,31
1811,Zudio - Vadodara Central 1811,Vadodara,Gujarat,2,7567473938,store1811@zudio.in,2018-05-31,4205,26
1812,Zudio - Rohini Mall 1812,Rohini,Delhi,3,8236741222,store1812@zudio.in,2023-06-22,4857,26
1813,Zudio - Agra Central 1813,Agra,Uttar Pradesh,3,9337287518,store1813@zudio.in,2019-05-13,3491,34
1814,Zudio - Rohini Central 1814,Rohini,Delhi,2,8305164920,,2024-07-15,3721,15
1815,Zudio - Jaipur Mall 1815,Jaipur,Rajasthan,2,8334765375,store1815@zudio.in,2018-03-18,3043,33
1816,Zudio - Delhi Central 1816,Delhi,Delhi,1,7422212314,store1816@zudio.in,2020-07-21,3235,9
1817,Zudio - Salem Central 1817,Salem,Tamil Nadu,3,9441383035,store1817@zudio.in,2023-04-14,2407,32
1818,Zudio - Dwarka Central 1818,Dwarka,Delhi,2,8028353728,store1818@zudio.in,2022-12-22,3793,17
1819,Zudio - Varanasi Mall 1819,Varanasi,Uttar Pradesh,3,8932356117,store1819@zudio.in,2024-10-27,4487,33
1820,Zudio - Noida Central 1820,Noida,Uttar Pradesh,3,9793078241,store1820@zudio.in,2021-10-09,3436,23
1821,Zudio - Ahmedabad Mall 1821,Ahmedabad,Gujarat,2,9311998676,store1821@zudio.in,2023-02-21,3299,18
1822,Zudio - Agra Mall 1822,Agra,Uttar Pradesh,2,9296482770,,2020-05-07,3183,12
1823,Zudio - Ghaziabad Mall 1823,Ghaziabad,Uttar Pradesh,3,8246898822,store1823@zudio.in,2024-09-17,4391,31
1824,Zudio - Ahmedabad Mall 1824,Ahmedabad,Gujarat,1,8247414195,store1824@zudio.in,2019-04-26,3575,28
1825,Zudio - Kanpur Mall 1825,Kanpur,Uttar Pradesh,1,8081669745,,2019-07-24,2310,9
1826,Zudio - Noida Mall 1826,Noida,Uttar Pradesh,1,8169365953,store1826@zudio.in,2026-02-24,2486,9
1827,Zudio - Mumbai Central 1827,Mumbai,Maharashtra,3,7768668200,store1827@zudio.in,2024-09-08,4370,25
1828,Zudio - Agra Mall 1828,Agra,Uttar Pradesh,2,8810375443,store1828@zudio.in,2020-12-10,3013,21
1829,Zudio - Delhi Mall 1829,Delhi,Delhi,1,8482321814,store1829@zudio.in,2021-02-25,5366,27
1830,Zudio - Hubli Central 1830,Hubli,Karnataka,1,9880679946,store1830@zudio.in,2018-02-03,4725,10
1831,Zudio - Udaipur Mall 1831,Udaipur,Rajasthan,2,8471278123,store1831@zudio.in,2020-03-09,2935,9
1832,Zudio - Jaipur Mall 1832,Jaipur,Rajasthan,1,9874510114,store1832@zudio.in,2024-01-09,3522,26
1833,Zudio - Madurai Central 1833,Madurai,Tamil Nadu,2,9041428667,store1833@zudio.in,2025-11-16,3268,17
1834,Zudio - Nagpur Central 1834,Nagpur,Maharashtra,3,9599730880,store1834@zudio.in,2023-05-12,2008,24
1835,Zudio - Mysuru Central 1835,Mysuru,Karnataka,2,9692036325,store1835@zudio.in,2022-03-17,3619,18
1836,Zudio - Durgapur Central 1836,Durgapur,West Bengal,2,8021076597,store1836@zudio.in,2024-11-05,4665,11
1837,Zudio - Kolkata Mall 1837,Kolkata,West Bengal,1,7777096482,store1837@zudio.in,2024-01-01,3816,23
1838,Zudio - Siliguri Mall 1838,Siliguri,West Bengal,2,7717159375,store1838@zudio.in,2022-02-12,3576,16
1839,Zudio - Lucknow Central 1839,Lucknow,Uttar Pradesh,2,9949071326,store1839@zudio.in,2020-11-14,1249,28
1840,Zudio - Coimbatore Central 1840,Coimbatore,Tamil Nadu,1,8114840976,store1840@zudio.in,2024-03-14,5872,21
1841,Zudio - Varanasi Mall 1841,Varanasi,Uttar Pradesh,3,8713025283,store1841@zudio.in,2021-04-16,1827,8
1842,Zudio - Nashik Central 1842,Nashik,Maharashtra,2,9455297826,store1842@zudio.in,2020-03-26,4480,25
1843,Zudio - Jaipur Central 1843,Jaipur,Rajasthan,2,9596136238,store1843@zudio.in,2024-06-11,3265,19
1844,Zudio - Madurai Mall 1844,Madurai,Tamil Nadu,1,8161647397,store1844@zudio.in,2019-12-06,1426,24
1845,Zudio - Hubli Central 1845,Hubli,Karnataka,3,7143993281,store1845@zudio.in,2019-09-10,2802,18
1846,Zudio - Lucknow Mall 1846,Lucknow,Uttar Pradesh,2,9439017915,store1846@zudio.in,2018-06-13,1923,14
1847,Zudio - Howrah Mall 1847,Howrah,West Bengal,2,8565573698,store1847@zudio.in,2025-10-03,4007,30
1848,Zudio - Bengaluru Mall 1848,Bengaluru,Karnataka,1,9376714796,store1848@zudio.in,2021-03-27,3847,9
1849,Zudio - Kolkata Central 1849,Kolkata,West Bengal,1,8940360531,store1849@zudio.in,2023-12-17,1854,27
1850,Zudio - Rajkot Central 1850,Rajkot,Gujarat,3,,store1850@zudio.in,2018-07-24,1921,30
1851,Zudio - Howrah Central 1851,Howrah,West Bengal,3,7549678488,store1851@zudio.in,2021-02-23,3110,12
1852,Zudio - Coimbatore Mall 1852,Coimbatore,Tamil Nadu,3,7698885455,store1852@zudio.in,2018-07-03,4080,21
1853,Zudio - Chennai Mall 1853,Chennai,Tamil Nadu,2,8319213333,store1853@zudio.in,2023-05-18,1200,23
1854,Zudio - Jodhpur Central 1854,Jodhpur,Rajasthan,2,9538078992,store1854@zudio.in,2018-06-02,3638,21
1855,Zudio - Kota Mall 1855,Kota,Rajasthan,2,7090816170,store1855@zudio.in,2025-01-02,4269,15
1856,Zudio - Rajkot Mall 1856,Rajkot,Gujarat,3,7845388318,store1856@zudio.in,2025-05-01,2371,16
1857,Zudio - Chennai Central 1857,Chennai,Tamil Nadu,3,9999363945,store1857@zudio.in,2023-04-01,1937,23
1858,Zudio - Howrah Central 1858,Howrah,West Bengal,3,7375347534,store1858@zudio.in,2019-07-16,3272,10
1859,Zudio - Mangaluru Central 1859,Mangaluru,Karnataka,2,8952135937,store1859@zudio.in,2018-04-01,3630,12
1860,Zudio - Mumbai Central 1860,Mumbai,Maharashtra,1,9893072320,store1860@zudio.in,2019-08-21,3865,17
1861,Zudio - Ahmedabad Central 1861,Ahmedabad,Gujarat,2,8933494489,store1861@zudio.in,2022-12-19,3185,30
1862,Zudio - Agra Central 1862,Agra,Uttar Pradesh,3,9677761062,store1862@zudio.in,2019-12-13,4451,25
1863,Zudio - Surat Central 1863,Surat,Gujarat,2,8142122994,store1863@zudio.in,2021-06-16,3950,12
1864,Zudio - Hubli Central 1864,Hubli,Karnataka,2,8797725256,store1864@zudio.in,2021-11-08,3357,34
1865,Zudio - Ahmedabad Central 1865,Ahmedabad,Gujarat,2,8868084266,store1865@zudio.in,2021-05-04,2778,10
1866,Zudio - Surat Central 1866,Surat,Gujarat,2,7318247963,store1866@zudio.in,2023-04-20,3295,15
1867,Zudio - Jodhpur Central 1867,Jodhpur,Rajasthan,3,9071683212,store1867@zudio.in,2022-10-04,2992,33
1868,Zudio - Kolhapur Mall 1868,Kolhapur,Maharashtra,2,,store1868@zudio.in,2021-05-20,3457,32
1869,Zudio - Howrah Central 1869,Howrah,West Bengal,1,9916660047,store1869@zudio.in,2023-10-12,3596,15
1870,Zudio - Ahmedabad Mall 1870,Ahmedabad,Gujarat,2,9659728673,store1870@zudio.in,2020-07-30,4128,24
1871,Zudio - Madurai Mall 1871,Madurai,Tamil Nadu,2,8219595736,store1871@zudio.in,2023-09-05,1555,21
1872,Zudio - Lucknow Mall 1872,Lucknow,Uttar Pradesh,1,9142850362,store1872@zudio.in,2024-06-02,3731,27
1873,Zudio - Jaipur Central 1873,Jaipur,Rajasthan,2,8289182075,store1873@zudio.in,2022-11-28,2208,10
1874,Zudio - Surat Central 1874,Surat,Gujarat,3,7126770014,store1874@zudio.in,2022-11-10,3452,13
1875,Zudio - Madurai Mall 1875,Madurai,Tamil Nadu,3,9969056842,store1875@zudio.in,2018-01-03,1828,11
1876,Zudio - Aurangabad Mall 1876,Aurangabad,Maharashtra,3,8645711134,store1876@zudio.in,2021-01-28,2708,31
1877,Zudio - Kanpur Central 1877,Kanpur,Uttar Pradesh,1,8480178233,store1877@zudio.in,2020-12-27,3618,25
1878,Zudio - Dwarka Mall 1878,Dwarka,Delhi,1,8556962461,store1878@zudio.in,2024-10-04,2943,24
1879,Zudio - Aurangabad Central 1879,Aurangabad,Maharashtra,3,7557778644,store1879@zudio.in,2021-01-08,3508,9
1880,Zudio - Mysuru Central 1880,Mysuru,Karnataka,2,7736868245,store1880@zudio.in,2022-06-03,3630,11
1881,Zudio - Ahmedabad Central 1881,Ahmedabad,Gujarat,2,8989299660,store1881@zudio.in,2023-02-15,4117,25
1882,Zudio - Rohini Central 1882,Rohini,Delhi,3,8993873048,store1882@zudio.in,2018-11-16,3272,14
1883,Zudio - Ahmedabad Mall 1883,Ahmedabad,Gujarat,2,7531474938,store1883@zudio.in,2020-05-18,2276,23
1884,Zudio - Aurangabad Central 1884,Aurangabad,Maharashtra,2,9164784939,store1884@zudio.in,2021-05-07,2881,8
1885,Zudio - Mangaluru Central 1885,Mangaluru,Karnataka,1,8644915283,store1885@zudio.in,2025-06-14,2933,18
1886,Zudio - Coimbatore Central 1886,Coimbatore,Tamil Nadu,2,9276937566,store1886@zudio.in,2020-07-20,2853,18
1887,Zudio - Chennai Central 1887,Chennai,Tamil Nadu,2,9836089101,,2025-08-24,2771,16
1888,Zudio - Howrah Mall 1888,Howrah,West Bengal,2,7163410351,store1888@zudio.in,2022-09-24,3577,23
1889,Zudio - Varanasi Central 1889,Varanasi,Uttar Pradesh,1,8877454881,store1889@zudio.in,2019-01-16,3306,30
1890,Zudio - Aurangabad Mall 1890,Aurangabad,Maharashtra,3,8289156539,store1890@zudio.in,2020-02-06,3837,24
1891,Zudio - Nashik Mall 1891,Nashik,Maharashtra,2,7815060462,store1891@zudio.in,2025-08-22,2579,20
1892,Zudio - Kolhapur Central 1892,Kolhapur,Maharashtra,2,7660396929,store1892@zudio.in,2024-06-27,2273,12
1893,Zudio - Ghaziabad Mall 1893,Ghaziabad,Uttar Pradesh,2,7655960650,store1893@zudio.in,2022-09-15,4138,9
1894,Zudio - Vadodara Central 1894,VADODARA,Gujarat,3,,store1894@zudio.in,2020-11-27,3235,11
1895,Zudio - Surat Central 1895,Surat,Gujarat,3,9174073587,store1895@zudio.in,2025-12-19,2521,27
1896,Zudio - Howrah Mall 1896,Howrah,West Bengal,2,9635695456,store1896@zudio.in,2023-01-15,1992,14
1897,Zudio - Jodhpur Mall 1897,Jodhpur,Rajasthan,2,,store1897@zudio.in,2025-01-09,2125,12
1898,Zudio - Jodhpur Central 1898,Jodhpur,Rajasthan,3,7185478523,store1898@zudio.in,2018-06-02,2097,15
1899,Zudio - Howrah Central 1899,Howrah,West Bengal,2,9164291634,store1899@zudio.in,2024-04-15,4045,25
1900,Zudio - Agra Mall 1900,Agra,Uttar Pradesh,3,7769377584,store1900@zudio.in,2021-05-31,2622,23
1901,Zudio - Delhi Central 1901,Delhi,Delhi,3,9500638686,store1901@zudio.in,2022-03-18,4069,10
1902,Zudio - Kanpur Mall 1902,Kanpur,Uttar Pradesh,2,7688536458,store1902@zudio.in,2020-04-27,2284,33
1903,Zudio - Jaipur Central 1903,Jaipur,Rajasthan,3,7841357868,store1903@zudio.in,2021-08-29,2769,25
1904,Zudio - Surat Mall 1904,Surat,Gujarat,1,8847628028,store1904@zudio.in,2025-02-14,4373,18
1905,Zudio - Rajkot Mall 1905,Rajkot,Gujarat,3,7614593137,store1905@zudio.in,2023-12-12,3317,26
1906,Zudio - Hubli Central 1906,Hubli,Karnataka,2,9932415488,store1906@zudio.in,2021-04-07,3285,20
1907,Zudio - Mysuru Mall 1907,Mysuru,Karnataka,3,7551595864,store1907@zudio.in,2024-07-02,4287,22
1908,Zudio - Dwarka Central 1908,Dwarka,Delhi,2,9923523207,store1908@zudio.in,2025-10-14,2858,20
1909,Zudio - Salem Mall 1909,Salem,Tamil Nadu,2,7856787816,store1909@zudio.in,2021-11-24,3028,21
1910,Zudio - Howrah Central 1910,Howrah,West Bengal,2,7141187992,store1910@zudio.in,2020-08-23,1740,33
1911,Zudio - Vadodara Central 1911,Vadodara,Gujarat,2,8770470623,store1911@zudio.in,2024-04-05,2706,13
1912,Zudio - Lucknow Mall 1912,Lucknow,Uttar Pradesh,2,7581595995,store1912@zudio.in,2025-12-16,3365,33
1913,Zudio - Vadodara Mall 1913,Vadodara,Gujarat,2,8802680757,store1913@zudio.in,2020-02-09,2373,30
1914,Zudio - Bengaluru Mall 1914,Bengaluru,Karnataka,3,9133517905,store1914@zudio.in,2021-07-17,2564,21
1915,Zudio - Ghaziabad Central 1915,Ghaziabad,Uttar Pradesh,2,7830073114,store1915@zudio.in,2018-11-13,2731,32
1916,Zudio - Kota Central 1916,Kota,Rajasthan,1,9663480373,store1916@zudio.in,2019-09-15,4442,23
1917,Zudio - Mangaluru Mall 1917,Mangaluru,Karnataka,2,8188191841,store1917@zudio.in,2020-08-21,3886,16
1918,Zudio - Rohini Central 1918,Rohini,Delhi,3,8445814835,store1918@zudio.in,2022-07-01,3190,23
1919,Zudio - Coimbatore Central 1919,Coimbatore,Tamil Nadu,1,7814443659,store1919@zudio.in,2023-01-23,3118,10
1920,Zudio - Mangaluru Mall 1920,Mangaluru,Karnataka,1,9668373020,store1920@zudio.in,2020-10-17,2851,18
1921,Zudio - Agra Mall 1921,Agra,Uttar Pradesh,3,,store1921@zudio.in,2021-09-30,3540,10
1922,Zudio - Kolkata Central 1922,Kolkata,West Bengal,2,8831643032,store1922@zudio.in,2026-01-31,3217,23
1923,Zudio - Kota Mall 1923,Kota,Rajasthan,2,9679173174,store1923@zudio.in,2023-03-07,3303,20
1924,Zudio - New Delhi Mall 1924,New Delhi,Delhi,3,8867910191,store1924@zudio.in,2019-04-17,2318,24
1925,Zudio - Kolhapur Central 1925,Kolhapur,Maharashtra,3,9182258231,store1925@zudio.in,2018-12-25,3583,14
1926,Zudio - New Delhi Mall 1926,New Delhi,Delhi,2,7022476859,store1926@zudio.in,2019-03-24,3463,17
1927,Zudio - New Delhi Central 1927,New Delhi,Delhi,3,9623677102,,2022-05-20,2667,34
1928,Zudio - Mysuru Mall 1928,Mysuru,Karnataka,1,8355927201,store1928@zudio.in,2018-09-08,2835,23
1929,Zudio - Mysuru Mall 1929,MYSURU,Karnataka,2,7431315172,store1929@zudio.in,2020-05-19,3787,11
1930,Zudio - Udaipur Central 1930,Udaipur,Rajasthan,3,7689186358,store1930@zudio.in,2020-08-26,1881,29
1931,Zudio - Jaipur Central 1931,Jaipur,Rajasthan,3,8668944527,store1931@zudio.in,2019-11-21,2906,9
1932,Zudio - Dwarka Mall 1932,Dwarka,Delhi,1,9119621785,store1932@zudio.in,2021-04-05,3521,33
1933,Zudio - Ahmedabad Mall 1933,Ahmedabad,Gujarat,2,7107382093,store1933@zudio.in,2024-01-23,2112,14
1934,Zudio - Agra Mall 1934,Agra,Uttar Pradesh,3,7211713869,store1934@zudio.in,2019-02-06,3066,28
1935,Zudio - Vadodara Mall 1935,Vadodara,Gujarat,2,9127145141,store1935@zudio.in,2019-11-17,1996,9
1936,Zudio - Ghaziabad Mall 1936,Ghaziabad,Uttar Pradesh,3,7924635716,store1936@zudio.in,2025-01-02,1773,18
1937,Zudio - Kota Mall 1937,Kota,Rajasthan,1,8413963856,store1937@zudio.in,2022-02-12,2738,27
1938,Zudio - Pune Central 1938,Pune,Maharashtra,2,8259724721,store1938@zudio.in,2025-12-14,4209,22
1939,Zudio - Vadodara Central 1939,Vadodara,Gujarat,2,8037960874,store1939@zudio.in,2023-06-05,3156,29
1940,Zudio - Jaipur Mall 1940,Jaipur,Rajasthan,3,7836582054,store1940@zudio.in,2019-08-07,4344,19
1941,Zudio - Jodhpur Central 1941,Jodhpur,Rajasthan,3,9183513650,store1941@zudio.in,2018-08-18,2049,15
1942,Zudio - Chennai Central 1942,Chennai,Tamil Nadu,1,7805350929,store1942@zudio.in,2025-03-04,2933,15
1943,Zudio - Surat Central 1943,Surat,Gujarat,2,7354138675,store1943@zudio.in,2024-10-06,2184,10
1944,Zudio - Durgapur Mall 1944,DURGAPUR,West Bengal,2,7879850669,store1944@zudio.in,2024-10-06,2781,24
1945,Zudio - Jodhpur Mall 1945,Jodhpur,Rajasthan,2,7045811673,store1945@zudio.in,2024-03-27,4040,31
1946,Zudio - Ahmedabad Central 1946,Ahmedabad,Gujarat,1,,store1946@zudio.in,2020-12-10,2455,9
1947,Zudio - Bengaluru Mall 1947,Bengaluru,Karnataka,1,7263624294,store1947@zudio.in,2021-07-27,2503,24
1948,Zudio - Durgapur Mall 1948,Durgapur,West Bengal,2,7343222784,store1948@zudio.in,2019-07-13,4783,20
1949,Zudio - Mangaluru Central 1949,Mangaluru,Karnataka,3,8672767928,store1949@zudio.in,2023-10-07,3465,27
1950,Zudio - Ahmedabad Central 1950,Ahmedabad,Gujarat,2,8426189212,store1950@zudio.in,2023-01-30,3438,14
1951,Zudio - Mysuru Mall 1951,Mysuru,Karnataka,1,9273629789,store1951@zudio.in,2024-06-30,3080,30
1952,Zudio - Jaipur Mall 1952,JAIPUR,Rajasthan,2,8640426620,store1952@zudio.in,2018-10-08,4074,19
1953,Zudio - Delhi Mall 1953,Delhi,Delhi,2,7970080063,store1953@zudio.in,2021-03-07,4139,34
1954,Zudio - Rohini Mall 1954,rohini,Delhi,2,7590634559,store1954@zudio.in,2018-08-05,2194,10
1955,Zudio - Rajkot Mall 1955,Rajkot,Gujarat,3,8981832057,store1955@zudio.in,2019-02-02,3136,33
1956,Zudio - Delhi Central 1956,Delhi,Delhi,3,8624424236,store1956@zudio.in,2022-12-27,2791,17
1957,Zudio - Ahmedabad Mall 1957,Ahmedabad,Gujarat,3,9155078888,store1957@zudio.in,2020-05-03,3467,20
1958,Zudio - Mumbai Mall 1958,Mumbai,Maharashtra,2,8339733660,store1958@zudio.in,2023-07-10,3843,28
1959,Zudio - Tiruchirapalli Mall 1959,TIRUCHIRAPALLI,Tamil Nadu,1,9275227788,store1959@zudio.in,2024-05-02,1641,20
1960,Zudio - Jodhpur Mall 1960,Jodhpur,Rajasthan,1,9172334050,store1960@zudio.in,2025-08-24,2986,10
1961,Zudio - Durgapur Mall 1961,Durgapur,West Bengal,3,8467163749,,2021-09-03,3658,26
1962,Zudio - Coimbatore Central 1962,Coimbatore,Tamil Nadu,2,9709771294,store1962@zudio.in,2018-04-20,2633,18
1963,Zudio - Ghaziabad Mall 1963,Ghaziabad,Uttar Pradesh,3,7665321079,store1963@zudio.in,2019-01-19,3147,17
1964,Zudio - Jodhpur Mall 1964,Jodhpur,Rajasthan,3,8714948555,store1964@zudio.in,2023-07-23,3248,17
1965,Zudio - Rohini Central 1965,Rohini,Delhi,1,7247021361,store1965@zudio.in,2023-11-04,4303,27
1966,Zudio - Vadodara Mall 1966,Vadodara,Gujarat,2,9360929685,store1966@zudio.in,2021-11-06,4155,8
1967,Zudio - Mangaluru Mall 1967,Mangaluru,Karnataka,2,8038143428,store1967@zudio.in,2025-07-13,2014,33
1968,Zudio - Howrah Mall 1968,Howrah,West Bengal,1,7740864440,store1968@zudio.in,2023-05-03,3807,16
1969,Zudio - Tiruchirapalli Mall 1969,Tiruchirapalli,Tamil Nadu,3,9533172907,store1969@zudio.in,2019-10-24,2629,25
1970,Zudio - Noida Central 1970,Noida,Uttar Pradesh,2,8293938423,store1970@zudio.in,2024-05-18,4498,31
1971,Zudio - Chennai Mall 1971,Chennai,Tamil Nadu,2,7429623420,store1971@zudio.in,2020-05-17,3500,25
1972,Zudio - Ghaziabad Mall 1972,Ghaziabad,Uttar Pradesh,2,8870164462,store1972@zudio.in,2022-04-09,4140,22
1973,Zudio - Durgapur Mall 1973,Durgapur,West Bengal,1,7872887065,store1973@zudio.in,2023-11-15,3622,24
1974,Zudio - Dwarka Mall 1974,Dwarka,Delhi,3,9871967017,store1974@zudio.in,2021-02-18,3990,29
1975,Zudio - Dwarka Mall 1975,Dwarka,Delhi,3,8186721982,store1975@zudio.in,2024-01-30,3013,19
1976,Zudio - Mysuru Mall 1976,Mysuru,Karnataka,2,8831520358,store1976@zudio.in,2020-07-24,3394,31
1977,Zudio - Madurai Central 1977,Madurai,Tamil Nadu,2,7147039246,store1977@zudio.in,2018-09-09,2538,23
1978,Zudio - Mysuru Mall 1978,Mysuru,Karnataka,2,7616743314,,2020-07-24,1200,34
1979,Zudio - Jaipur Central 1979,Jaipur,Rajasthan,2,8802464518,store1979@zudio.in,2022-03-10,4655,29
1980,Zudio - Mysuru Central 1980,Mysuru,Karnataka,3,7422025226,store1980@zudio.in,2021-12-25,3088,18
1981,Zudio - Kolkata Central 1981,Kolkata,West Bengal,3,8057448538,store1981@zudio.in,2021-01-31,3089,12
1982,Zudio - Dwarka Central 1982,Dwarka,Delhi,2,7937050728,store1982@zudio.in,2026-01-08,4155,29
1983,Zudio - Kolhapur Central 1983,Kolhapur,Maharashtra,2,8198990838,store1983@zudio.in,2018-10-12,3541,28
1984,Zudio - Surat Central 1984,Surat,Gujarat,2,8591875829,store1984@zudio.in,2020-07-05,1769,13
1985,Zudio - Jaipur Mall 1985,Jaipur,Rajasthan,1,9736227297,store1985@zudio.in,2019-02-18,2471,16
1986,Zudio - Surat Mall 1986,Surat,Gujarat,3,8977538586,store1986@zudio.in,2022-06-08,4078,24
1987,Zudio - Hubli Central 1987,Hubli,Karnataka,2,8051653027,store1987@zudio.in,2019-06-01,2656,21
1988,Zudio - Rajkot Central 1988,Rajkot,Gujarat,1,8547215746,store1988@zudio.in,2020-11-02,2483,9
1989,Zudio - Udaipur Mall 1989,Udaipur,Rajasthan,2,9758699874,store1989@zudio.in,2022-05-03,3778,18
1990,Zudio - Ahmedabad Central 1990,Ahmedabad,Gujarat,1,7141853924,store1990@zudio.in,2025-01-10,2363,20
1991,Zudio - Rajkot Mall 1991,Rajkot,Gujarat,2,9471823038,store1991@zudio.in,2025-02-06,1747,17
1992,Zudio - Siliguri Central 1992,Siliguri,West Bengal,1,9943817014,store1992@zudio.in,2020-03-10,3218,20
1993,Zudio - Coimbatore Central 1993,Coimbatore,Tamil Nadu,3,8723373380,store1993@zudio.in,2021-06-05,4049,19
1994,Zudio - Vadodara Central 1994,Vadodara,Gujarat,3,9836567097,store1994@zudio.in,2024-03-15,4350,16
1995,Zudio - Madurai Central 1995,Madurai,Tamil Nadu,3,9476920643,store1995@zudio.in,2022-03-16,2606,8
1996,Zudio - Rohini Mall 1996,Rohini,Delhi,3,8744831807,store1996@zudio.in,2018-11-02,3145,29
1997,Zudio - Ghaziabad Mall 1997,Ghaziabad,Uttar Pradesh,1,7372764037,store1997@zudio.in,2021-11-27,2784,27
1998,Zudio - Kolhapur Mall 1998,Kolhapur,Maharashtra,2,7453286302,store1998@zudio.in,2018-08-29,2032,11
1999,Zudio - Udaipur Mall 1999,Udaipur,Rajasthan,2,9620743320,store1999@zudio.in,2023-04-23,2686,26
2000,Zudio - Delhi Central 2000,Delhi,Delhi,1,9490027678,store2000@zudio.in,2025-05-28,4456,18
52,Zudio - Rajkot Mall 52,Rajkot,Gujarat,1,7623568376,store52@zudio.in,2022-01-20,3055,28
1328,Zudio - Durgapur Mall 1328,Durgapur,West Bengal,1,9337223390,store1328@zudio.in,2023-12-03,3143,11
1489,Zudio - Noida Central 1489,  Noida  ,Uttar Pradesh,3,9891256245,store1489@zudio.in,2020-03-01,3047,24
1433,Zudio - Agra Central 1433,Agra,Uttar Pradesh,2,7667395234,store1433@zudio.in,2025-04-23,2294,14
418,Zudio - Vadodara Mall 418,Vadodara,Gujarat,3,7556757382,store418@zudio.in,2018-12-20,1599,33
